flight_date_id,route_id,check_in_week_id,destination_id,destination_name,brand_id,brand_name,region_id,region_name,flight_num,origin_code,origin_city,dest_airport_code,category,week_start,week_label,season,departure_date,departure_time,capacity_eco,capacity_biz,capacity_total,sold_eco,sold_biz,sold_total,unsold_total,current_lf_pct,forecast_lf_pct,target_lf_pct,current_fare_eco,rec_fare_eco,current_margin_eco,rec_margin_eco,fare_delta_eco,current_fare_biz,rec_fare_biz,current_margin_biz,rec_margin_biz,fare_delta_biz,blended_fare,rate_of_sale,rate_of_sale_target,ros_pct_of_target,comp1_name,comp1_fare,comp2_name,comp2_fare,cheapest_comp_fare,comp_delta,beds_to_seats_ratio,beds_seats_label,has_cost_change,auto_changed,auto_changed_rule,price_locked,lock_reason,lock_until,capacity_alert,last_evaluated_at,last_modified_at,last_modified_by_name
WG107-YYZ-CUN-20260705,WG107-YYZ-CUN,1,CUN,Cancun,SUNWING,Sunwing,MEXICO,Mexico,WG107,YYZ,Toronto,CUN,OWN,2026-07-05,Wk Jul 5,SUMMER,2026-07-05,22:10:00,210,16,226,186,14,200,26,88.5,91.3,78.0,725.00,750.00,246.50,271.50,25.00,1065.00,1097.50,383.40,415.90,32.50,748.80,7.16,5.00,143.2,Holiday Air,705.00,Resort Direct,760.00,705.00,20.00,0.92520616992320825,Balanced,0,1,LF_ABOVE_TARGET,0,NULL,NULL,0,2026-06-08 09:00:00 +02:00,2026-06-08 09:00:00 +02:00,AutoPilot Demo
WG107-YYZ-CUN-20260712,WG107-YYZ-CUN,2,CUN,Cancun,SUNWING,Sunwing,MEXICO,Mexico,WG107,YYZ,Toronto,CUN,OWN,2026-07-12,Wk Jul 12,SUMMER,2026-07-12,22:10:00,189,12,201,188,11,199,2,99.0,100.0,78.0,755.00,775.00,256.70,276.70,20.00,1155.00,1181.00,415.80,441.80,26.00,777.11,5.11,5.00,102.2,NorthStar Travel,770.00,Coastal Getaways,700.00,700.00,55.00,0.91360793559701403,Balanced,0,1,LF_ABOVE_TARGET,0,NULL,NULL,1,2026-06-08 09:00:00 +02:00,2026-06-08 09:00:00 +02:00,AutoPilot Demo
WG107-YYZ-CUN-20260719,WG107-YYZ-CUN,3,CUN,Cancun,SUNWING,Sunwing,MEXICO,Mexico,WG107,YYZ,Toronto,CUN,OWN,2026-07-19,Wk Jul 19,SUMMER,2026-07-19,22:10:00,210,16,226,187,13,200,26,88.5,95.0,78.0,685.00,715.00,232.90,262.90,30.00,1085.00,1124.00,390.60,429.60,39.00,711.00,8.20,5.00,164.0,SkyHoliday,710.00,Island Escape,735.00,710.00,-25.00,0.91014972430188934,Balanced,0,1,LF_ABOVE_TARGET,0,NULL,NULL,0,2026-06-08 09:00:00 +02:00,2026-06-08 09:00:00 +02:00,NULL
WG107-YYZ-CUN-20260726,WG107-YYZ-CUN,4,CUN,Cancun,SUNWING,Sunwing,MEXICO,Mexico,WG107,YYZ,Toronto,CUN,OWN,2026-07-26,Wk Jul 26,SUMMER,2026-07-26,22:10:00,189,12,201,161,9,170,31,84.6,86.0,78.0,715.00,715.00,243.10,243.10,0.00,1015.00,1015.00,365.40,365.40,0.00,730.88,4.79,5.00,95.7,NorthStar Travel,685.00,Coastal Getaways,750.00,685.00,30.00,0.90826794995343696,Balanced,0,0,NULL,0,NULL,NULL,0,2026-06-08 09:00:00 +02:00,2026-06-08 09:00:00 +02:00,NULL
WG107-YYZ-CUN-20260802,WG107-YYZ-CUN,5,CUN,Cancun,SUNWING,Sunwing,MEXICO,Mexico,WG107,YYZ,Toronto,CUN,OWN,2026-08-02,Wk Aug 2,SUMMER,2026-08-02,22:10:00,220,12,232,181,9,190,42,81.9,87.3,78.0,670.00,670.00,227.80,227.80,0.00,970.00,970.00,349.20,349.20,0.00,684.21,3.28,5.00,65.6,SkyHoliday,710.00,Island Escape,680.00,680.00,-10.00,0.91591939541040002,Balanced,0,0,NULL,0,NULL,NULL,0,2026-06-08 09:00:00 +02:00,2026-06-08 09:00:00 +02:00,NULL
WG107-YYZ-CUN-20260809,WG107-YYZ-CUN,6,CUN,Cancun,SUNWING,Sunwing,MEXICO,Mexico,WG107,YYZ,Toronto,CUN,OWN,2026-08-09,Wk Aug 9,SUMMER,2026-08-09,22:10:00,189,12,201,130,9,139,62,69.2,73.4,78.0,680.00,665.00,231.20,216.20,-15.00,940.00,920.50,338.40,318.90,-19.50,696.83,2.31,5.00,46.1,NorthStar Travel,635.00,Coastal Getaways,690.00,635.00,45.00,0.94034621232606397,Balanced,0,0,NULL,0,NULL,NULL,0,2026-06-08 09:00:00 +02:00,2026-06-08 09:00:00 +02:00,NULL
WG107-YYZ-CUN-20260816,WG107-YYZ-CUN,7,CUN,Cancun,SUNWING,Sunwing,MEXICO,Mexico,WG107,YYZ,Toronto,CUN,OWN,2026-08-16,Wk Aug 16,SUMMER,2026-08-16,22:10:00,210,18,228,161,13,174,54,76.3,80.2,78.0,645.00,645.00,219.30,219.30,0.00,985.00,985.00,354.60,354.60,0.00,670.40,6.55,5.00,130.9,NorthStar Travel,635.00,Coastal Getaways,640.00,635.00,10.00,0.89441001106315099,Balanced,0,0,NULL,0,NULL,NULL,0,2026-06-08 09:00:00 +02:00,2026-06-08 09:00:00 +02:00,NULL
WG107-YYZ-CUN-20260823,WG107-YYZ-CUN,8,CUN,Cancun,SUNWING,Sunwing,MEXICO,Mexico,WG107,YYZ,Toronto,CUN,OWN,2026-08-23,Wk Aug 23,SUMMER,2026-08-23,22:10:00,220,18,238,142,8,150,88,63.0,64.4,78.0,635.00,635.00,215.90,215.90,0.00,895.00,895.00,322.20,322.20,0.00,648.87,2.95,5.00,59.0,BlueJet Vacations,605.00,MapleAir Holidays,655.00,605.00,30.00,0.90560663248309659,Balanced,0,0,NULL,0,NULL,NULL,0,2026-06-08 09:00:00 +02:00,2026-06-08 09:00:00 +02:00,NULL
WG107-YYZ-CUN-20260830,WG107-YYZ-CUN,9,CUN,Cancun,SUNWING,Sunwing,MEXICO,Mexico,WG107,YYZ,Toronto,CUN,OWN,2026-08-30,Wk Aug 30,SUMMER,2026-08-30,22:10:00,210,16,226,143,12,155,71,68.6,71.0,78.0,640.00,640.00,217.60,217.60,0.00,900.00,920.00,324.00,344.00,20.00,660.13,5.70,5.00,114.0,Holiday Air,595.00,Resort Direct,660.00,595.00,45.00,0.91863919316369791,Balanced,0,0,NULL,0,NULL,NULL,0,2026-06-08 09:00:00 +02:00,2026-06-08 09:00:00 +02:00,NULL
WG107-YYZ-CUN-20260906,WG107-YYZ-CUN,10,CUN,Cancun,SUNWING,Sunwing,MEXICO,Mexico,WG107,YYZ,Toronto,CUN,OWN,2026-09-06,Wk Sep 6,FALL,2026-09-06,22:10:00,210,12,222,129,8,137,85,61.7,62.7,78.0,565.00,565.00,192.10,192.10,0.00,905.00,905.00,325.80,325.80,0.00,584.85,5.49,5.00,109.7,NorthStar Travel,545.00,Coastal Getaways,585.00,545.00,20.00,0.91322758183433328,Balanced,0,0,NULL,0,NULL,NULL,0,2026-06-08 09:00:00 +02:00,2026-06-08 09:00:00 +02:00,NULL
WG107-YYZ-CUN-20260913,WG107-YYZ-CUN,11,CUN,Cancun,SUNWING,Sunwing,MEXICO,Mexico,WG107,YYZ,Toronto,CUN,OWN,2026-09-13,Wk Sep 13,FALL,2026-09-13,22:10:00,189,16,205,115,9,124,81,60.5,61.6,78.0,570.00,570.00,193.80,193.80,0.00,870.00,870.00,313.20,313.20,0.00,591.77,6.07,5.00,121.4,NorthStar Travel,610.00,Coastal Getaways,605.00,605.00,-35.00,0.94897053138928000,Balanced,0,0,NULL,0,NULL,NULL,0,2026-06-08 09:00:00 +02:00,2026-06-08 09:00:00 +02:00,NULL
WG107-YYZ-CUN-20260920,WG107-YYZ-CUN,12,CUN,Cancun,SUNWING,Sunwing,MEXICO,Mexico,WG107,YYZ,Toronto,CUN,OWN,2026-09-20,Wk Sep 20,FALL,2026-09-20,22:10:00,189,18,207,94,12,106,101,51.2,51.6,78.0,545.00,535.00,185.30,175.30,-10.00,885.00,872.00,318.60,305.60,-13.00,583.49,2.14,5.00,42.8,BlueJet Vacations,535.00,MapleAir Holidays,520.00,520.00,25.00,0.91342810827635768,Balanced,0,0,NULL,0,NULL,NULL,0,2026-06-08 09:00:00 +02:00,2026-06-08 09:00:00 +02:00,NULL
WG107-YYZ-CUN-20260927,WG107-YYZ-CUN,13,CUN,Cancun,SUNWING,Sunwing,MEXICO,Mexico,WG107,YYZ,Toronto,CUN,OWN,2026-09-27,Wk Sep 27,FALL,2026-09-27,22:10:00,189,12,201,89,5,94,107,46.8,46.8,78.0,545.00,515.00,185.30,155.30,-30.00,805.00,766.00,289.80,250.80,-39.00,558.83,3.40,5.00,68.1,SkyHoliday,585.00,Island Escape,540.00,540.00,5.00,0.90916488074984447,Balanced,0,0,NULL,0,NULL,NULL,0,2026-06-08 09:00:00 +02:00,2026-06-08 09:00:00 +02:00,NULL
WG107-YYZ-CUN-20261004,WG107-YYZ-CUN,14,CUN,Cancun,SUNWING,Sunwing,MEXICO,Mexico,WG107,YYZ,Toronto,CUN,OWN,2026-10-04,Wk Oct 4,FALL,2026-10-04,22:10:00,189,12,201,70,1,71,130,35.3,35.3,78.0,510.00,470.00,173.40,133.40,-40.00,770.00,718.00,277.20,225.20,-52.00,513.66,1.05,5.00,20.9,BlueJet Vacations,535.00,MapleAir Holidays,505.00,505.00,5.00,0.93139217104694660,Balanced,0,0,NULL,0,NULL,NULL,0,2026-06-08 09:00:00 +02:00,2026-06-08 09:00:00 +02:00,NULL
WG107-YYZ-CUN-20261011,WG107-YYZ-CUN,15,CUN,Cancun,SUNWING,Sunwing,MEXICO,Mexico,WG107,YYZ,Toronto,CUN,OWN,2026-10-11,Wk Oct 11,FALL,2026-10-11,22:10:00,189,18,207,68,5,73,134,35.3,35.3,78.0,520.00,480.00,176.80,136.80,-40.00,860.00,808.00,309.60,257.60,-52.00,543.29,2.26,5.00,45.1,BlueJet Vacations,560.00,MapleAir Holidays,495.00,495.00,25.00,0.93443693481030843,Balanced,0,0,NULL,0,NULL,NULL,0,2026-06-08 09:00:00 +02:00,2026-06-08 09:00:00 +02:00,NULL
WG107-YYZ-CUN-20261018,WG107-YYZ-CUN,16,CUN,Cancun,SUNWING,Sunwing,MEXICO,Mexico,WG107,YYZ,Toronto,CUN,OWN,2026-10-18,Wk Oct 18,FALL,2026-10-18,22:10:00,210,12,222,64,3,67,155,30.2,30.2,78.0,525.00,510.00,178.50,163.50,-15.00,865.00,845.50,311.40,291.90,-19.50,540.22,2.18,5.00,43.6,NorthStar Travel,550.00,Coastal Getaways,545.00,545.00,-20.00,0.90912675437477530,Balanced,0,0,NULL,0,NULL,NULL,0,2026-06-08 09:00:00 +02:00,2026-06-08 09:00:00 +02:00,NULL
WG107-YYZ-CUN-20261025,WG107-YYZ-CUN,17,CUN,Cancun,SUNWING,Sunwing,MEXICO,Mexico,WG107,YYZ,Toronto,CUN,OWN,2026-10-25,Wk Oct 25,FALL,2026-10-25,22:10:00,210,12,222,43,2,45,177,20.3,20.3,78.0,480.00,455.00,163.20,138.20,-25.00,780.00,747.50,280.80,248.30,-32.50,493.33,0.65,5.00,12.9,NorthStar Travel,435.00,Coastal Getaways,475.00,435.00,45.00,0.91798451112969148,Balanced,0,0,NULL,0,NULL,NULL,0,2026-06-08 09:00:00 +02:00,2026-06-08 09:00:00 +02:00,NULL
WG107-YYZ-CUN-20261101,WG107-YYZ-CUN,18,CUN,Cancun,SUNWING,Sunwing,MEXICO,Mexico,WG107,YYZ,Toronto,CUN,OWN,2026-11-01,Wk Nov 1,FALL,2026-11-01,22:10:00,220,18,238,44,2,46,192,19.3,19.3,78.0,510.00,485.00,173.40,148.40,-25.00,810.00,777.50,291.60,259.10,-32.50,523.04,1.91,5.00,38.2,BlueJet Vacations,500.00,MapleAir Holidays,455.00,455.00,55.00,0.92972262817266782,Balanced,0,1,ROS_BELOW_TARGET,0,NULL,NULL,0,2026-06-08 09:00:00 +02:00,2026-06-08 09:00:00 +02:00,AutoPilot Demo
WG107-YYZ-CUN-20261108,WG107-YYZ-CUN,19,CUN,Cancun,SUNWING,Sunwing,MEXICO,Mexico,WG107,YYZ,Toronto,CUN,OWN,2026-11-08,Wk Nov 8,FALL,2026-11-08,22:10:00,210,18,228,46,7,53,175,23.2,23.2,78.0,490.00,465.00,166.60,141.60,-25.00,750.00,717.50,270.00,237.50,-32.50,524.34,2.17,5.00,43.3,Holiday Air,480.00,Resort Direct,500.00,480.00,10.00,0.90487286743909645,Balanced,0,1,ROS_BELOW_TARGET,0,NULL,NULL,0,2026-06-08 09:00:00 +02:00,2026-06-08 09:00:00 +02:00,AutoPilot Demo
WG107-YYZ-CUN-20261115,WG107-YYZ-CUN,20,CUN,Cancun,SUNWING,Sunwing,MEXICO,Mexico,WG107,YYZ,Toronto,CUN,OWN,2026-11-15,Wk Nov 15,FALL,2026-11-15,22:10:00,210,16,226,46,4,50,176,22.1,22.1,78.0,475.00,455.00,161.50,141.50,-20.00,875.00,849.00,315.00,289.00,-26.00,507.00,0.70,5.00,14.0,Holiday Air,465.00,Resort Direct,495.00,465.00,10.00,0.90655405799099065,Balanced,0,1,ROS_BELOW_TARGET,0,NULL,NULL,0,2026-06-08 09:00:00 +02:00,2026-06-08 09:00:00 +02:00,AutoPilot Demo
WG107-YYZ-CUN-20261122,WG107-YYZ-CUN,21,CUN,Cancun,SUNWING,Sunwing,MEXICO,Mexico,WG107,YYZ,Toronto,CUN,OWN,2026-11-22,Wk Nov 22,FALL,2026-11-22,22:10:00,210,18,228,51,4,55,173,24.1,24.1,78.0,445.00,425.00,151.30,131.30,-20.00,785.00,759.00,282.60,256.60,-26.00,469.73,1.87,5.00,37.4,Holiday Air,415.00,Resort Direct,390.00,390.00,55.00,0.92783655042904867,Balanced,0,0,NULL,0,NULL,NULL,0,2026-06-08 09:00:00 +02:00,2026-06-08 09:00:00 +02:00,NULL
WG107-YYZ-CUN-20261129,WG107-YYZ-CUN,22,CUN,Cancun,SUNWING,Sunwing,MEXICO,Mexico,WG107,YYZ,Toronto,CUN,OWN,2026-11-29,Wk Nov 29,FALL,2026-11-29,22:10:00,210,16,226,62,3,65,161,28.8,28.8,78.0,530.00,505.00,180.20,155.20,-25.00,870.00,837.50,313.20,280.70,-32.50,545.69,1.95,5.00,39.0,Holiday Air,570.00,Resort Direct,525.00,525.00,5.00,0.91738443050753204,Balanced,0,1,ROS_BELOW_TARGET,0,NULL,NULL,0,2026-06-08 09:00:00 +02:00,2026-06-08 09:00:00 +02:00,NULL
WG107-YYZ-CUN-20261206,WG107-YYZ-CUN,23,CUN,Cancun,SUNWING,Sunwing,MEXICO,Mexico,WG107,YYZ,Toronto,CUN,OWN,2026-12-06,Wk Dec 6,WINTER,2026-12-06,22:10:00,220,16,236,25,3,28,208,11.9,11.9,78.0,515.00,490.00,175.10,150.10,-25.00,855.00,822.50,307.80,275.30,-32.50,551.43,0.85,5.00,17.1,SkyHoliday,505.00,Island Escape,460.00,460.00,55.00,0.92529220848489546,Balanced,0,1,ROS_BELOW_TARGET,0,NULL,NULL,0,2026-06-08 09:00:00 +02:00,2026-06-08 09:00:00 +02:00,NULL
WG107-YYZ-CUN-20261213,WG107-YYZ-CUN,24,CUN,Cancun,SUNWING,Sunwing,MEXICO,Mexico,WG107,YYZ,Toronto,CUN,OWN,2026-12-13,Wk Dec 13,WINTER,2026-12-13,22:10:00,189,12,201,61,4,65,136,32.3,32.3,78.0,565.00,550.00,192.10,177.10,-15.00,825.00,805.50,297.00,277.50,-19.50,581.00,1.20,5.00,24.0,NorthStar Travel,555.00,Coastal Getaways,560.00,555.00,10.00,0.90994924859270798,Balanced,0,0,NULL,0,NULL,NULL,0,2026-06-08 09:00:00 +02:00,2026-06-08 09:00:00 +02:00,NULL
WG114-YUL-CUN-20260707,WG114-YUL-CUN,1,CUN,Cancun,SUNWING,Sunwing,MEXICO,Mexico,WG114,YUL,Montreal,CUN,OWN,2026-07-05,Wk Jul 5,SUMMER,2026-07-07,16:20:00,220,18,238,220,16,236,2,99.2,100.0,78.0,760.00,795.00,258.40,293.40,35.00,1160.00,1205.50,417.60,463.10,45.50,787.12,2.17,5.00,43.5,BlueJet Vacations,750.00,MapleAir Holidays,770.00,750.00,10.00,0.90835450724422862,Balanced,0,0,NULL,0,NULL,NULL,1,2026-06-08 09:00:00 +02:00,2026-06-08 09:00:00 +02:00,NULL
WG114-YUL-CUN-20260714,WG114-YUL-CUN,2,CUN,Cancun,SUNWING,Sunwing,MEXICO,Mexico,WG114,YUL,Montreal,CUN,OWN,2026-07-12,Wk Jul 12,SUMMER,2026-07-14,16:20:00,220,18,238,197,16,213,25,89.5,93.2,78.0,720.00,740.00,244.80,264.80,20.00,1120.00,1146.00,403.20,429.20,26.00,750.05,2.64,5.00,52.8,Holiday Air,745.00,Resort Direct,730.00,730.00,-10.00,0.91118297233017120,Balanced,0,0,NULL,0,NULL,NULL,0,2026-06-08 09:00:00 +02:00,2026-06-08 09:00:00 +02:00,NULL
WG114-YUL-CUN-20260721,WG114-YUL-CUN,3,CUN,Cancun,SUNWING,Sunwing,MEXICO,Mexico,WG114,YUL,Montreal,CUN,OWN,2026-07-19,Wk Jul 19,SUMMER,2026-07-21,16:20:00,189,12,201,162,10,172,29,85.6,88.8,78.0,700.00,700.00,238.00,238.00,0.00,1100.00,1120.00,396.00,416.00,20.00,723.26,3.33,5.00,66.5,NorthStar Travel,725.00,Coastal Getaways,695.00,695.00,5.00,0.91655661173218805,Balanced,0,0,NULL,0,NULL,NULL,0,2026-06-08 09:00:00 +02:00,2026-06-08 09:00:00 +02:00,NULL
WG114-YUL-CUN-20260728,WG114-YUL-CUN,4,CUN,Cancun,SUNWING,Sunwing,MEXICO,Mexico,WG114,YUL,Montreal,CUN,OWN,2026-07-26,Wk Jul 26,SUMMER,2026-07-28,16:20:00,189,12,201,158,11,169,32,84.1,87.9,78.0,730.00,730.00,248.20,248.20,0.00,1070.00,1090.00,385.20,405.20,20.00,752.13,6.96,5.00,139.2,SkyHoliday,710.00,Island Escape,750.00,710.00,20.00,0.90968516239019004,Balanced,0,0,NULL,0,NULL,NULL,0,2026-06-08 09:00:00 +02:00,2026-06-08 09:00:00 +02:00,NULL
WG114-YUL-CUN-20260804,WG114-YUL-CUN,5,CUN,Cancun,SUNWING,Sunwing,MEXICO,Mexico,WG114,YUL,Montreal,CUN,OWN,2026-08-02,Wk Aug 2,SUMMER,2026-08-04,16:20:00,220,16,236,178,13,191,45,80.9,83.3,78.0,705.00,705.00,239.70,239.70,0.00,965.00,965.00,347.40,347.40,0.00,722.70,7.00,5.00,140.0,NorthStar Travel,685.00,Coastal Getaways,680.00,680.00,25.00,0.91187965984438479,Balanced,0,0,NULL,0,NULL,NULL,0,2026-06-08 09:00:00 +02:00,2026-06-08 09:00:00 +02:00,NULL
WG114-YUL-CUN-20260811,WG114-YUL-CUN,6,CUN,Cancun,SUNWING,Sunwing,MEXICO,Mexico,WG114,YUL,Montreal,CUN,OWN,2026-08-09,Wk Aug 9,SUMMER,2026-08-11,16:20:00,220,18,238,153,13,166,72,69.7,72.4,78.0,670.00,670.00,227.80,227.80,0.00,930.00,930.00,334.80,334.80,0.00,690.36,6.47,5.00,129.3,SkyHoliday,695.00,Island Escape,615.00,615.00,55.00,0.89927866400420231,Balanced,0,0,NULL,0,NULL,NULL,0,2026-06-08 09:00:00 +02:00,2026-06-08 09:00:00 +02:00,NULL
WG114-YUL-CUN-20260818,WG114-YUL-CUN,7,CUN,Cancun,SUNWING,Sunwing,MEXICO,Mexico,WG114,YUL,Montreal,CUN,OWN,2026-08-16,Wk Aug 16,SUMMER,2026-08-18,16:20:00,189,16,205,142,13,155,50,75.6,78.2,78.0,685.00,685.00,232.90,232.90,0.00,1085.00,1085.00,390.60,390.60,0.00,718.55,7.01,5.00,140.2,Holiday Air,655.00,Resort Direct,705.00,655.00,30.00,0.91648763300894465,Balanced,0,0,NULL,0,NULL,NULL,0,2026-06-08 09:00:00 +02:00,2026-06-08 09:00:00 +02:00,NULL
WG114-YUL-CUN-20260825,WG114-YUL-CUN,8,CUN,Cancun,SUNWING,Sunwing,MEXICO,Mexico,WG114,YUL,Montreal,CUN,OWN,2026-08-23,Wk Aug 23,SUMMER,2026-08-25,16:20:00,189,18,207,123,11,134,73,64.7,66.6,78.0,675.00,635.00,229.50,189.50,-40.00,975.00,923.00,351.00,299.00,-52.00,699.63,2.68,5.00,53.6,BlueJet Vacations,700.00,MapleAir Holidays,670.00,670.00,5.00,0.93394978158715281,Balanced,1,1,ROS_BELOW_TARGET,0,NULL,NULL,0,2026-06-08 09:00:00 +02:00,2026-06-08 09:00:00 +02:00,NULL
WG114-YUL-CUN-20260901,WG114-YUL-CUN,9,CUN,Cancun,SUNWING,Sunwing,MEXICO,Mexico,WG114,YUL,Montreal,CUN,OWN,2026-08-30,Wk Aug 30,SUMMER,2026-09-01,16:20:00,189,12,201,114,6,120,81,59.7,61.3,78.0,655.00,635.00,222.70,202.70,-20.00,995.00,969.00,358.20,332.20,-26.00,672.00,2.45,5.00,49.1,SkyHoliday,695.00,Island Escape,650.00,650.00,5.00,0.91402154035098004,Balanced,0,0,NULL,0,NULL,NULL,0,2026-06-08 09:00:00 +02:00,2026-06-08 09:00:00 +02:00,NULL
WG114-YUL-CUN-20260908,WG114-YUL-CUN,10,CUN,Cancun,SUNWING,Sunwing,MEXICO,Mexico,WG114,YUL,Montreal,CUN,OWN,2026-09-06,Wk Sep 6,FALL,2026-09-08,16:20:00,189,18,207,99,9,108,99,52.2,52.8,78.0,570.00,555.00,193.80,178.80,-15.00,970.00,950.50,349.20,329.70,-19.50,603.33,3.39,5.00,67.9,SkyHoliday,525.00,Island Escape,545.00,525.00,45.00,0.93328597813098035,Balanced,0,0,NULL,0,NULL,NULL,0,2026-06-08 09:00:00 +02:00,2026-06-08 09:00:00 +02:00,NULL
WG114-YUL-CUN-20260915,WG114-YUL-CUN,11,CUN,Cancun,SUNWING,Sunwing,MEXICO,Mexico,WG114,YUL,Montreal,CUN,OWN,2026-09-13,Wk Sep 13,FALL,2026-09-15,16:20:00,210,18,228,93,7,100,128,43.9,44.8,78.0,550.00,525.00,187.00,162.00,-25.00,890.00,857.50,320.40,287.90,-32.50,573.80,4.18,5.00,83.7,SkyHoliday,565.00,Island Escape,495.00,495.00,55.00,0.93025754928603044,Balanced,0,1,ROS_BELOW_TARGET,0,NULL,NULL,0,2026-06-08 09:00:00 +02:00,2026-06-08 09:00:00 +02:00,RM Demo User
WG114-YUL-CUN-20260922,WG114-YUL-CUN,12,CUN,Cancun,SUNWING,Sunwing,MEXICO,Mexico,WG114,YUL,Montreal,CUN,OWN,2026-09-20,Wk Sep 20,FALL,2026-09-22,16:20:00,220,16,236,106,6,112,124,47.5,47.8,78.0,550.00,525.00,187.00,162.00,-25.00,810.00,777.50,291.60,259.10,-32.50,563.93,2.01,5.00,40.3,SkyHoliday,530.00,Island Escape,560.00,530.00,20.00,0.88660800240694404,Balanced,0,1,ROS_BELOW_TARGET,0,NULL,NULL,0,2026-06-08 09:00:00 +02:00,2026-06-08 09:00:00 +02:00,NULL
WG114-YUL-CUN-20260929,WG114-YUL-CUN,13,CUN,Cancun,SUNWING,Sunwing,MEXICO,Mexico,WG114,YUL,Montreal,CUN,OWN,2026-09-27,Wk Sep 27,FALL,2026-09-29,16:20:00,220,16,236,107,8,115,121,48.7,48.7,78.0,575.00,545.00,195.50,165.50,-30.00,975.00,936.00,351.00,312.00,-39.00,602.83,4.14,5.00,82.9,BlueJet Vacations,565.00,MapleAir Holidays,550.00,550.00,25.00,0.91216368022545569,Balanced,0,0,NULL,0,NULL,NULL,0,2026-06-08 09:00:00 +02:00,2026-06-08 09:00:00 +02:00,NULL
WG114-YUL-CUN-20261006,WG114-YUL-CUN,14,CUN,Cancun,SUNWING,Sunwing,MEXICO,Mexico,WG114,YUL,Montreal,CUN,OWN,2026-10-04,Wk Oct 4,FALL,2026-10-06,16:20:00,210,18,228,72,6,78,150,34.2,34.2,78.0,535.00,495.00,181.90,141.90,-40.00,875.00,823.00,315.00,263.00,-52.00,561.15,1.14,5.00,22.8,SkyHoliday,505.00,Island Escape,570.00,505.00,30.00,0.91895033905679646,Balanced,0,0,NULL,0,NULL,NULL,0,2026-06-08 09:00:00 +02:00,2026-06-08 09:00:00 +02:00,NULL
WG114-YUL-CUN-20261013,WG114-YUL-CUN,15,CUN,Cancun,SUNWING,Sunwing,MEXICO,Mexico,WG114,YUL,Montreal,CUN,OWN,2026-10-11,Wk Oct 11,FALL,2026-10-13,16:20:00,189,18,207,59,9,68,139,32.9,32.9,78.0,525.00,495.00,178.50,148.50,-30.00,865.00,826.00,311.40,272.40,-39.00,570.00,0.98,5.00,19.6,SkyHoliday,540.00,Island Escape,545.00,540.00,-15.00,0.90816771138699837,Balanced,1,0,NULL,0,NULL,NULL,0,2026-06-08 09:00:00 +02:00,2026-06-08 09:00:00 +02:00,NULL
WG114-YUL-CUN-20261020,WG114-YUL-CUN,16,CUN,Cancun,SUNWING,Sunwing,MEXICO,Mexico,WG114,YUL,Montreal,CUN,OWN,2026-10-18,Wk Oct 18,FALL,2026-10-20,16:20:00,189,12,201,68,4,72,129,35.8,35.8,78.0,550.00,520.00,187.00,157.00,-30.00,890.00,851.00,320.40,281.40,-39.00,568.89,1.19,5.00,23.7,NorthStar Travel,540.00,Coastal Getaways,585.00,540.00,10.00,0.94367686209529100,Balanced,0,0,NULL,0,NULL,NULL,0,2026-06-08 09:00:00 +02:00,2026-06-08 09:00:00 +02:00,NULL
WG114-YUL-CUN-20261027,WG114-YUL-CUN,17,CUN,Cancun,SUNWING,Sunwing,MEXICO,Mexico,WG114,YUL,Montreal,CUN,OWN,2026-10-25,Wk Oct 25,FALL,2026-10-27,16:20:00,210,18,228,61,4,65,163,28.5,28.5,78.0,510.00,490.00,173.40,153.40,-20.00,910.00,884.00,327.60,301.60,-26.00,534.62,2.16,5.00,43.3,SkyHoliday,465.00,Island Escape,455.00,455.00,55.00,0.93466268942636943,Balanced,0,0,NULL,0,NULL,NULL,0,2026-06-08 09:00:00 +02:00,2026-06-08 09:00:00 +02:00,NULL
WG114-YUL-CUN-20261103,WG114-YUL-CUN,18,CUN,Cancun,SUNWING,Sunwing,MEXICO,Mexico,WG114,YUL,Montreal,CUN,OWN,2026-11-01,Wk Nov 1,FALL,2026-11-03,16:20:00,210,12,222,37,2,39,183,17.6,17.6,78.0,500.00,475.00,170.00,145.00,-25.00,760.00,727.50,273.60,241.10,-32.50,513.33,1.69,5.00,33.7,NorthStar Travel,470.00,Coastal Getaways,550.00,470.00,30.00,0.91687115224673821,Balanced,0,0,NULL,0,NULL,NULL,0,2026-06-08 09:00:00 +02:00,2026-06-08 09:00:00 +02:00,NULL
WG114-YUL-CUN-20261110,WG114-YUL-CUN,19,CUN,Cancun,SUNWING,Sunwing,MEXICO,Mexico,WG114,YUL,Montreal,CUN,OWN,2026-11-08,Wk Nov 8,FALL,2026-11-10,16:20:00,220,18,238,51,3,54,184,22.7,22.7,78.0,525.00,515.00,178.50,168.50,-10.00,825.00,812.00,297.00,284.00,-13.00,541.67,2.12,5.00,42.4,NorthStar Travel,480.00,Coastal Getaways,535.00,480.00,45.00,0.91613617193699792,Balanced,0,0,NULL,0,NULL,NULL,0,2026-06-08 09:00:00 +02:00,2026-06-08 09:00:00 +02:00,NULL
WG114-YUL-CUN-20261117,WG114-YUL-CUN,20,CUN,Cancun,SUNWING,Sunwing,MEXICO,Mexico,WG114,YUL,Montreal,CUN,OWN,2026-11-15,Wk Nov 15,FALL,2026-11-17,16:20:00,220,12,232,32,2,34,198,14.7,14.7,78.0,485.00,445.00,164.90,124.90,-40.00,825.00,773.00,297.00,245.00,-52.00,505.00,0.46,5.00,9.3,Holiday Air,465.00,Resort Direct,480.00,465.00,20.00,0.89035707359402882,Balanced,0,0,NULL,0,NULL,NULL,0,2026-06-08 09:00:00 +02:00,2026-06-08 09:00:00 +02:00,NULL
WG114-YUL-CUN-20261124,WG114-YUL-CUN,21,CUN,Cancun,SUNWING,Sunwing,MEXICO,Mexico,WG114,YUL,Montreal,CUN,OWN,2026-11-22,Wk Nov 22,FALL,2026-11-24,16:20:00,189,12,201,41,3,44,157,21.9,21.9,78.0,510.00,490.00,173.40,153.40,-20.00,850.00,824.00,306.00,280.00,-26.00,533.18,1.33,5.00,26.6,Holiday Air,500.00,Resort Direct,505.00,500.00,10.00,0.91230184804904624,Balanced,0,1,ROS_BELOW_TARGET,0,NULL,NULL,0,2026-06-08 09:00:00 +02:00,2026-06-08 09:00:00 +02:00,AutoPilot Demo
WG114-YUL-CUN-20261201,WG114-YUL-CUN,22,CUN,Cancun,SUNWING,Sunwing,MEXICO,Mexico,WG114,YUL,Montreal,CUN,OWN,2026-11-29,Wk Nov 29,FALL,2026-12-01,16:20:00,189,12,201,35,4,39,162,19.4,19.4,78.0,510.00,485.00,173.40,148.40,-25.00,910.00,877.50,327.60,295.10,-32.50,551.03,0.63,5.00,12.6,SkyHoliday,535.00,Island Escape,545.00,535.00,-25.00,0.90690403050345691,Balanced,0,0,NULL,0,NULL,NULL,0,2026-06-08 09:00:00 +02:00,2026-06-08 09:00:00 +02:00,NULL
WG114-YUL-CUN-20261208,WG114-YUL-CUN,23,CUN,Cancun,SUNWING,Sunwing,MEXICO,Mexico,WG114,YUL,Montreal,CUN,OWN,2026-12-06,Wk Dec 6,WINTER,2026-12-08,16:20:00,220,16,236,61,3,64,172,27.1,27.1,78.0,560.00,550.00,190.40,180.40,-10.00,960.00,947.00,345.60,332.60,-13.00,578.75,1.83,5.00,36.6,NorthStar Travel,600.00,Coastal Getaways,595.00,595.00,-35.00,0.89949974622291917,Balanced,0,1,ROS_BELOW_TARGET,0,NULL,NULL,0,2026-06-08 09:00:00 +02:00,2026-06-08 09:00:00 +02:00,NULL
WG114-YUL-CUN-20261215,WG114-YUL-CUN,24,CUN,Cancun,SUNWING,Sunwing,MEXICO,Mexico,WG114,YUL,Montreal,CUN,OWN,2026-12-13,Wk Dec 13,WINTER,2026-12-15,16:20:00,189,16,205,42,5,47,158,22.9,22.9,78.0,525.00,515.00,178.50,168.50,-10.00,825.00,812.00,297.00,284.00,-13.00,556.91,2.17,5.00,43.5,NorthStar Travel,540.00,Coastal Getaways,560.00,540.00,-15.00,0.93680890485198687,Balanced,1,0,NULL,0,NULL,NULL,0,2026-06-08 09:00:00 +02:00,2026-06-08 09:00:00 +02:00,AutoPilot Demo
WG121-YYC-CUN-20260709,WG121-YYC-CUN,1,CUN,Cancun,SUNWING,Sunwing,MEXICO,Mexico,WG121,YYC,Calgary,CUN,RSK,2026-07-05,Wk Jul 5,SUMMER,2026-07-09,06:00:00,162,12,174,152,11,163,11,93.7,98.2,78.0,795.00,855.00,238.50,298.50,60.00,1055.00,1133.00,379.80,457.80,78.00,812.55,5.46,5.00,109.2,SkyHoliday,785.00,Island Escape,805.00,785.00,10.00,0.92338288605802354,Balanced,0,0,NULL,0,NULL,NULL,1,2026-06-08 09:00:00 +02:00,2026-06-08 09:00:00 +02:00,NULL
WG121-YYC-CUN-20260716,WG121-YYC-CUN,2,CUN,Cancun,SUNWING,Sunwing,MEXICO,Mexico,WG121,YYC,Calgary,CUN,RSK,2026-07-12,Wk Jul 12,SUMMER,2026-07-16,06:00:00,150,12,162,139,11,150,12,92.6,99.1,78.0,745.00,760.00,223.50,238.50,15.00,1085.00,1104.50,390.60,410.10,19.50,769.93,3.29,5.00,65.7,Holiday Air,760.00,Resort Direct,765.00,760.00,-15.00,0.93419795071131984,Balanced,0,0,NULL,0,NULL,NULL,1,2026-06-08 09:00:00 +02:00,2026-06-08 09:00:00 +02:00,NULL
WG121-YYC-CUN-20260723,WG121-YYC-CUN,3,CUN,Cancun,SUNWING,Sunwing,MEXICO,Mexico,WG121,YYC,Calgary,CUN,RSK,2026-07-19,Wk Jul 19,SUMMER,2026-07-23,06:00:00,180,16,196,163,13,176,20,89.8,94.2,78.0,770.00,800.00,231.00,261.00,30.00,1030.00,1069.00,370.80,409.80,39.00,789.20,4.95,5.00,99.0,NorthStar Travel,810.00,Coastal Getaways,790.00,790.00,-20.00,0.92058891216029137,Balanced,0,0,NULL,0,NULL,NULL,0,2026-06-08 09:00:00 +02:00,2026-06-08 09:00:00 +02:00,NULL
WG121-YYC-CUN-20260730,WG121-YYC-CUN,4,CUN,Cancun,SUNWING,Sunwing,MEXICO,Mexico,WG121,YYC,Calgary,CUN,RSK,2026-07-26,Wk Jul 26,SUMMER,2026-07-30,06:00:00,150,18,168,122,13,135,33,80.4,85.4,78.0,730.00,720.00,219.00,209.00,-10.00,1130.00,1117.00,406.80,393.80,-13.00,768.52,2.32,5.00,46.3,NorthStar Travel,745.00,Coastal Getaways,675.00,675.00,55.00,0.90837199199485752,Balanced,0,0,NULL,0,NULL,NULL,0,2026-06-08 09:00:00 +02:00,2026-06-08 09:00:00 +02:00,NULL
WG121-YYC-CUN-20260806,WG121-YYC-CUN,5,CUN,Cancun,SUNWING,Sunwing,MEXICO,Mexico,WG121,YYC,Calgary,CUN,RSK,2026-08-02,Wk Aug 2,SUMMER,2026-08-06,06:00:00,174,12,186,144,10,154,32,82.8,85.6,78.0,755.00,755.00,226.50,226.50,0.00,1015.00,1015.00,365.40,365.40,0.00,771.88,4.33,5.00,86.5,BlueJet Vacations,795.00,MapleAir Holidays,805.00,795.00,-40.00,0.91798477754711838,Balanced,0,0,NULL,0,NULL,NULL,0,2026-06-08 09:00:00 +02:00,2026-06-08 09:00:00 +02:00,NULL
WG121-YYC-CUN-20260813,WG121-YYC-CUN,6,CUN,Cancun,SUNWING,Sunwing,MEXICO,Mexico,WG121,YYC,Calgary,CUN,RSK,2026-08-09,Wk Aug 9,SUMMER,2026-08-13,06:00:00,162,18,180,132,15,147,33,81.7,85.5,78.0,765.00,765.00,229.50,229.50,0.00,1065.00,1065.00,383.40,383.40,0.00,795.61,4.20,5.00,84.1,Holiday Air,735.00,Resort Direct,775.00,735.00,30.00,0.92054541552339730,Balanced,0,0,NULL,0,NULL,NULL,0,2026-06-08 09:00:00 +02:00,2026-06-08 09:00:00 +02:00,NULL
WG121-YYC-CUN-20260820,WG121-YYC-CUN,7,CUN,Cancun,SUNWING,Sunwing,MEXICO,Mexico,WG121,YYC,Calgary,CUN,RSK,2026-08-16,Wk Aug 16,SUMMER,2026-08-20,06:00:00,186,18,204,121,12,133,71,65.2,66.7,78.0,690.00,705.00,207.00,222.00,15.00,1030.00,1049.50,370.80,390.30,19.50,720.68,3.26,5.00,65.2,Holiday Air,645.00,Resort Direct,665.00,645.00,45.00,0.90683656845768579,Balanced,0,0,NULL,0,NULL,NULL,0,2026-06-08 09:00:00 +02:00,2026-06-08 09:00:00 +02:00,NULL
WG121-YYC-CUN-20260827,WG121-YYC-CUN,8,CUN,Cancun,SUNWING,Sunwing,MEXICO,Mexico,WG121,YYC,Calgary,CUN,RSK,2026-08-23,Wk Aug 23,SUMMER,2026-08-27,06:00:00,150,18,168,98,11,109,59,64.9,65.8,78.0,720.00,720.00,216.00,216.00,0.00,1060.00,1080.00,381.60,401.60,20.00,754.31,6.43,5.00,128.7,SkyHoliday,675.00,Island Escape,740.00,675.00,45.00,0.90659711800998444,Balanced,0,0,NULL,0,NULL,NULL,0,2026-06-08 09:00:00 +02:00,2026-06-08 09:00:00 +02:00,NULL
WG121-YYC-CUN-20260903,WG121-YYC-CUN,9,CUN,Cancun,SUNWING,Sunwing,MEXICO,Mexico,WG121,YYC,Calgary,CUN,RSK,2026-08-30,Wk Aug 30,SUMMER,2026-09-03,06:00:00,150,18,168,83,13,96,72,57.1,59.1,78.0,705.00,685.00,211.50,191.50,-20.00,1045.00,1019.00,376.20,350.20,-26.00,751.04,5.70,5.00,114.1,SkyHoliday,720.00,Island Escape,740.00,720.00,-15.00,0.90666655811913588,Balanced,0,1,ROS_BELOW_TARGET,0,NULL,NULL,0,2026-06-08 09:00:00 +02:00,2026-06-08 09:00:00 +02:00,NULL
WG121-YYC-CUN-20260910,WG121-YYC-CUN,10,CUN,Cancun,SUNWING,Sunwing,MEXICO,Mexico,WG121,YYC,Calgary,CUN,RSK,2026-09-06,Wk Sep 6,FALL,2026-09-10,06:00:00,174,18,192,87,12,99,93,51.6,52.1,78.0,610.00,585.00,183.00,158.00,-25.00,950.00,917.50,342.00,309.50,-32.50,651.21,4.40,5.00,88.1,BlueJet Vacations,600.00,MapleAir Holidays,630.00,600.00,10.00,0.90507763121141160,Balanced,0,0,NULL,0,NULL,NULL,0,2026-06-08 09:00:00 +02:00,2026-06-08 09:00:00 +02:00,NULL
WG121-YYC-CUN-20260917,WG121-YYC-CUN,11,CUN,Cancun,SUNWING,Sunwing,MEXICO,Mexico,WG121,YYC,Calgary,CUN,RSK,2026-09-13,Wk Sep 13,FALL,2026-09-17,06:00:00,162,18,180,85,8,93,87,51.7,52.3,78.0,620.00,610.00,186.00,176.00,-10.00,880.00,867.00,316.80,303.80,-13.00,642.37,1.60,5.00,32.1,BlueJet Vacations,600.00,MapleAir Holidays,615.00,600.00,20.00,0.89517107218400771,Balanced,0,0,NULL,0,NULL,NULL,0,2026-06-08 09:00:00 +02:00,2026-06-08 09:00:00 +02:00,NULL
WG121-YYC-CUN-20260924,WG121-YYC-CUN,12,CUN,Cancun,SUNWING,Sunwing,MEXICO,Mexico,WG121,YYC,Calgary,CUN,RSK,2026-09-20,Wk Sep 20,FALL,2026-09-24,06:00:00,189,18,207,96,12,108,99,52.2,52.2,78.0,635.00,595.00,190.50,150.50,-40.00,975.00,923.00,351.00,299.00,-52.00,672.78,5.22,5.00,104.4,NorthStar Travel,675.00,Coastal Getaways,630.00,630.00,5.00,0.90593847009538875,Balanced,1,0,NULL,0,NULL,NULL,0,2026-06-08 09:00:00 +02:00,2026-06-08 09:00:00 +02:00,NULL
WG121-YYC-CUN-20261001,WG121-YYC-CUN,13,CUN,Cancun,SUNWING,Sunwing,MEXICO,Mexico,WG121,YYC,Calgary,CUN,RSK,2026-09-27,Wk Sep 27,FALL,2026-10-01,06:00:00,150,18,168,58,9,67,101,39.9,39.9,78.0,585.00,555.00,175.50,145.50,-30.00,845.00,806.00,304.20,265.20,-39.00,619.93,1.68,5.00,33.7,NorthStar Travel,575.00,Coastal Getaways,635.00,575.00,10.00,0.90510700309052761,Balanced,0,0,NULL,0,NULL,NULL,0,2026-06-08 09:00:00 +02:00,2026-06-08 09:00:00 +02:00,NULL
WG121-YYC-CUN-20261008,WG121-YYC-CUN,14,CUN,Cancun,SUNWING,Sunwing,MEXICO,Mexico,WG121,YYC,Calgary,CUN,RSK,2026-10-04,Wk Oct 4,FALL,2026-10-08,06:00:00,150,16,166,50,5,55,111,33.1,33.1,78.0,590.00,575.00,177.00,162.00,-15.00,930.00,910.50,334.80,315.30,-19.50,620.91,2.14,5.00,42.7,SkyHoliday,560.00,Island Escape,610.00,560.00,30.00,0.91612832547804657,Balanced,0,1,ROS_BELOW_TARGET,0,NULL,NULL,0,2026-06-08 09:00:00 +02:00,2026-06-08 09:00:00 +02:00,AutoPilot Demo
WG121-YYC-CUN-20261015,WG121-YYC-CUN,15,CUN,Cancun,SUNWING,Sunwing,MEXICO,Mexico,WG121,YYC,Calgary,CUN,RSK,2026-10-11,Wk Oct 11,FALL,2026-10-15,06:00:00,162,16,178,70,6,76,102,42.7,42.7,78.0,590.00,580.00,177.00,167.00,-10.00,850.00,837.00,306.00,293.00,-13.00,610.53,4.06,5.00,81.2,BlueJet Vacations,630.00,MapleAir Holidays,565.00,565.00,25.00,0.91305797870349914,Balanced,0,0,NULL,0,NULL,NULL,0,2026-06-08 09:00:00 +02:00,2026-06-08 09:00:00 +02:00,NULL
WG121-YYC-CUN-20261022,WG121-YYC-CUN,16,CUN,Cancun,SUNWING,Sunwing,MEXICO,Mexico,WG121,YYC,Calgary,CUN,RSK,2026-10-18,Wk Oct 18,FALL,2026-10-22,06:00:00,189,12,201,55,5,60,141,29.9,29.9,78.0,575.00,555.00,172.50,152.50,-20.00,835.00,809.00,300.60,274.60,-26.00,596.67,2.19,5.00,43.9,NorthStar Travel,545.00,Coastal Getaways,625.00,545.00,30.00,0.92345324587305055,Balanced,0,0,NULL,0,NULL,NULL,0,2026-06-08 09:00:00 +02:00,2026-06-08 09:00:00 +02:00,NULL
WG121-YYC-CUN-20261029,WG121-YYC-CUN,17,CUN,Cancun,SUNWING,Sunwing,MEXICO,Mexico,WG121,YYC,Calgary,CUN,RSK,2026-10-25,Wk Oct 25,FALL,2026-10-29,06:00:00,162,18,180,41,5,46,134,25.6,25.6,78.0,545.00,525.00,163.50,143.50,-20.00,845.00,819.00,304.20,278.20,-26.00,577.61,0.60,5.00,11.9,BlueJet Vacations,585.00,MapleAir Holidays,520.00,520.00,25.00,0.91639544721939781,Balanced,0,1,ROS_BELOW_TARGET,0,NULL,NULL,0,2026-06-08 09:00:00 +02:00,2026-06-08 09:00:00 +02:00,NULL
WG121-YYC-CUN-20261105,WG121-YYC-CUN,18,CUN,Cancun,SUNWING,Sunwing,MEXICO,Mexico,WG121,YYC,Calgary,CUN,RSK,2026-11-01,Wk Nov 1,FALL,2026-11-05,06:00:00,186,16,202,58,6,64,138,31.7,31.7,78.0,570.00,555.00,171.00,156.00,-15.00,870.00,850.50,313.20,293.70,-19.50,598.12,2.29,5.00,45.7,SkyHoliday,550.00,Island Escape,545.00,545.00,25.00,0.92693289550280122,Balanced,0,1,ROS_BELOW_TARGET,0,NULL,NULL,0,2026-06-08 09:00:00 +02:00,2026-06-08 09:00:00 +02:00,AutoPilot Demo
WG121-YYC-CUN-20261112,WG121-YYC-CUN,19,CUN,Cancun,SUNWING,Sunwing,MEXICO,Mexico,WG121,YYC,Calgary,CUN,RSK,2026-11-08,Wk Nov 8,FALL,2026-11-12,06:00:00,150,18,168,28,4,32,136,19.0,19.0,78.0,530.00,500.00,159.00,129.00,-30.00,870.00,831.00,313.20,274.20,-39.00,572.50,1.54,5.00,30.9,BlueJet Vacations,510.00,MapleAir Holidays,475.00,475.00,55.00,0.92414056544228518,Balanced,0,1,ROS_BELOW_TARGET,0,NULL,NULL,0,2026-06-08 09:00:00 +02:00,2026-06-08 09:00:00 +02:00,RM Demo User
WG121-YYC-CUN-20261119,WG121-YYC-CUN,20,CUN,Cancun,SUNWING,Sunwing,MEXICO,Mexico,WG121,YYC,Calgary,CUN,RSK,2026-11-15,Wk Nov 15,FALL,2026-11-19,06:00:00,180,12,192,40,2,42,150,21.9,21.9,78.0,530.00,510.00,159.00,139.00,-20.00,930.00,904.00,334.80,308.80,-26.00,549.05,1.83,5.00,36.5,Holiday Air,500.00,Resort Direct,565.00,500.00,30.00,0.91403753159037848,Balanced,0,0,NULL,0,NULL,NULL,0,2026-06-08 09:00:00 +02:00,2026-06-08 09:00:00 +02:00,NULL
WG121-YYC-CUN-20261126,WG121-YYC-CUN,21,CUN,Cancun,SUNWING,Sunwing,MEXICO,Mexico,WG121,YYC,Calgary,CUN,RSK,2026-11-22,Wk Nov 22,FALL,2026-11-26,06:00:00,174,16,190,30,2,32,158,16.8,16.8,78.0,530.00,510.00,159.00,139.00,-20.00,870.00,844.00,313.20,287.20,-26.00,551.25,1.45,5.00,29.1,SkyHoliday,510.00,Island Escape,505.00,505.00,25.00,0.90772499004578144,Balanced,0,0,NULL,0,NULL,NULL,0,2026-06-08 09:00:00 +02:00,2026-06-08 09:00:00 +02:00,NULL
WG121-YYC-CUN-20261203,WG121-YYC-CUN,22,CUN,Cancun,SUNWING,Sunwing,MEXICO,Mexico,WG121,YYC,Calgary,CUN,RSK,2026-11-29,Wk Nov 29,FALL,2026-12-03,06:00:00,180,18,198,39,2,41,157,20.7,20.7,78.0,550.00,535.00,165.00,150.00,-15.00,890.00,870.50,320.40,300.90,-19.50,566.59,1.75,5.00,35.0,BlueJet Vacations,505.00,MapleAir Holidays,585.00,505.00,45.00,0.92532910155386339,Balanced,0,0,NULL,0,NULL,NULL,0,2026-06-08 09:00:00 +02:00,2026-06-08 09:00:00 +02:00,NULL
WG121-YYC-CUN-20261210,WG121-YYC-CUN,23,CUN,Cancun,SUNWING,Sunwing,MEXICO,Mexico,WG121,YYC,Calgary,CUN,RSK,2026-12-06,Wk Dec 6,WINTER,2026-12-10,06:00:00,189,18,207,18,3,21,186,10.1,10.1,78.0,580.00,550.00,174.00,144.00,-30.00,980.00,941.00,352.80,313.80,-39.00,637.14,0.96,5.00,19.3,BlueJet Vacations,595.00,MapleAir Holidays,555.00,555.00,25.00,0.92403091605317211,Balanced,0,0,NULL,0,NULL,NULL,0,2026-06-08 09:00:00 +02:00,2026-06-08 09:00:00 +02:00,NULL
WG121-YYC-CUN-20261217,WG121-YYC-CUN,24,CUN,Cancun,SUNWING,Sunwing,MEXICO,Mexico,WG121,YYC,Calgary,CUN,RSK,2026-12-13,Wk Dec 13,WINTER,2026-12-17,06:00:00,186,12,198,16,4,20,178,10.1,10.1,78.0,585.00,565.00,175.50,155.50,-20.00,985.00,959.00,354.60,328.60,-26.00,665.00,0.99,5.00,19.7,NorthStar Travel,540.00,Coastal Getaways,605.00,540.00,45.00,0.92903011563073479,Balanced,0,1,ROS_BELOW_TARGET,0,NULL,NULL,0,2026-06-08 09:00:00 +02:00,2026-06-08 09:00:00 +02:00,RM Demo User
WG128-YVR-CUN-20260711,WG128-YVR-CUN,1,CUN,Cancun,SUNWING,Sunwing,MEXICO,Mexico,WG128,YVR,Vancouver,CUN,OWN,2026-07-05,Wk Jul 5,SUMMER,2026-07-11,13:45:00,150,12,162,136,10,146,16,90.1,96.8,78.0,785.00,845.00,266.90,326.90,60.00,1185.00,1263.00,426.60,504.60,78.00,812.40,2.37,5.00,47.3,Holiday Air,825.00,Resort Direct,835.00,825.00,-40.00,0.92126275166483274,Balanced,0,0,NULL,0,NULL,NULL,0,2026-06-08 09:00:00 +02:00,2026-06-08 09:00:00 +02:00,NULL
WG128-YVR-CUN-20260718,WG128-YVR-CUN,2,CUN,Cancun,SUNWING,Sunwing,MEXICO,Mexico,WG128,YVR,Vancouver,CUN,OWN,2026-07-12,Wk Jul 12,SUMMER,2026-07-18,13:45:00,150,12,162,125,9,134,28,82.7,87.2,78.0,750.00,750.00,255.00,255.00,0.00,1050.00,1050.00,378.00,378.00,0.00,770.15,7.12,5.00,142.4,BlueJet Vacations,740.00,MapleAir Holidays,695.00,695.00,55.00,0.90238157213632519,Balanced,0,0,NULL,0,NULL,NULL,0,2026-06-08 09:00:00 +02:00,2026-06-08 09:00:00 +02:00,NULL
WG128-YVR-CUN-20260725,WG128-YVR-CUN,3,CUN,Cancun,SUNWING,Sunwing,MEXICO,Mexico,WG128,YVR,Vancouver,CUN,OWN,2026-07-19,Wk Jul 19,SUMMER,2026-07-25,13:45:00,186,18,204,147,13,160,44,78.4,83.2,78.0,765.00,765.00,260.10,260.10,0.00,1165.00,1165.00,419.40,419.40,0.00,797.50,5.26,5.00,105.1,BlueJet Vacations,805.00,MapleAir Holidays,800.00,800.00,-35.00,0.91369739724673937,Balanced,0,0,NULL,0,NULL,NULL,0,2026-06-08 09:00:00 +02:00,2026-06-08 09:00:00 +02:00,NULL
WG128-YVR-CUN-20260801,WG128-YVR-CUN,4,CUN,Cancun,SUNWING,Sunwing,MEXICO,Mexico,WG128,YVR,Vancouver,CUN,OWN,2026-07-26,Wk Jul 26,SUMMER,2026-08-01,13:45:00,180,12,192,154,9,163,29,84.9,90.2,78.0,770.00,790.00,261.80,281.80,20.00,1070.00,1096.00,385.20,411.20,26.00,786.56,3.68,5.00,73.5,SkyHoliday,760.00,Island Escape,790.00,760.00,10.00,0.90949234698160708,Balanced,0,0,NULL,0,NULL,NULL,0,2026-06-08 09:00:00 +02:00,2026-06-08 09:00:00 +02:00,NULL
WG128-YVR-CUN-20260808,WG128-YVR-CUN,5,CUN,Cancun,SUNWING,Sunwing,MEXICO,Mexico,WG128,YVR,Vancouver,CUN,OWN,2026-08-02,Wk Aug 2,SUMMER,2026-08-08,13:45:00,186,12,198,136,8,144,54,72.7,75.1,78.0,715.00,715.00,243.10,243.10,0.00,1015.00,1015.00,365.40,365.40,0.00,731.67,5.42,5.00,108.3,NorthStar Travel,705.00,Coastal Getaways,750.00,705.00,10.00,0.91577693520286074,Balanced,0,0,NULL,0,NULL,NULL,0,2026-06-08 09:00:00 +02:00,2026-06-08 09:00:00 +02:00,NULL
WG128-YVR-CUN-20260815,WG128-YVR-CUN,6,CUN,Cancun,SUNWING,Sunwing,MEXICO,Mexico,WG128,YVR,Vancouver,CUN,OWN,2026-08-09,Wk Aug 9,SUMMER,2026-08-15,13:45:00,150,12,162,100,8,108,54,66.7,69.0,78.0,700.00,700.00,238.00,238.00,0.00,1000.00,1000.00,360.00,360.00,0.00,722.22,5.53,5.00,110.6,NorthStar Travel,690.00,Coastal Getaways,675.00,675.00,25.00,0.93289048824458287,Balanced,0,0,NULL,0,NULL,NULL,0,2026-06-08 09:00:00 +02:00,2026-06-08 09:00:00 +02:00,NULL
WG128-YVR-CUN-20260822,WG128-YVR-CUN,7,CUN,Cancun,SUNWING,Sunwing,MEXICO,Mexico,WG128,YVR,Vancouver,CUN,OWN,2026-08-16,Wk Aug 16,SUMMER,2026-08-22,13:45:00,180,16,196,108,11,119,77,60.7,63.5,78.0,725.00,685.00,246.50,206.50,-40.00,1025.00,973.00,369.00,317.00,-52.00,752.73,1.38,5.00,27.5,Holiday Air,715.00,Resort Direct,720.00,715.00,10.00,0.91463538584958926,Balanced,0,0,NULL,0,NULL,NULL,0,2026-06-08 09:00:00 +02:00,2026-06-08 09:00:00 +02:00,NULL
WG128-YVR-CUN-20260829,WG128-YVR-CUN,8,CUN,Cancun,SUNWING,Sunwing,MEXICO,Mexico,WG128,YVR,Vancouver,CUN,OWN,2026-08-23,Wk Aug 23,SUMMER,2026-08-29,13:45:00,150,18,168,105,10,115,53,68.5,69.6,78.0,755.00,755.00,256.70,256.70,0.00,1155.00,1175.00,415.80,435.80,20.00,789.78,6.26,5.00,125.2,Holiday Air,710.00,Resort Direct,775.00,710.00,45.00,0.93223660681911413,Balanced,0,0,NULL,0,NULL,NULL,0,2026-06-08 09:00:00 +02:00,2026-06-08 09:00:00 +02:00,NULL
WG128-YVR-CUN-20260905,WG128-YVR-CUN,9,CUN,Cancun,SUNWING,Sunwing,MEXICO,Mexico,WG128,YVR,Vancouver,CUN,OWN,2026-08-30,Wk Aug 30,SUMMER,2026-09-05,13:45:00,186,18,204,115,15,130,74,63.7,64.8,78.0,710.00,710.00,241.40,241.40,0.00,1050.00,1050.00,378.00,378.00,0.00,749.23,2.88,5.00,57.7,NorthStar Travel,665.00,Coastal Getaways,745.00,665.00,45.00,0.92143445087009890,Balanced,0,0,NULL,0,NULL,NULL,0,2026-06-08 09:00:00 +02:00,2026-06-08 09:00:00 +02:00,NULL
WG128-YVR-CUN-20260912,WG128-YVR-CUN,10,CUN,Cancun,SUNWING,Sunwing,MEXICO,Mexico,WG128,YVR,Vancouver,CUN,OWN,2026-09-06,Wk Sep 6,FALL,2026-09-12,13:45:00,150,12,162,79,5,84,78,51.9,53.0,78.0,635.00,605.00,215.90,185.90,-30.00,895.00,856.00,322.20,283.20,-39.00,650.48,5.12,5.00,102.3,NorthStar Travel,615.00,Coastal Getaways,580.00,580.00,55.00,0.95214311019653952,Balanced,0,0,NULL,0,NULL,NULL,0,2026-06-08 09:00:00 +02:00,2026-06-08 09:00:00 +02:00,NULL
WG128-YVR-CUN-20260919,WG128-YVR-CUN,11,CUN,Cancun,SUNWING,Sunwing,MEXICO,Mexico,WG128,YVR,Vancouver,CUN,OWN,2026-09-13,Wk Sep 13,FALL,2026-09-19,13:45:00,174,18,192,84,9,93,99,48.4,49.0,78.0,650.00,610.00,221.00,181.00,-40.00,1050.00,998.00,378.00,326.00,-52.00,688.71,1.97,5.00,39.3,BlueJet Vacations,630.00,MapleAir Holidays,625.00,625.00,25.00,0.92346436832044299,Balanced,0,0,NULL,0,NULL,NULL,0,2026-06-08 09:00:00 +02:00,2026-06-08 09:00:00 +02:00,NULL
WG128-YVR-CUN-20260926,WG128-YVR-CUN,12,CUN,Cancun,SUNWING,Sunwing,MEXICO,Mexico,WG128,YVR,Vancouver,CUN,OWN,2026-09-20,Wk Sep 20,FALL,2026-09-26,13:45:00,174,12,186,78,6,84,102,45.2,45.2,78.0,630.00,615.00,214.20,199.20,-15.00,970.00,950.50,349.20,329.70,-19.50,654.29,1.92,5.00,38.4,Holiday Air,645.00,Resort Direct,625.00,625.00,5.00,0.91863768056590545,Balanced,0,0,NULL,0,NULL,NULL,0,2026-06-08 09:00:00 +02:00,2026-06-08 09:00:00 +02:00,NULL
WG128-YVR-CUN-20261003,WG128-YVR-CUN,13,CUN,Cancun,SUNWING,Sunwing,MEXICO,Mexico,WG128,YVR,Vancouver,CUN,OWN,2026-09-27,Wk Sep 27,FALL,2026-10-03,13:45:00,189,18,207,89,11,100,107,48.3,48.3,78.0,620.00,600.00,210.80,190.80,-20.00,920.00,894.00,331.20,305.20,-26.00,653.00,1.00,5.00,19.9,Holiday Air,635.00,Resort Direct,670.00,635.00,-15.00,0.92614394740297945,Balanced,0,1,ROS_BELOW_TARGET,0,NULL,NULL,0,2026-06-08 09:00:00 +02:00,2026-06-08 09:00:00 +02:00,NULL
WG128-YVR-CUN-20261010,WG128-YVR-CUN,14,CUN,Cancun,SUNWING,Sunwing,MEXICO,Mexico,WG128,YVR,Vancouver,CUN,OWN,2026-10-04,Wk Oct 4,FALL,2026-10-10,13:45:00,180,16,196,69,8,77,119,39.3,39.3,78.0,605.00,575.00,205.70,175.70,-30.00,945.00,906.00,340.20,301.20,-39.00,640.32,2.39,5.00,47.9,SkyHoliday,585.00,Island Escape,580.00,580.00,25.00,0.90909692614728688,Balanced,0,0,NULL,0,NULL,NULL,0,2026-06-08 09:00:00 +02:00,2026-06-08 09:00:00 +02:00,NULL
WG128-YVR-CUN-20261017,WG128-YVR-CUN,15,CUN,Cancun,SUNWING,Sunwing,MEXICO,Mexico,WG128,YVR,Vancouver,CUN,OWN,2026-10-11,Wk Oct 11,FALL,2026-10-17,13:45:00,180,16,196,53,5,58,138,29.6,29.6,78.0,575.00,535.00,195.50,155.50,-40.00,875.00,823.00,315.00,263.00,-52.00,600.86,2.38,5.00,47.6,SkyHoliday,590.00,Island Escape,595.00,590.00,-15.00,0.91348787000149223,Balanced,0,0,NULL,0,NULL,NULL,0,2026-06-08 09:00:00 +02:00,2026-06-08 09:00:00 +02:00,NULL
WG128-YVR-CUN-20261024,WG128-YVR-CUN,16,CUN,Cancun,SUNWING,Sunwing,MEXICO,Mexico,WG128,YVR,Vancouver,CUN,OWN,2026-10-18,Wk Oct 18,FALL,2026-10-24,13:45:00,162,12,174,68,5,73,101,42.0,42.0,78.0,610.00,590.00,207.40,187.40,-20.00,1010.00,984.00,363.60,337.60,-26.00,637.40,2.22,5.00,44.4,BlueJet Vacations,565.00,MapleAir Holidays,630.00,565.00,45.00,0.93329264690869340,Balanced,0,0,NULL,0,NULL,NULL,0,2026-06-08 09:00:00 +02:00,2026-06-08 09:00:00 +02:00,NULL
WG128-YVR-CUN-20261031,WG128-YVR-CUN,17,CUN,Cancun,SUNWING,Sunwing,MEXICO,Mexico,WG128,YVR,Vancouver,CUN,OWN,2026-10-25,Wk Oct 25,FALL,2026-10-31,13:45:00,186,18,204,41,5,46,158,22.5,22.5,78.0,565.00,540.00,192.10,167.10,-25.00,905.00,872.50,325.80,293.30,-32.50,601.96,1.78,5.00,35.6,Holiday Air,580.00,Resort Direct,560.00,560.00,5.00,0.89696701117091027,Balanced,0,0,NULL,0,NULL,NULL,0,2026-06-08 09:00:00 +02:00,2026-06-08 09:00:00 +02:00,NULL
WG128-YVR-CUN-20261107,WG128-YVR-CUN,18,CUN,Cancun,SUNWING,Sunwing,MEXICO,Mexico,WG128,YVR,Vancouver,CUN,OWN,2026-11-01,Wk Nov 1,FALL,2026-11-07,13:45:00,150,18,168,27,2,29,139,17.3,17.3,78.0,555.00,530.00,188.70,163.70,-25.00,855.00,822.50,307.80,275.30,-32.50,575.69,1.17,5.00,23.4,NorthStar Travel,545.00,Coastal Getaways,550.00,545.00,10.00,0.94390204735332661,Balanced,0,0,NULL,0,NULL,NULL,0,2026-06-08 09:00:00 +02:00,2026-06-08 09:00:00 +02:00,NULL
WG128-YVR-CUN-20261114,WG128-YVR-CUN,19,CUN,Cancun,SUNWING,Sunwing,MEXICO,Mexico,WG128,YVR,Vancouver,CUN,OWN,2026-11-08,Wk Nov 8,FALL,2026-11-14,13:45:00,180,18,198,35,3,38,160,19.2,19.2,78.0,545.00,515.00,185.30,155.30,-30.00,845.00,806.00,304.20,265.20,-39.00,568.68,0.48,5.00,9.5,SkyHoliday,525.00,Island Escape,540.00,525.00,20.00,0.90521654039338406,Balanced,0,1,ROS_BELOW_TARGET,0,NULL,NULL,0,2026-06-08 09:00:00 +02:00,2026-06-08 09:00:00 +02:00,RM Demo User
WG128-YVR-CUN-20261121,WG128-YVR-CUN,20,CUN,Cancun,SUNWING,Sunwing,MEXICO,Mexico,WG128,YVR,Vancouver,CUN,OWN,2026-11-15,Wk Nov 15,FALL,2026-11-21,13:45:00,174,16,190,27,2,29,161,15.3,15.3,78.0,545.00,505.00,185.30,145.30,-40.00,805.00,753.00,289.80,237.80,-52.00,562.93,0.76,5.00,15.3,Holiday Air,515.00,Resort Direct,520.00,515.00,30.00,0.91200576265706379,Balanced,0,0,NULL,0,NULL,NULL,0,2026-06-08 09:00:00 +02:00,2026-06-08 09:00:00 +02:00,NULL
WG128-YVR-CUN-20261128,WG128-YVR-CUN,21,CUN,Cancun,SUNWING,Sunwing,MEXICO,Mexico,WG128,YVR,Vancouver,CUN,OWN,2026-11-22,Wk Nov 22,FALL,2026-11-28,13:45:00,180,16,196,42,6,48,148,24.5,24.5,78.0,575.00,550.00,195.50,170.50,-25.00,875.00,842.50,315.00,282.50,-32.50,612.50,0.74,5.00,14.9,NorthStar Travel,590.00,Coastal Getaways,595.00,590.00,-15.00,0.90375559392465543,Balanced,0,0,NULL,0,NULL,NULL,0,2026-06-08 09:00:00 +02:00,2026-06-08 09:00:00 +02:00,NULL
WG128-YVR-CUN-20261205,WG128-YVR-CUN,22,CUN,Cancun,SUNWING,Sunwing,MEXICO,Mexico,WG128,YVR,Vancouver,CUN,OWN,2026-11-29,Wk Nov 29,FALL,2026-12-05,13:45:00,186,18,204,40,5,45,159,22.1,22.1,78.0,570.00,545.00,193.80,168.80,-25.00,970.00,937.50,349.20,316.70,-32.50,614.44,0.53,5.00,10.6,SkyHoliday,550.00,Island Escape,590.00,550.00,20.00,0.91655101402148187,Balanced,0,0,NULL,0,NULL,NULL,0,2026-06-08 09:00:00 +02:00,2026-06-08 09:00:00 +02:00,NULL
WG128-YVR-CUN-20261212,WG128-YVR-CUN,23,CUN,Cancun,SUNWING,Sunwing,MEXICO,Mexico,WG128,YVR,Vancouver,CUN,OWN,2026-12-06,Wk Dec 6,WINTER,2026-12-12,13:45:00,162,12,174,31,4,35,139,20.1,20.1,78.0,595.00,585.00,202.30,192.30,-10.00,995.00,982.00,358.20,345.20,-13.00,640.71,1.85,5.00,37.0,SkyHoliday,635.00,Island Escape,605.00,605.00,-10.00,0.94184509359640334,Balanced,0,1,ROS_BELOW_TARGET,0,NULL,NULL,0,2026-06-08 09:00:00 +02:00,2026-06-08 09:00:00 +02:00,RM Demo User
WG128-YVR-CUN-20261219,WG128-YVR-CUN,24,CUN,Cancun,SUNWING,Sunwing,MEXICO,Mexico,WG128,YVR,Vancouver,CUN,OWN,2026-12-13,Wk Dec 13,WINTER,2026-12-19,13:45:00,162,18,180,25,2,27,153,15.0,15.0,78.0,585.00,560.00,198.90,173.90,-25.00,985.00,952.50,354.60,322.10,-32.50,614.63,1.42,5.00,28.4,NorthStar Travel,610.00,Coastal Getaways,635.00,610.00,-25.00,0.93735064299722071,Balanced,0,0,NULL,1,RM review hold,2026-06-29,0,2026-06-08 09:00:00 +02:00,2026-06-08 09:00:00 +02:00,RM Demo User
WG135-YUL-PUJ-20260706,WG135-YUL-PUJ,1,PUJ,Punta Cana,SUNWING,Sunwing,CARIBBEAN,Caribbean,WG135,YUL,Montreal,PUJ,OWN,2026-07-05,Wk Jul 5,SUMMER,2026-07-06,16:20:00,210,18,228,189,16,205,23,89.9,95.3,78.0,770.00,800.00,261.80,291.80,30.00,1110.00,1149.00,399.60,438.60,39.00,796.54,8.64,5.00,172.7,SkyHoliday,725.00,Island Escape,765.00,725.00,45.00,0.76655974821976103,Under-bedded,0,0,NULL,0,NULL,NULL,0,2026-06-08 09:00:00 +02:00,2026-06-08 09:00:00 +02:00,NULL
WG135-YUL-PUJ-20260713,WG135-YUL-PUJ,2,PUJ,Punta Cana,SUNWING,Sunwing,CARIBBEAN,Caribbean,WG135,YUL,Montreal,PUJ,OWN,2026-07-12,Wk Jul 12,SUMMER,2026-07-13,16:20:00,210,18,228,206,16,222,6,97.4,100.0,78.0,745.00,785.00,253.30,293.30,40.00,1145.00,1197.00,412.20,464.20,52.00,773.83,3.79,5.00,75.9,Holiday Air,770.00,Resort Direct,720.00,720.00,25.00,0.76177866990357468,Under-bedded,0,0,NULL,0,NULL,NULL,1,2026-06-08 09:00:00 +02:00,2026-06-08 09:00:00 +02:00,NULL
WG135-YUL-PUJ-20260720,WG135-YUL-PUJ,3,PUJ,Punta Cana,SUNWING,Sunwing,CARIBBEAN,Caribbean,WG135,YUL,Montreal,PUJ,OWN,2026-07-19,Wk Jul 19,SUMMER,2026-07-20,16:20:00,210,12,222,197,11,208,14,93.7,99.9,78.0,795.00,855.00,270.30,330.30,60.00,1095.00,1173.00,394.20,472.20,78.00,810.87,5.88,5.00,117.5,BlueJet Vacations,810.00,MapleAir Holidays,740.00,740.00,55.00,0.76062195467857607,Under-bedded,0,0,NULL,0,NULL,NULL,0,2026-06-08 09:00:00 +02:00,2026-06-08 09:00:00 +02:00,NULL
WG135-YUL-PUJ-20260727,WG135-YUL-PUJ,4,PUJ,Punta Cana,SUNWING,Sunwing,CARIBBEAN,Caribbean,WG135,YUL,Montreal,PUJ,OWN,2026-07-26,Wk Jul 26,SUMMER,2026-07-27,16:20:00,220,12,232,183,11,194,38,83.6,85.4,78.0,780.00,780.00,265.20,265.20,0.00,1120.00,1120.00,403.20,403.20,0.00,799.28,4.60,5.00,92.0,SkyHoliday,750.00,Island Escape,830.00,750.00,30.00,0.80922197241563054,Under-bedded,0,0,NULL,0,NULL,NULL,0,2026-06-08 09:00:00 +02:00,2026-06-08 09:00:00 +02:00,NULL
WG135-YUL-PUJ-20260803,WG135-YUL-PUJ,5,PUJ,Punta Cana,SUNWING,Sunwing,CARIBBEAN,Caribbean,WG135,YUL,Montreal,PUJ,OWN,2026-08-02,Wk Aug 2,SUMMER,2026-08-03,16:20:00,210,12,222,162,9,171,51,77.0,79.8,78.0,725.00,725.00,246.50,246.50,0.00,1065.00,1065.00,383.40,383.40,0.00,742.89,5.73,5.00,114.5,BlueJet Vacations,705.00,MapleAir Holidays,700.00,700.00,25.00,0.75452164893995333,Under-bedded,0,0,NULL,0,NULL,NULL,0,2026-06-08 09:00:00 +02:00,2026-06-08 09:00:00 +02:00,NULL
WG135-YUL-PUJ-20260810,WG135-YUL-PUJ,6,PUJ,Punta Cana,SUNWING,Sunwing,CARIBBEAN,Caribbean,WG135,YUL,Montreal,PUJ,OWN,2026-08-09,Wk Aug 9,SUMMER,2026-08-10,16:20:00,189,18,207,157,13,170,37,82.1,85.4,78.0,765.00,765.00,260.10,260.10,0.00,1065.00,1065.00,383.40,383.40,0.00,787.94,2.79,5.00,55.8,NorthStar Travel,780.00,Coastal Getaways,710.00,710.00,55.00,0.80213729267973477,Under-bedded,0,0,NULL,0,NULL,NULL,0,2026-06-08 09:00:00 +02:00,2026-06-08 09:00:00 +02:00,NULL
WG135-YUL-PUJ-20260817,WG135-YUL-PUJ,7,PUJ,Punta Cana,SUNWING,Sunwing,CARIBBEAN,Caribbean,WG135,YUL,Montreal,PUJ,OWN,2026-08-16,Wk Aug 16,SUMMER,2026-08-17,16:20:00,189,18,207,151,16,167,40,80.7,82.6,78.0,740.00,730.00,251.60,241.60,-10.00,1040.00,1027.00,374.40,361.40,-13.00,768.74,2.49,5.00,49.7,SkyHoliday,780.00,Island Escape,775.00,775.00,-35.00,0.76578613430797005,Under-bedded,0,0,NULL,0,NULL,NULL,0,2026-06-08 09:00:00 +02:00,2026-06-08 09:00:00 +02:00,NULL
WG135-YUL-PUJ-20260824,WG135-YUL-PUJ,8,PUJ,Punta Cana,SUNWING,Sunwing,CARIBBEAN,Caribbean,WG135,YUL,Montreal,PUJ,OWN,2026-08-23,Wk Aug 23,SUMMER,2026-08-24,16:20:00,189,18,207,142,15,157,50,75.8,77.8,78.0,730.00,730.00,248.20,248.20,0.00,1070.00,1070.00,385.20,385.20,0.00,762.48,3.28,5.00,65.6,Holiday Air,720.00,Resort Direct,765.00,720.00,10.00,0.78318799767712699,Under-bedded,0,0,NULL,0,NULL,NULL,0,2026-06-08 09:00:00 +02:00,2026-06-08 09:00:00 +02:00,NULL
WG135-YUL-PUJ-20260831,WG135-YUL-PUJ,9,PUJ,Punta Cana,SUNWING,Sunwing,CARIBBEAN,Caribbean,WG135,YUL,Montreal,PUJ,OWN,2026-08-30,Wk Aug 30,SUMMER,2026-08-31,16:20:00,220,16,236,165,14,179,57,75.8,78.1,78.0,740.00,710.00,251.60,221.60,-30.00,1040.00,1001.00,374.40,335.40,-39.00,763.46,2.29,5.00,45.7,BlueJet Vacations,695.00,MapleAir Holidays,750.00,695.00,45.00,0.76397868445211103,Under-bedded,0,0,NULL,0,NULL,NULL,0,2026-06-08 09:00:00 +02:00,2026-06-08 09:00:00 +02:00,NULL
WG135-YUL-PUJ-20260907,WG135-YUL-PUJ,10,PUJ,Punta Cana,SUNWING,Sunwing,CARIBBEAN,Caribbean,WG135,YUL,Montreal,PUJ,OWN,2026-09-06,Wk Sep 6,FALL,2026-09-07,16:20:00,210,12,222,117,7,124,98,55.9,57.7,78.0,640.00,620.00,217.60,197.60,-20.00,1040.00,1014.00,374.40,348.40,-26.00,662.58,4.23,5.00,84.7,Holiday Air,620.00,Resort Direct,660.00,620.00,20.00,0.78612828071341589,Under-bedded,0,0,NULL,0,NULL,NULL,0,2026-06-08 09:00:00 +02:00,2026-06-08 09:00:00 +02:00,NULL
WG135-YUL-PUJ-20260914,WG135-YUL-PUJ,11,PUJ,Punta Cana,SUNWING,Sunwing,CARIBBEAN,Caribbean,WG135,YUL,Montreal,PUJ,OWN,2026-09-13,Wk Sep 13,FALL,2026-09-14,16:20:00,189,16,205,109,9,118,87,57.6,57.9,78.0,585.00,570.00,198.90,183.90,-15.00,925.00,905.50,333.00,313.50,-19.50,610.93,1.46,5.00,29.3,NorthStar Travel,555.00,Coastal Getaways,560.00,555.00,30.00,0.76751285842612582,Under-bedded,0,0,NULL,0,NULL,NULL,0,2026-06-08 09:00:00 +02:00,2026-06-08 09:00:00 +02:00,NULL
WG135-YUL-PUJ-20260921,WG135-YUL-PUJ,12,PUJ,Punta Cana,SUNWING,Sunwing,CARIBBEAN,Caribbean,WG135,YUL,Montreal,PUJ,OWN,2026-09-20,Wk Sep 20,FALL,2026-09-21,16:20:00,220,12,232,117,9,126,106,54.3,54.7,78.0,605.00,595.00,205.70,195.70,-10.00,865.00,852.00,311.40,298.40,-13.00,623.57,4.87,5.00,97.3,NorthStar Travel,645.00,Coastal Getaways,600.00,600.00,5.00,0.77671326463550250,Under-bedded,0,0,NULL,0,NULL,NULL,0,2026-06-08 09:00:00 +02:00,2026-06-08 09:00:00 +02:00,NULL
WG135-YUL-PUJ-20260928,WG135-YUL-PUJ,13,PUJ,Punta Cana,SUNWING,Sunwing,CARIBBEAN,Caribbean,WG135,YUL,Montreal,PUJ,OWN,2026-09-27,Wk Sep 27,FALL,2026-09-28,16:20:00,189,18,207,90,9,99,108,47.8,47.8,78.0,620.00,600.00,210.80,190.80,-20.00,960.00,934.00,345.60,319.60,-26.00,650.91,3.87,5.00,77.4,BlueJet Vacations,645.00,MapleAir Holidays,630.00,630.00,-10.00,0.77607295923966646,Under-bedded,0,0,NULL,0,NULL,NULL,0,2026-06-08 09:00:00 +02:00,2026-06-08 09:00:00 +02:00,NULL
WG135-YUL-PUJ-20261005,WG135-YUL-PUJ,14,PUJ,Punta Cana,SUNWING,Sunwing,CARIBBEAN,Caribbean,WG135,YUL,Montreal,PUJ,OWN,2026-10-04,Wk Oct 4,FALL,2026-10-05,16:20:00,189,18,207,84,8,92,115,44.4,44.4,78.0,575.00,560.00,195.50,180.50,-15.00,835.00,815.50,300.60,281.10,-19.50,597.61,1.04,5.00,20.9,Holiday Air,530.00,Resort Direct,570.00,530.00,45.00,0.80031371343179281,Under-bedded,0,0,NULL,0,NULL,NULL,0,2026-06-08 09:00:00 +02:00,2026-06-08 09:00:00 +02:00,NULL
WG135-YUL-PUJ-20261012,WG135-YUL-PUJ,15,PUJ,Punta Cana,SUNWING,Sunwing,CARIBBEAN,Caribbean,WG135,YUL,Montreal,PUJ,OWN,2026-10-11,Wk Oct 11,FALL,2026-10-12,16:20:00,210,12,222,74,5,79,143,35.6,35.6,78.0,560.00,550.00,190.40,180.40,-10.00,820.00,807.00,295.20,282.20,-13.00,576.46,2.45,5.00,49.0,NorthStar Travel,600.00,Coastal Getaways,555.00,555.00,5.00,0.79681747120598934,Under-bedded,1,0,NULL,0,NULL,NULL,0,2026-06-08 09:00:00 +02:00,2026-06-08 09:00:00 +02:00,AutoPilot Demo
WG135-YUL-PUJ-20261019,WG135-YUL-PUJ,16,PUJ,Punta Cana,SUNWING,Sunwing,CARIBBEAN,Caribbean,WG135,YUL,Montreal,PUJ,OWN,2026-10-18,Wk Oct 18,FALL,2026-10-19,16:20:00,220,18,238,84,8,92,146,38.7,38.7,78.0,560.00,530.00,190.40,160.40,-30.00,820.00,781.00,295.20,256.20,-39.00,582.61,3.59,5.00,71.8,BlueJet Vacations,600.00,MapleAir Holidays,580.00,580.00,-20.00,0.78554123143091759,Under-bedded,0,0,NULL,0,NULL,NULL,0,2026-06-08 09:00:00 +02:00,2026-06-08 09:00:00 +02:00,NULL
WG135-YUL-PUJ-20261026,WG135-YUL-PUJ,17,PUJ,Punta Cana,SUNWING,Sunwing,CARIBBEAN,Caribbean,WG135,YUL,Montreal,PUJ,OWN,2026-10-25,Wk Oct 25,FALL,2026-10-26,16:20:00,210,12,222,59,1,60,162,27.0,27.0,78.0,540.00,525.00,183.60,168.60,-15.00,800.00,780.50,288.00,268.50,-19.50,544.33,1.48,5.00,29.6,BlueJet Vacations,580.00,MapleAir Holidays,560.00,560.00,-20.00,0.76539183611398598,Under-bedded,0,1,ROS_BELOW_TARGET,0,NULL,NULL,0,2026-06-08 09:00:00 +02:00,2026-06-08 09:00:00 +02:00,NULL
WG135-YUL-PUJ-20261102,WG135-YUL-PUJ,18,PUJ,Punta Cana,SUNWING,Sunwing,CARIBBEAN,Caribbean,WG135,YUL,Montreal,PUJ,OWN,2026-11-01,Wk Nov 1,FALL,2026-11-02,16:20:00,210,12,222,62,5,67,155,30.2,30.2,78.0,585.00,560.00,198.90,173.90,-25.00,925.00,892.50,333.00,300.50,-32.50,610.37,1.73,5.00,34.6,Holiday Air,555.00,Resort Direct,595.00,555.00,30.00,0.77105601773478605,Under-bedded,0,0,NULL,0,NULL,NULL,0,2026-06-08 09:00:00 +02:00,2026-06-08 09:00:00 +02:00,NULL
WG135-YUL-PUJ-20261109,WG135-YUL-PUJ,19,PUJ,Punta Cana,SUNWING,Sunwing,CARIBBEAN,Caribbean,WG135,YUL,Montreal,PUJ,OWN,2026-11-08,Wk Nov 8,FALL,2026-11-09,16:20:00,210,18,228,67,3,70,158,30.7,30.7,78.0,565.00,535.00,192.10,162.10,-30.00,865.00,826.00,311.40,272.40,-39.00,577.86,0.89,5.00,17.8,SkyHoliday,590.00,Island Escape,600.00,590.00,-25.00,0.78290916206185102,Under-bedded,0,1,ROS_BELOW_TARGET,0,NULL,NULL,0,2026-06-08 09:00:00 +02:00,2026-06-08 09:00:00 +02:00,NULL
WG135-YUL-PUJ-20261116,WG135-YUL-PUJ,20,PUJ,Punta Cana,SUNWING,Sunwing,CARIBBEAN,Caribbean,WG135,YUL,Montreal,PUJ,OWN,2026-11-15,Wk Nov 15,FALL,2026-11-16,16:20:00,210,16,226,62,5,67,159,29.6,29.6,78.0,570.00,555.00,193.80,178.80,-15.00,870.00,850.50,313.20,293.70,-19.50,592.39,2.08,5.00,41.5,NorthStar Travel,540.00,Coastal Getaways,545.00,540.00,30.00,0.76510335716863176,Under-bedded,0,0,NULL,0,NULL,NULL,0,2026-06-08 09:00:00 +02:00,2026-06-08 09:00:00 +02:00,NULL
WG135-YUL-PUJ-20261123,WG135-YUL-PUJ,21,PUJ,Punta Cana,SUNWING,Sunwing,CARIBBEAN,Caribbean,WG135,YUL,Montreal,PUJ,OWN,2026-11-22,Wk Nov 22,FALL,2026-11-23,16:20:00,210,16,226,59,3,62,164,27.4,27.4,78.0,585.00,570.00,198.90,183.90,-15.00,985.00,965.50,354.60,335.10,-19.50,604.35,1.64,5.00,32.9,BlueJet Vacations,610.00,MapleAir Holidays,620.00,610.00,-25.00,0.79524327201258715,Under-bedded,0,0,NULL,0,NULL,NULL,0,2026-06-08 09:00:00 +02:00,2026-06-08 09:00:00 +02:00,NULL
WG135-YUL-PUJ-20261130,WG135-YUL-PUJ,22,PUJ,Punta Cana,SUNWING,Sunwing,CARIBBEAN,Caribbean,WG135,YUL,Montreal,PUJ,OWN,2026-11-29,Wk Nov 29,FALL,2026-11-30,16:20:00,220,16,236,61,3,64,172,27.1,27.1,78.0,555.00,515.00,188.70,148.70,-40.00,895.00,843.00,322.20,270.20,-52.00,570.94,2.54,5.00,50.9,SkyHoliday,510.00,Island Escape,500.00,500.00,55.00,0.79048271776872925,Under-bedded,0,0,NULL,0,NULL,NULL,0,2026-06-08 09:00:00 +02:00,2026-06-08 09:00:00 +02:00,NULL
WG135-YUL-PUJ-20261207,WG135-YUL-PUJ,23,PUJ,Punta Cana,SUNWING,Sunwing,CARIBBEAN,Caribbean,WG135,YUL,Montreal,PUJ,OWN,2026-12-06,Wk Dec 6,WINTER,2026-12-07,16:20:00,189,12,201,60,2,62,139,30.8,30.8,78.0,625.00,595.00,212.50,182.50,-30.00,965.00,926.00,347.40,308.40,-39.00,635.97,1.84,5.00,36.7,SkyHoliday,595.00,Island Escape,645.00,595.00,30.00,0.77305975756949441,Under-bedded,0,0,NULL,0,NULL,NULL,0,2026-06-08 09:00:00 +02:00,2026-06-08 09:00:00 +02:00,NULL
WG135-YUL-PUJ-20261214,WG135-YUL-PUJ,24,PUJ,Punta Cana,SUNWING,Sunwing,CARIBBEAN,Caribbean,WG135,YUL,Montreal,PUJ,OWN,2026-12-13,Wk Dec 13,WINTER,2026-12-14,16:20:00,210,16,226,46,3,49,177,21.7,21.7,78.0,585.00,560.00,198.90,173.90,-25.00,985.00,952.50,354.60,322.10,-32.50,609.49,2.15,5.00,43.0,BlueJet Vacations,600.00,MapleAir Holidays,605.00,600.00,-15.00,0.79562111730290508,Under-bedded,0,0,NULL,0,NULL,NULL,0,2026-06-08 09:00:00 +02:00,2026-06-08 09:00:00 +02:00,NULL
WG142-YYC-PUJ-20260708,WG142-YYC-PUJ,1,PUJ,Punta Cana,SUNWING,Sunwing,CARIBBEAN,Caribbean,WG142,YYC,Calgary,PUJ,RSK,2026-07-05,Wk Jul 5,SUMMER,2026-07-08,16:20:00,189,16,205,187,14,201,4,98.0,100.0,78.0,790.00,820.00,237.00,267.00,30.00,1050.00,1089.00,378.00,417.00,39.00,808.11,2.27,5.00,45.4,SkyHoliday,805.00,Island Escape,800.00,800.00,-10.00,0.78839158863957848,Under-bedded,1,0,NULL,0,NULL,NULL,1,2026-06-08 09:00:00 +02:00,2026-06-08 09:00:00 +02:00,AutoPilot Demo
WG142-YYC-PUJ-20260715,WG142-YYC-PUJ,2,PUJ,Punta Cana,SUNWING,Sunwing,CARIBBEAN,Caribbean,WG142,YYC,Calgary,PUJ,RSK,2026-07-12,Wk Jul 12,SUMMER,2026-07-15,16:20:00,186,18,204,167,16,183,21,89.7,94.5,78.0,790.00,825.00,237.00,272.00,35.00,1050.00,1095.50,378.00,423.50,45.50,812.73,3.16,5.00,63.2,SkyHoliday,805.00,Island Escape,840.00,805.00,-15.00,0.77560356926520002,Under-bedded,1,0,NULL,0,NULL,NULL,0,2026-06-08 09:00:00 +02:00,2026-06-08 09:00:00 +02:00,NULL
WG142-YYC-PUJ-20260722,WG142-YYC-PUJ,3,PUJ,Punta Cana,SUNWING,Sunwing,CARIBBEAN,Caribbean,WG142,YYC,Calgary,PUJ,RSK,2026-07-19,Wk Jul 19,SUMMER,2026-07-22,16:20:00,189,18,207,171,16,187,20,90.3,93.1,78.0,845.00,875.00,253.50,283.50,30.00,1245.00,1284.00,448.20,487.20,39.00,879.22,8.60,5.00,172.0,SkyHoliday,835.00,Island Escape,840.00,835.00,10.00,0.77454110537753473,Under-bedded,0,0,NULL,0,NULL,NULL,0,2026-06-08 09:00:00 +02:00,2026-06-08 09:00:00 +02:00,NULL
WG142-YYC-PUJ-20260729,WG142-YYC-PUJ,4,PUJ,Punta Cana,SUNWING,Sunwing,CARIBBEAN,Caribbean,WG142,YYC,Calgary,PUJ,RSK,2026-07-26,Wk Jul 26,SUMMER,2026-07-29,16:20:00,150,18,168,120,14,134,34,79.8,82.4,78.0,800.00,810.00,240.00,250.00,10.00,1060.00,1073.00,381.60,394.60,13.00,827.16,5.49,5.00,109.9,BlueJet Vacations,780.00,MapleAir Holidays,795.00,780.00,20.00,0.77158894591683713,Under-bedded,0,0,NULL,0,NULL,NULL,0,2026-06-08 09:00:00 +02:00,2026-06-08 09:00:00 +02:00,NULL
WG142-YYC-PUJ-20260805,WG142-YYC-PUJ,5,PUJ,Punta Cana,SUNWING,Sunwing,CARIBBEAN,Caribbean,WG142,YYC,Calgary,PUJ,RSK,2026-08-02,Wk Aug 2,SUMMER,2026-08-05,16:20:00,189,12,201,155,10,165,36,82.1,86.9,78.0,795.00,810.00,238.50,253.50,15.00,1055.00,1074.50,379.80,399.30,19.50,810.76,3.25,5.00,65.0,NorthStar Travel,750.00,Coastal Getaways,830.00,750.00,45.00,0.78129716366855229,Under-bedded,0,0,NULL,0,NULL,NULL,0,2026-06-08 09:00:00 +02:00,2026-06-08 09:00:00 +02:00,NULL
WG142-YYC-PUJ-20260812,WG142-YYC-PUJ,6,PUJ,Punta Cana,SUNWING,Sunwing,CARIBBEAN,Caribbean,WG142,YYC,Calgary,PUJ,RSK,2026-08-09,Wk Aug 9,SUMMER,2026-08-12,16:20:00,186,16,202,145,14,159,43,78.7,80.0,78.0,760.00,760.00,228.00,228.00,0.00,1020.00,1020.00,367.20,367.20,0.00,782.89,3.04,5.00,60.8,Holiday Air,785.00,Resort Direct,810.00,785.00,-25.00,0.77086649455464484,Under-bedded,0,0,NULL,0,NULL,NULL,0,2026-06-08 09:00:00 +02:00,2026-06-08 09:00:00 +02:00,NULL
WG142-YYC-PUJ-20260819,WG142-YYC-PUJ,7,PUJ,Punta Cana,SUNWING,Sunwing,CARIBBEAN,Caribbean,WG142,YYC,Calgary,PUJ,RSK,2026-08-16,Wk Aug 16,SUMMER,2026-08-19,16:20:00,150,12,162,117,10,127,35,78.4,80.5,78.0,785.00,775.00,235.50,225.50,-10.00,1085.00,1072.00,390.60,377.60,-13.00,808.62,6.95,5.00,139.0,BlueJet Vacations,825.00,MapleAir Holidays,730.00,730.00,55.00,0.76594271976459716,Under-bedded,0,0,NULL,0,NULL,NULL,0,2026-06-08 09:00:00 +02:00,2026-06-08 09:00:00 +02:00,NULL
WG142-YYC-PUJ-20260826,WG142-YYC-PUJ,8,PUJ,Punta Cana,SUNWING,Sunwing,CARIBBEAN,Caribbean,WG142,YYC,Calgary,PUJ,RSK,2026-08-23,Wk Aug 23,SUMMER,2026-08-26,16:20:00,186,18,204,124,12,136,68,66.7,68.9,78.0,785.00,785.00,235.50,235.50,0.00,1185.00,1185.00,426.60,426.60,0.00,820.29,5.81,5.00,116.1,SkyHoliday,775.00,Island Escape,780.00,775.00,10.00,0.77306730411126423,Under-bedded,0,0,NULL,0,NULL,NULL,0,2026-06-08 09:00:00 +02:00,2026-06-08 09:00:00 +02:00,NULL
WG142-YYC-PUJ-20260902,WG142-YYC-PUJ,9,PUJ,Punta Cana,SUNWING,Sunwing,CARIBBEAN,Caribbean,WG142,YYC,Calgary,PUJ,RSK,2026-08-30,Wk Aug 30,SUMMER,2026-09-02,16:20:00,180,16,196,116,9,125,71,63.8,66.1,78.0,740.00,740.00,222.00,222.00,0.00,1000.00,1020.00,360.00,380.00,20.00,758.72,3.26,5.00,65.2,SkyHoliday,695.00,Island Escape,685.00,685.00,55.00,0.77240686951130688,Under-bedded,0,0,NULL,0,NULL,NULL,0,2026-06-08 09:00:00 +02:00,2026-06-08 09:00:00 +02:00,NULL
WG142-YYC-PUJ-20260909,WG142-YYC-PUJ,10,PUJ,Punta Cana,SUNWING,Sunwing,CARIBBEAN,Caribbean,WG142,YYC,Calgary,PUJ,RSK,2026-09-06,Wk Sep 6,FALL,2026-09-09,16:20:00,189,16,205,123,9,132,73,64.4,65.2,78.0,695.00,695.00,208.50,208.50,0.00,995.00,995.00,358.20,358.20,0.00,715.45,5.38,5.00,107.5,SkyHoliday,720.00,Island Escape,640.00,640.00,55.00,0.76759006216594150,Under-bedded,0,0,NULL,0,NULL,NULL,0,2026-06-08 09:00:00 +02:00,2026-06-08 09:00:00 +02:00,NULL
WG142-YYC-PUJ-20260916,WG142-YYC-PUJ,11,PUJ,Punta Cana,SUNWING,Sunwing,CARIBBEAN,Caribbean,WG142,YYC,Calgary,PUJ,RSK,2026-09-13,Wk Sep 13,FALL,2026-09-16,16:20:00,180,18,198,103,9,112,86,56.6,57.5,78.0,645.00,615.00,193.50,163.50,-30.00,905.00,866.00,325.80,286.80,-39.00,665.89,4.03,5.00,80.6,SkyHoliday,600.00,Island Escape,590.00,590.00,55.00,0.78671059068148819,Under-bedded,0,0,NULL,0,NULL,NULL,0,2026-06-08 09:00:00 +02:00,2026-06-08 09:00:00 +02:00,NULL
WG142-YYC-PUJ-20260923,WG142-YYC-PUJ,12,PUJ,Punta Cana,SUNWING,Sunwing,CARIBBEAN,Caribbean,WG142,YYC,Calgary,PUJ,RSK,2026-09-20,Wk Sep 20,FALL,2026-09-23,16:20:00,150,16,166,76,9,85,81,51.2,51.5,78.0,665.00,635.00,199.50,169.50,-30.00,965.00,926.00,347.40,308.40,-39.00,696.76,3.05,5.00,61.0,BlueJet Vacations,645.00,MapleAir Holidays,685.00,645.00,20.00,0.76441701973660814,Under-bedded,0,0,NULL,0,NULL,NULL,0,2026-06-08 09:00:00 +02:00,2026-06-08 09:00:00 +02:00,NULL
WG142-YYC-PUJ-20260930,WG142-YYC-PUJ,13,PUJ,Punta Cana,SUNWING,Sunwing,CARIBBEAN,Caribbean,WG142,YYC,Calgary,PUJ,RSK,2026-09-27,Wk Sep 27,FALL,2026-09-30,16:20:00,180,16,196,74,9,83,113,42.3,42.3,78.0,630.00,605.00,189.00,164.00,-25.00,1030.00,997.50,370.80,338.30,-32.50,673.37,2.78,5.00,55.6,SkyHoliday,585.00,Island Escape,665.00,585.00,45.00,0.77498589448124777,Under-bedded,0,1,ROS_BELOW_TARGET,0,NULL,NULL,0,2026-06-08 09:00:00 +02:00,2026-06-08 09:00:00 +02:00,RM Demo User
WG142-YYC-PUJ-20261007,WG142-YYC-PUJ,14,PUJ,Punta Cana,SUNWING,Sunwing,CARIBBEAN,Caribbean,WG142,YYC,Calgary,PUJ,RSK,2026-10-04,Wk Oct 4,FALL,2026-10-07,16:20:00,162,16,178,66,6,72,106,40.4,40.4,78.0,620.00,605.00,186.00,171.00,-15.00,920.00,900.50,331.20,311.70,-19.50,645.00,1.97,5.00,39.3,BlueJet Vacations,610.00,MapleAir Holidays,640.00,610.00,10.00,0.76432369729583471,Under-bedded,0,1,ROS_BELOW_TARGET,0,NULL,NULL,0,2026-06-08 09:00:00 +02:00,2026-06-08 09:00:00 +02:00,NULL
WG142-YYC-PUJ-20261014,WG142-YYC-PUJ,15,PUJ,Punta Cana,SUNWING,Sunwing,CARIBBEAN,Caribbean,WG142,YYC,Calgary,PUJ,RSK,2026-10-11,Wk Oct 11,FALL,2026-10-14,16:20:00,162,18,180,66,7,73,107,40.6,40.6,78.0,625.00,595.00,187.50,157.50,-30.00,965.00,926.00,347.40,308.40,-39.00,657.60,3.19,5.00,63.9,SkyHoliday,580.00,Island Escape,660.00,580.00,45.00,0.78293348568589149,Under-bedded,0,0,NULL,0,NULL,NULL,0,2026-06-08 09:00:00 +02:00,2026-06-08 09:00:00 +02:00,NULL
WG142-YYC-PUJ-20261021,WG142-YYC-PUJ,16,PUJ,Punta Cana,SUNWING,Sunwing,CARIBBEAN,Caribbean,WG142,YYC,Calgary,PUJ,RSK,2026-10-18,Wk Oct 18,FALL,2026-10-21,16:20:00,186,16,202,52,6,58,144,28.7,28.7,78.0,565.00,535.00,169.50,139.50,-30.00,865.00,826.00,311.40,272.40,-39.00,596.03,2.21,5.00,44.3,NorthStar Travel,545.00,Coastal Getaways,510.00,510.00,55.00,0.76547507853910024,Under-bedded,0,0,NULL,0,NULL,NULL,0,2026-06-08 09:00:00 +02:00,2026-06-08 09:00:00 +02:00,NULL
WG142-YYC-PUJ-20261028,WG142-YYC-PUJ,17,PUJ,Punta Cana,SUNWING,Sunwing,CARIBBEAN,Caribbean,WG142,YYC,Calgary,PUJ,RSK,2026-10-25,Wk Oct 25,FALL,2026-10-28,16:20:00,180,18,198,40,6,46,152,23.2,23.2,78.0,590.00,565.00,177.00,152.00,-25.00,990.00,957.50,356.40,323.90,-32.50,642.17,2.00,5.00,40.1,NorthStar Travel,615.00,Coastal Getaways,535.00,535.00,55.00,0.77301174164149633,Under-bedded,0,0,NULL,0,NULL,NULL,0,2026-06-08 09:00:00 +02:00,2026-06-08 09:00:00 +02:00,NULL
WG142-YYC-PUJ-20261104,WG142-YYC-PUJ,18,PUJ,Punta Cana,SUNWING,Sunwing,CARIBBEAN,Caribbean,WG142,YYC,Calgary,PUJ,RSK,2026-11-01,Wk Nov 1,FALL,2026-11-04,16:20:00,162,12,174,45,3,48,126,27.6,27.6,78.0,620.00,595.00,186.00,161.00,-25.00,1020.00,987.50,367.20,334.70,-32.50,645.00,1.51,5.00,30.2,BlueJet Vacations,645.00,MapleAir Holidays,630.00,630.00,-10.00,0.76596243889002380,Under-bedded,0,0,NULL,0,NULL,NULL,0,2026-06-08 09:00:00 +02:00,2026-06-08 09:00:00 +02:00,NULL
WG142-YYC-PUJ-20261111,WG142-YYC-PUJ,19,PUJ,Punta Cana,SUNWING,Sunwing,CARIBBEAN,Caribbean,WG142,YYC,Calgary,PUJ,RSK,2026-11-08,Wk Nov 8,FALL,2026-11-11,16:20:00,162,18,180,46,2,48,132,26.7,26.7,78.0,605.00,585.00,181.50,161.50,-20.00,865.00,839.00,311.40,285.40,-26.00,615.83,1.66,5.00,33.3,NorthStar Travel,630.00,Coastal Getaways,550.00,550.00,55.00,0.77841630896684710,Under-bedded,0,1,ROS_BELOW_TARGET,0,NULL,NULL,0,2026-06-08 09:00:00 +02:00,2026-06-08 09:00:00 +02:00,NULL
WG142-YYC-PUJ-20261118,WG142-YYC-PUJ,20,PUJ,Punta Cana,SUNWING,Sunwing,CARIBBEAN,Caribbean,WG142,YYC,Calgary,PUJ,RSK,2026-11-15,Wk Nov 15,FALL,2026-11-18,16:20:00,174,18,192,47,8,55,137,28.6,28.6,78.0,615.00,600.00,184.50,169.50,-15.00,915.00,895.50,329.40,309.90,-19.50,658.64,2.05,5.00,41.1,NorthStar Travel,570.00,Coastal Getaways,665.00,570.00,45.00,0.79226845286796588,Under-bedded,0,1,ROS_BELOW_TARGET,0,NULL,NULL,0,2026-06-08 09:00:00 +02:00,2026-06-08 09:00:00 +02:00,NULL
WG142-YYC-PUJ-20261125,WG142-YYC-PUJ,21,PUJ,Punta Cana,SUNWING,Sunwing,CARIBBEAN,Caribbean,WG142,YYC,Calgary,PUJ,RSK,2026-11-22,Wk Nov 22,FALL,2026-11-25,16:20:00,186,12,198,31,1,32,166,16.2,16.2,78.0,570.00,530.00,171.00,131.00,-40.00,910.00,858.00,327.60,275.60,-52.00,580.62,1.48,5.00,29.6,Holiday Air,550.00,Resort Direct,590.00,550.00,20.00,0.78128192042113254,Under-bedded,0,0,NULL,0,NULL,NULL,0,2026-06-08 09:00:00 +02:00,2026-06-08 09:00:00 +02:00,NULL
WG142-YYC-PUJ-20261202,WG142-YYC-PUJ,22,PUJ,Punta Cana,SUNWING,Sunwing,CARIBBEAN,Caribbean,WG142,YYC,Calgary,PUJ,RSK,2026-11-29,Wk Nov 29,FALL,2026-12-02,16:20:00,180,12,192,51,5,56,136,29.2,29.2,78.0,575.00,555.00,172.50,152.50,-20.00,915.00,889.00,329.40,303.40,-26.00,605.36,0.91,5.00,18.3,Holiday Air,530.00,Resort Direct,550.00,530.00,45.00,0.78669591885226253,Under-bedded,0,1,ROS_BELOW_TARGET,0,NULL,NULL,0,2026-06-08 09:00:00 +02:00,2026-06-08 09:00:00 +02:00,NULL
WG142-YYC-PUJ-20261209,WG142-YYC-PUJ,23,PUJ,Punta Cana,SUNWING,Sunwing,CARIBBEAN,Caribbean,WG142,YYC,Calgary,PUJ,RSK,2026-12-06,Wk Dec 6,WINTER,2026-12-09,16:20:00,186,18,204,51,3,54,150,26.5,26.5,78.0,640.00,620.00,192.00,172.00,-20.00,900.00,874.00,324.00,298.00,-26.00,654.44,2.45,5.00,49.0,SkyHoliday,620.00,Island Escape,690.00,620.00,20.00,0.80107995997639847,Under-bedded,0,0,NULL,0,NULL,NULL,0,2026-06-08 09:00:00 +02:00,2026-06-08 09:00:00 +02:00,NULL
WG142-YYC-PUJ-20261216,WG142-YYC-PUJ,24,PUJ,Punta Cana,SUNWING,Sunwing,CARIBBEAN,Caribbean,WG142,YYC,Calgary,PUJ,RSK,2026-12-13,Wk Dec 13,WINTER,2026-12-16,16:20:00,180,16,196,24,2,26,170,13.3,13.3,78.0,580.00,560.00,174.00,154.00,-20.00,980.00,954.00,352.80,326.80,-26.00,610.77,1.03,5.00,20.5,BlueJet Vacations,535.00,MapleAir Holidays,630.00,535.00,45.00,0.77329937573769780,Under-bedded,0,1,ROS_BELOW_TARGET,0,NULL,NULL,0,2026-06-08 09:00:00 +02:00,2026-06-08 09:00:00 +02:00,NULL
WG149-YVR-PUJ-20260710,WG149-YVR-PUJ,1,PUJ,Punta Cana,SUNWING,Sunwing,CARIBBEAN,Caribbean,WG149,YVR,Vancouver,PUJ,OWN,2026-07-05,Wk Jul 5,SUMMER,2026-07-10,06:00:00,180,12,192,172,11,183,9,95.3,98.4,78.0,800.00,840.00,272.00,312.00,40.00,1100.00,1152.00,396.00,448.00,52.00,818.03,8.90,5.00,178.1,NorthStar Travel,755.00,Coastal Getaways,820.00,755.00,45.00,0.76829222800688568,Under-bedded,0,0,NULL,0,NULL,NULL,1,2026-06-08 09:00:00 +02:00,2026-06-08 09:00:00 +02:00,NULL
WG149-YVR-PUJ-20260717,WG149-YVR-PUJ,2,PUJ,Punta Cana,SUNWING,Sunwing,CARIBBEAN,Caribbean,WG149,YVR,Vancouver,PUJ,OWN,2026-07-12,Wk Jul 12,SUMMER,2026-07-17,06:00:00,180,18,198,178,16,194,4,98.0,100.0,78.0,880.00,895.00,299.20,314.20,15.00,1220.00,1239.50,439.20,458.70,19.50,908.04,5.25,5.00,104.9,NorthStar Travel,850.00,Coastal Getaways,855.00,850.00,30.00,0.76322112773433914,Under-bedded,0,0,NULL,0,NULL,NULL,1,2026-06-08 09:00:00 +02:00,2026-06-08 09:00:00 +02:00,NULL
WG149-YVR-PUJ-20260724,WG149-YVR-PUJ,3,PUJ,Punta Cana,SUNWING,Sunwing,CARIBBEAN,Caribbean,WG149,YVR,Vancouver,PUJ,OWN,2026-07-19,Wk Jul 19,SUMMER,2026-07-24,06:00:00,189,12,201,174,11,185,16,92.0,95.0,78.0,830.00,850.00,282.20,302.20,20.00,1090.00,1116.00,392.40,418.40,26.00,845.46,3.46,5.00,69.1,SkyHoliday,800.00,Island Escape,880.00,800.00,30.00,0.77030398588322480,Under-bedded,0,0,NULL,0,NULL,NULL,0,2026-06-08 09:00:00 +02:00,2026-06-08 09:00:00 +02:00,NULL
WG149-YVR-PUJ-20260731,WG149-YVR-PUJ,4,PUJ,Punta Cana,SUNWING,Sunwing,CARIBBEAN,Caribbean,WG149,YVR,Vancouver,PUJ,OWN,2026-07-26,Wk Jul 26,SUMMER,2026-07-31,06:00:00,174,16,190,155,14,169,21,88.9,94.0,78.0,835.00,855.00,283.90,303.90,20.00,1175.00,1201.00,423.00,449.00,26.00,863.17,8.25,5.00,165.0,BlueJet Vacations,805.00,MapleAir Holidays,810.00,805.00,30.00,0.80238191241437484,Under-bedded,0,0,NULL,0,NULL,NULL,0,2026-06-08 09:00:00 +02:00,2026-06-08 09:00:00 +02:00,NULL
WG149-YVR-PUJ-20260807,WG149-YVR-PUJ,5,PUJ,Punta Cana,SUNWING,Sunwing,CARIBBEAN,Caribbean,WG149,YVR,Vancouver,PUJ,OWN,2026-08-02,Wk Aug 2,SUMMER,2026-08-07,06:00:00,174,16,190,135,11,146,44,76.8,80.5,78.0,820.00,835.00,278.80,293.80,15.00,1160.00,1179.50,417.60,437.10,19.50,845.62,6.67,5.00,133.4,SkyHoliday,800.00,Island Escape,815.00,800.00,20.00,0.78660527758616483,Under-bedded,1,0,NULL,0,NULL,NULL,0,2026-06-08 09:00:00 +02:00,2026-06-08 09:00:00 +02:00,NULL
WG149-YVR-PUJ-20260814,WG149-YVR-PUJ,6,PUJ,Punta Cana,SUNWING,Sunwing,CARIBBEAN,Caribbean,WG149,YVR,Vancouver,PUJ,OWN,2026-08-09,Wk Aug 9,SUMMER,2026-08-14,06:00:00,150,18,168,115,16,131,37,78.0,80.3,78.0,785.00,785.00,266.90,266.90,0.00,1085.00,1085.00,390.60,390.60,0.00,821.64,7.03,5.00,140.6,Holiday Air,765.00,Resort Direct,805.00,765.00,20.00,0.77975684958254354,Under-bedded,0,0,NULL,0,NULL,NULL,0,2026-06-08 09:00:00 +02:00,2026-06-08 09:00:00 +02:00,NULL
WG149-YVR-PUJ-20260821,WG149-YVR-PUJ,7,PUJ,Punta Cana,SUNWING,Sunwing,CARIBBEAN,Caribbean,WG149,YVR,Vancouver,PUJ,OWN,2026-08-16,Wk Aug 16,SUMMER,2026-08-21,06:00:00,162,12,174,121,11,132,42,75.9,79.3,78.0,810.00,800.00,275.40,265.40,-10.00,1110.00,1097.00,399.60,386.60,-13.00,835.00,3.25,5.00,64.9,NorthStar Travel,780.00,Coastal Getaways,755.00,755.00,55.00,0.80336108642467063,Under-bedded,0,0,NULL,0,NULL,NULL,0,2026-06-08 09:00:00 +02:00,2026-06-08 09:00:00 +02:00,NULL
WG149-YVR-PUJ-20260828,WG149-YVR-PUJ,8,PUJ,Punta Cana,SUNWING,Sunwing,CARIBBEAN,Caribbean,WG149,YVR,Vancouver,PUJ,OWN,2026-08-23,Wk Aug 23,SUMMER,2026-08-28,06:00:00,189,12,201,135,7,142,59,70.6,71.9,78.0,785.00,785.00,266.90,266.90,0.00,1085.00,1105.00,390.60,410.60,20.00,799.79,5.53,5.00,110.7,Holiday Air,800.00,Resort Direct,795.00,795.00,-10.00,0.78426506049977152,Under-bedded,0,0,NULL,0,NULL,NULL,0,2026-06-08 09:00:00 +02:00,2026-06-08 09:00:00 +02:00,NULL
WG149-YVR-PUJ-20260904,WG149-YVR-PUJ,9,PUJ,Punta Cana,SUNWING,Sunwing,CARIBBEAN,Caribbean,WG149,YVR,Vancouver,PUJ,OWN,2026-08-30,Wk Aug 30,SUMMER,2026-09-04,06:00:00,189,16,205,100,10,110,95,53.7,55.5,78.0,745.00,725.00,253.30,233.30,-20.00,1005.00,979.00,361.80,335.80,-26.00,768.64,4.76,5.00,95.3,NorthStar Travel,785.00,Coastal Getaways,795.00,785.00,-40.00,0.79657218078404213,Under-bedded,0,0,NULL,0,NULL,NULL,0,2026-06-08 09:00:00 +02:00,2026-06-08 09:00:00 +02:00,NULL
WG149-YVR-PUJ-20260911,WG149-YVR-PUJ,10,PUJ,Punta Cana,SUNWING,Sunwing,CARIBBEAN,Caribbean,WG149,YVR,Vancouver,PUJ,OWN,2026-09-06,Wk Sep 6,FALL,2026-09-11,06:00:00,186,18,204,128,15,143,61,70.1,71.1,78.0,705.00,690.00,239.70,224.70,-15.00,1045.00,1025.50,376.20,356.70,-19.50,740.66,2.67,5.00,53.4,Holiday Air,695.00,Resort Direct,680.00,680.00,25.00,0.77329532972626858,Under-bedded,0,0,NULL,0,NULL,NULL,0,2026-06-08 09:00:00 +02:00,2026-06-08 09:00:00 +02:00,NULL
WG149-YVR-PUJ-20260918,WG149-YVR-PUJ,11,PUJ,Punta Cana,SUNWING,Sunwing,CARIBBEAN,Caribbean,WG149,YVR,Vancouver,PUJ,OWN,2026-09-13,Wk Sep 13,FALL,2026-09-18,06:00:00,186,16,202,107,10,117,85,57.9,58.2,78.0,725.00,705.00,246.50,226.50,-20.00,985.00,959.00,354.60,328.60,-26.00,747.22,1.46,5.00,29.2,BlueJet Vacations,695.00,MapleAir Holidays,670.00,670.00,55.00,0.76787700210245213,Under-bedded,0,1,ROS_BELOW_TARGET,0,NULL,NULL,0,2026-06-08 09:00:00 +02:00,2026-06-08 09:00:00 +02:00,NULL
WG149-YVR-PUJ-20260925,WG149-YVR-PUJ,12,PUJ,Punta Cana,SUNWING,Sunwing,CARIBBEAN,Caribbean,WG149,YVR,Vancouver,PUJ,OWN,2026-09-20,Wk Sep 20,FALL,2026-09-25,06:00:00,189,18,207,82,7,89,118,43.0,43.1,78.0,660.00,630.00,224.40,194.40,-30.00,1060.00,1021.00,381.60,342.60,-39.00,691.46,1.01,5.00,20.2,SkyHoliday,615.00,Island Escape,680.00,615.00,45.00,0.78242972756590745,Under-bedded,0,0,NULL,0,NULL,NULL,0,2026-06-08 09:00:00 +02:00,2026-06-08 09:00:00 +02:00,NULL
WG149-YVR-PUJ-20261002,WG149-YVR-PUJ,13,PUJ,Punta Cana,SUNWING,Sunwing,CARIBBEAN,Caribbean,WG149,YVR,Vancouver,PUJ,OWN,2026-09-27,Wk Sep 27,FALL,2026-10-02,06:00:00,162,18,180,85,9,94,86,52.2,52.2,78.0,685.00,660.00,232.90,207.90,-25.00,985.00,952.50,354.60,322.10,-32.50,713.72,4.74,5.00,94.8,NorthStar Travel,700.00,Coastal Getaways,630.00,630.00,55.00,0.76637449443077210,Under-bedded,1,1,ROS_BELOW_TARGET,0,NULL,NULL,0,2026-06-08 09:00:00 +02:00,2026-06-08 09:00:00 +02:00,NULL
WG149-YVR-PUJ-20261009,WG149-YVR-PUJ,14,PUJ,Punta Cana,SUNWING,Sunwing,CARIBBEAN,Caribbean,WG149,YVR,Vancouver,PUJ,OWN,2026-10-04,Wk Oct 4,FALL,2026-10-09,06:00:00,174,18,192,73,10,83,109,43.2,43.2,78.0,660.00,620.00,224.40,184.40,-40.00,920.00,868.00,331.20,279.20,-52.00,691.33,1.82,5.00,36.4,BlueJet Vacations,640.00,MapleAir Holidays,710.00,640.00,20.00,0.79561999084170221,Under-bedded,0,0,NULL,0,NULL,NULL,0,2026-06-08 09:00:00 +02:00,2026-06-08 09:00:00 +02:00,NULL
WG149-YVR-PUJ-20261016,WG149-YVR-PUJ,15,PUJ,Punta Cana,SUNWING,Sunwing,CARIBBEAN,Caribbean,WG149,YVR,Vancouver,PUJ,OWN,2026-10-11,Wk Oct 11,FALL,2026-10-16,06:00:00,180,16,196,76,4,80,116,40.8,40.8,78.0,645.00,630.00,219.30,204.30,-15.00,985.00,965.50,354.60,335.10,-19.50,662.00,1.17,5.00,23.5,Holiday Air,670.00,Resort Direct,655.00,655.00,-10.00,0.77700031425766303,Under-bedded,0,0,NULL,0,NULL,NULL,0,2026-06-08 09:00:00 +02:00,2026-06-08 09:00:00 +02:00,NULL
WG149-YVR-PUJ-20261023,WG149-YVR-PUJ,16,PUJ,Punta Cana,SUNWING,Sunwing,CARIBBEAN,Caribbean,WG149,YVR,Vancouver,PUJ,OWN,2026-10-18,Wk Oct 18,FALL,2026-10-23,06:00:00,162,18,180,33,3,36,144,20.0,20.0,78.0,590.00,570.00,200.60,180.60,-20.00,990.00,964.00,356.40,330.40,-26.00,623.33,1.07,5.00,21.5,NorthStar Travel,570.00,Coastal Getaways,600.00,570.00,20.00,0.76603282972118492,Under-bedded,0,0,NULL,0,NULL,NULL,0,2026-06-08 09:00:00 +02:00,2026-06-08 09:00:00 +02:00,NULL
WG149-YVR-PUJ-20261030,WG149-YVR-PUJ,17,PUJ,Punta Cana,SUNWING,Sunwing,CARIBBEAN,Caribbean,WG149,YVR,Vancouver,PUJ,OWN,2026-10-25,Wk Oct 25,FALL,2026-10-30,06:00:00,186,18,204,44,4,48,156,23.5,23.5,78.0,605.00,565.00,205.70,165.70,-40.00,1005.00,953.00,361.80,309.80,-52.00,638.33,0.87,5.00,17.5,BlueJet Vacations,595.00,MapleAir Holidays,600.00,595.00,10.00,0.77477472453529106,Under-bedded,0,0,NULL,1,RM review hold,2026-06-29,0,2026-06-08 09:00:00 +02:00,2026-06-08 09:00:00 +02:00,AutoPilot Demo
WG149-YVR-PUJ-20261106,WG149-YVR-PUJ,18,PUJ,Punta Cana,SUNWING,Sunwing,CARIBBEAN,Caribbean,WG149,YVR,Vancouver,PUJ,OWN,2026-11-01,Wk Nov 1,FALL,2026-11-06,06:00:00,180,12,192,54,4,58,134,30.2,30.2,78.0,640.00,620.00,217.60,197.60,-20.00,980.00,954.00,352.80,326.80,-26.00,663.45,2.43,5.00,48.6,BlueJet Vacations,655.00,MapleAir Holidays,690.00,655.00,-15.00,0.77796109303063943,Under-bedded,0,1,ROS_BELOW_TARGET,0,NULL,NULL,0,2026-06-08 09:00:00 +02:00,2026-06-08 09:00:00 +02:00,NULL
WG149-YVR-PUJ-20261113,WG149-YVR-PUJ,19,PUJ,Punta Cana,SUNWING,Sunwing,CARIBBEAN,Caribbean,WG149,YVR,Vancouver,PUJ,OWN,2026-11-08,Wk Nov 8,FALL,2026-11-13,06:00:00,150,18,168,40,7,47,121,28.0,28.0,78.0,615.00,575.00,209.10,169.10,-40.00,1015.00,963.00,365.40,313.40,-52.00,674.57,2.40,5.00,48.0,NorthStar Travel,595.00,Coastal Getaways,590.00,590.00,25.00,0.77242052003349171,Under-bedded,0,1,ROS_BELOW_TARGET,0,NULL,NULL,0,2026-06-08 09:00:00 +02:00,2026-06-08 09:00:00 +02:00,AutoPilot Demo
WG149-YVR-PUJ-20261120,WG149-YVR-PUJ,20,PUJ,Punta Cana,SUNWING,Sunwing,CARIBBEAN,Caribbean,WG149,YVR,Vancouver,PUJ,OWN,2026-11-15,Wk Nov 15,FALL,2026-11-20,06:00:00,186,12,198,52,4,56,142,28.3,28.3,78.0,635.00,615.00,215.90,195.90,-20.00,975.00,949.00,351.00,325.00,-26.00,659.29,1.41,5.00,28.2,SkyHoliday,660.00,Island Escape,645.00,645.00,-10.00,0.79864600493329574,Under-bedded,0,0,NULL,0,NULL,NULL,0,2026-06-08 09:00:00 +02:00,2026-06-08 09:00:00 +02:00,NULL
WG149-YVR-PUJ-20261127,WG149-YVR-PUJ,21,PUJ,Punta Cana,SUNWING,Sunwing,CARIBBEAN,Caribbean,WG149,YVR,Vancouver,PUJ,OWN,2026-11-22,Wk Nov 22,FALL,2026-11-27,06:00:00,189,12,201,29,3,32,169,15.9,15.9,78.0,605.00,595.00,205.70,195.70,-10.00,1005.00,992.00,361.80,348.80,-13.00,642.50,1.58,5.00,31.6,SkyHoliday,620.00,Island Escape,625.00,620.00,-15.00,0.78092455694235852,Under-bedded,1,1,ROS_BELOW_TARGET,0,NULL,NULL,0,2026-06-08 09:00:00 +02:00,2026-06-08 09:00:00 +02:00,RM Demo User
WG149-YVR-PUJ-20261204,WG149-YVR-PUJ,22,PUJ,Punta Cana,SUNWING,Sunwing,CARIBBEAN,Caribbean,WG149,YVR,Vancouver,PUJ,OWN,2026-11-29,Wk Nov 29,FALL,2026-12-04,06:00:00,186,16,202,34,6,40,162,19.8,19.8,78.0,590.00,560.00,200.60,170.60,-30.00,850.00,811.00,306.00,267.00,-39.00,629.00,1.35,5.00,27.0,Holiday Air,615.00,Resort Direct,610.00,610.00,-20.00,0.79153885855928252,Under-bedded,0,0,NULL,0,NULL,NULL,0,2026-06-08 09:00:00 +02:00,2026-06-08 09:00:00 +02:00,NULL
WG149-YVR-PUJ-20261211,WG149-YVR-PUJ,23,PUJ,Punta Cana,SUNWING,Sunwing,CARIBBEAN,Caribbean,WG149,YVR,Vancouver,PUJ,OWN,2026-12-06,Wk Dec 6,WINTER,2026-12-11,06:00:00,189,16,205,45,5,50,155,24.4,24.4,78.0,685.00,660.00,232.90,207.90,-25.00,985.00,952.50,354.60,322.10,-32.50,715.00,2.15,5.00,43.1,SkyHoliday,665.00,Island Escape,660.00,660.00,25.00,0.78179764138290875,Under-bedded,0,1,ROS_BELOW_TARGET,0,NULL,NULL,0,2026-06-08 09:00:00 +02:00,2026-06-08 09:00:00 +02:00,AutoPilot Demo
WG149-YVR-PUJ-20261218,WG149-YVR-PUJ,24,PUJ,Punta Cana,SUNWING,Sunwing,CARIBBEAN,Caribbean,WG149,YVR,Vancouver,PUJ,OWN,2026-12-13,Wk Dec 13,WINTER,2026-12-18,06:00:00,189,12,201,25,3,28,173,13.9,13.9,78.0,600.00,570.00,204.00,174.00,-30.00,900.00,861.00,324.00,285.00,-39.00,632.14,0.62,5.00,12.4,Holiday Air,640.00,Resort Direct,545.00,545.00,55.00,0.75699820589464961,Under-bedded,0,1,ROS_BELOW_TARGET,0,NULL,NULL,0,2026-06-08 09:00:00 +02:00,2026-06-08 09:00:00 +02:00,NULL
WG156-YEG-PUJ-20260705,WG156-YEG-PUJ,1,PUJ,Punta Cana,SUNWING,Sunwing,CARIBBEAN,Caribbean,WG156,YEG,Edmonton,PUJ,3RD,2026-07-05,Wk Jul 5,SUMMER,2026-07-05,16:20:00,162,0,162,153,0,153,9,94.4,100.0,78.0,760.00,810.00,205.20,255.20,50.00,NULL,NULL,NULL,NULL,NULL,760.00,9.52,5.00,190.5,BlueJet Vacations,785.00,MapleAir Holidays,810.00,785.00,-25.00,0.79942210444931228,Under-bedded,0,0,NULL,0,NULL,NULL,1,2026-06-08 09:00:00 +02:00,2026-06-08 09:00:00 +02:00,NULL
WG156-YEG-PUJ-20260712,WG156-YEG-PUJ,2,PUJ,Punta Cana,SUNWING,Sunwing,CARIBBEAN,Caribbean,WG156,YEG,Edmonton,PUJ,3RD,2026-07-12,Wk Jul 12,SUMMER,2026-07-12,16:20:00,162,0,162,139,0,139,23,85.8,88.0,78.0,810.00,810.00,218.70,218.70,0.00,NULL,NULL,NULL,NULL,NULL,810.00,5.72,5.00,114.3,NorthStar Travel,835.00,Coastal Getaways,785.00,785.00,25.00,0.79487842296552969,Under-bedded,0,0,NULL,0,NULL,NULL,0,2026-06-08 09:00:00 +02:00,2026-06-08 09:00:00 +02:00,NULL
WG156-YEG-PUJ-20260719,WG156-YEG-PUJ,3,PUJ,Punta Cana,SUNWING,Sunwing,CARIBBEAN,Caribbean,WG156,YEG,Edmonton,PUJ,3RD,2026-07-19,Wk Jul 19,SUMMER,2026-07-19,16:20:00,174,0,174,161,0,161,13,92.5,99.1,78.0,810.00,870.00,218.70,278.70,60.00,NULL,NULL,NULL,NULL,NULL,810.00,4.13,5.00,82.7,SkyHoliday,835.00,Island Escape,805.00,805.00,5.00,0.77911214997612199,Under-bedded,0,0,NULL,0,NULL,NULL,0,2026-06-08 09:00:00 +02:00,2026-06-08 09:00:00 +02:00,NULL
WG156-YEG-PUJ-20260726,WG156-YEG-PUJ,4,PUJ,Punta Cana,SUNWING,Sunwing,CARIBBEAN,Caribbean,WG156,YEG,Edmonton,PUJ,3RD,2026-07-26,Wk Jul 26,SUMMER,2026-07-26,16:20:00,174,0,174,140,0,140,34,80.5,86.0,78.0,785.00,820.00,211.95,246.95,35.00,NULL,NULL,NULL,NULL,NULL,785.00,7.57,5.00,151.4,NorthStar Travel,755.00,Coastal Getaways,835.00,755.00,30.00,0.78114039365301224,Under-bedded,0,0,NULL,0,NULL,NULL,0,2026-06-08 09:00:00 +02:00,2026-06-08 09:00:00 +02:00,NULL
WG156-YEG-PUJ-20260802,WG156-YEG-PUJ,5,PUJ,Punta Cana,SUNWING,Sunwing,CARIBBEAN,Caribbean,WG156,YEG,Edmonton,PUJ,3RD,2026-08-02,Wk Aug 2,SUMMER,2026-08-02,16:20:00,180,0,180,132,0,132,48,73.3,74.7,78.0,715.00,715.00,193.05,193.05,0.00,NULL,NULL,NULL,NULL,NULL,715.00,6.58,5.00,131.7,Holiday Air,755.00,Resort Direct,710.00,710.00,5.00,0.78357294866743965,Under-bedded,0,0,NULL,0,NULL,NULL,0,2026-06-08 09:00:00 +02:00,2026-06-08 09:00:00 +02:00,NULL
WG156-YEG-PUJ-20260809,WG156-YEG-PUJ,6,PUJ,Punta Cana,SUNWING,Sunwing,CARIBBEAN,Caribbean,WG156,YEG,Edmonton,PUJ,3RD,2026-08-09,Wk Aug 9,SUMMER,2026-08-09,16:20:00,150,0,150,125,0,125,25,83.3,86.7,78.0,790.00,775.00,213.30,198.30,-15.00,NULL,NULL,NULL,NULL,NULL,790.00,1.84,5.00,36.8,SkyHoliday,745.00,Island Escape,840.00,745.00,45.00,0.77461368664214769,Under-bedded,0,0,NULL,0,NULL,NULL,0,2026-06-08 09:00:00 +02:00,2026-06-08 09:00:00 +02:00,NULL
WG156-YEG-PUJ-20260816,WG156-YEG-PUJ,7,PUJ,Punta Cana,SUNWING,Sunwing,CARIBBEAN,Caribbean,WG156,YEG,Edmonton,PUJ,3RD,2026-08-16,Wk Aug 16,SUMMER,2026-08-16,16:20:00,150,0,150,99,0,99,51,66.0,68.5,78.0,765.00,765.00,206.55,206.55,0.00,NULL,NULL,NULL,NULL,NULL,765.00,2.83,5.00,56.6,BlueJet Vacations,735.00,MapleAir Holidays,800.00,735.00,30.00,0.74558501633002960,Under-bedded,0,0,NULL,0,NULL,NULL,0,2026-06-08 09:00:00 +02:00,2026-06-08 09:00:00 +02:00,NULL
WG156-YEG-PUJ-20260823,WG156-YEG-PUJ,8,PUJ,Punta Cana,SUNWING,Sunwing,CARIBBEAN,Caribbean,WG156,YEG,Edmonton,PUJ,3RD,2026-08-23,Wk Aug 23,SUMMER,2026-08-23,16:20:00,180,0,180,120,0,120,60,66.7,67.9,78.0,755.00,770.00,203.85,218.85,15.00,NULL,NULL,NULL,NULL,NULL,755.00,4.20,5.00,83.9,NorthStar Travel,735.00,Coastal Getaways,775.00,735.00,20.00,0.78976259603026844,Under-bedded,0,0,NULL,0,NULL,NULL,0,2026-06-08 09:00:00 +02:00,2026-06-08 09:00:00 +02:00,NULL
WG156-YEG-PUJ-20260830,WG156-YEG-PUJ,9,PUJ,Punta Cana,SUNWING,Sunwing,CARIBBEAN,Caribbean,WG156,YEG,Edmonton,PUJ,3RD,2026-08-30,Wk Aug 30,SUMMER,2026-08-30,16:20:00,174,0,174,111,0,111,63,63.8,64.5,78.0,740.00,715.00,199.80,174.80,-25.00,NULL,NULL,NULL,NULL,NULL,740.00,2.51,5.00,50.3,SkyHoliday,780.00,Island Escape,790.00,780.00,-40.00,0.77163003484075821,Under-bedded,0,0,NULL,0,NULL,NULL,0,2026-06-08 09:00:00 +02:00,2026-06-08 09:00:00 +02:00,NULL
WG156-YEG-PUJ-20260906,WG156-YEG-PUJ,10,PUJ,Punta Cana,SUNWING,Sunwing,CARIBBEAN,Caribbean,WG156,YEG,Edmonton,PUJ,3RD,2026-09-06,Wk Sep 6,FALL,2026-09-06,16:20:00,150,0,150,89,0,89,61,59.3,60.1,78.0,680.00,680.00,183.60,183.60,0.00,NULL,NULL,NULL,NULL,NULL,680.00,4.85,5.00,97.0,SkyHoliday,720.00,Island Escape,625.00,625.00,55.00,0.79118325878232088,Under-bedded,0,0,NULL,0,NULL,NULL,0,2026-06-08 09:00:00 +02:00,2026-06-08 09:00:00 +02:00,NULL
WG156-YEG-PUJ-20260913,WG156-YEG-PUJ,11,PUJ,Punta Cana,SUNWING,Sunwing,CARIBBEAN,Caribbean,WG156,YEG,Edmonton,PUJ,3RD,2026-09-13,Wk Sep 13,FALL,2026-09-13,16:20:00,150,0,150,86,0,86,64,57.3,57.8,78.0,620.00,590.00,167.40,137.40,-30.00,NULL,NULL,NULL,NULL,NULL,620.00,1.64,5.00,32.8,NorthStar Travel,575.00,Coastal Getaways,655.00,575.00,45.00,0.78001631683156447,Under-bedded,0,1,ROS_BELOW_TARGET,0,NULL,NULL,0,2026-06-08 09:00:00 +02:00,2026-06-08 09:00:00 +02:00,RM Demo User
WG156-YEG-PUJ-20260920,WG156-YEG-PUJ,12,PUJ,Punta Cana,SUNWING,Sunwing,CARIBBEAN,Caribbean,WG156,YEG,Edmonton,PUJ,3RD,2026-09-20,Wk Sep 20,FALL,2026-09-20,16:20:00,189,0,189,100,0,100,89,52.9,53.3,78.0,640.00,600.00,172.80,132.80,-40.00,NULL,NULL,NULL,NULL,NULL,640.00,3.80,5.00,75.9,SkyHoliday,630.00,Island Escape,675.00,630.00,10.00,0.78927125820908262,Under-bedded,0,0,NULL,0,NULL,NULL,0,2026-06-08 09:00:00 +02:00,2026-06-08 09:00:00 +02:00,NULL
WG156-YEG-PUJ-20260927,WG156-YEG-PUJ,13,PUJ,Punta Cana,SUNWING,Sunwing,CARIBBEAN,Caribbean,WG156,YEG,Edmonton,PUJ,3RD,2026-09-27,Wk Sep 27,FALL,2026-09-27,16:20:00,180,0,180,83,0,83,97,46.1,46.1,78.0,635.00,605.00,171.45,141.45,-30.00,NULL,NULL,NULL,NULL,NULL,635.00,4.15,5.00,82.9,Holiday Air,615.00,Resort Direct,670.00,615.00,20.00,0.76668196082790774,Under-bedded,0,1,ROS_BELOW_TARGET,0,NULL,NULL,0,2026-06-08 09:00:00 +02:00,2026-06-08 09:00:00 +02:00,RM Demo User
WG156-YEG-PUJ-20261004,WG156-YEG-PUJ,14,PUJ,Punta Cana,SUNWING,Sunwing,CARIBBEAN,Caribbean,WG156,YEG,Edmonton,PUJ,3RD,2026-10-04,Wk Oct 4,FALL,2026-10-04,16:20:00,189,0,189,73,0,73,116,38.6,38.6,78.0,625.00,600.00,168.75,143.75,-25.00,NULL,NULL,NULL,NULL,NULL,625.00,2.30,5.00,46.1,NorthStar Travel,595.00,Coastal Getaways,645.00,595.00,30.00,0.78740224270699433,Under-bedded,0,0,NULL,0,NULL,NULL,0,2026-06-08 09:00:00 +02:00,2026-06-08 09:00:00 +02:00,NULL
WG156-YEG-PUJ-20261011,WG156-YEG-PUJ,15,PUJ,Punta Cana,SUNWING,Sunwing,CARIBBEAN,Caribbean,WG156,YEG,Edmonton,PUJ,3RD,2026-10-11,Wk Oct 11,FALL,2026-10-11,16:20:00,189,0,189,51,0,51,138,27.0,27.0,78.0,585.00,555.00,157.95,127.95,-30.00,NULL,NULL,NULL,NULL,NULL,585.00,2.60,5.00,52.0,BlueJet Vacations,610.00,MapleAir Holidays,580.00,580.00,5.00,0.76208177816455525,Under-bedded,0,0,NULL,0,NULL,NULL,0,2026-06-08 09:00:00 +02:00,2026-06-08 09:00:00 +02:00,NULL
WG156-YEG-PUJ-20261018,WG156-YEG-PUJ,16,PUJ,Punta Cana,SUNWING,Sunwing,CARIBBEAN,Caribbean,WG156,YEG,Edmonton,PUJ,3RD,2026-10-18,Wk Oct 18,FALL,2026-10-18,16:20:00,174,0,174,55,0,55,119,31.6,31.6,78.0,610.00,595.00,164.70,149.70,-15.00,NULL,NULL,NULL,NULL,NULL,610.00,1.25,5.00,25.0,NorthStar Travel,650.00,Coastal Getaways,660.00,650.00,-40.00,0.77768306566657508,Under-bedded,0,0,NULL,0,NULL,NULL,0,2026-06-08 09:00:00 +02:00,2026-06-08 09:00:00 +02:00,NULL
WG156-YEG-PUJ-20261025,WG156-YEG-PUJ,17,PUJ,Punta Cana,SUNWING,Sunwing,CARIBBEAN,Caribbean,WG156,YEG,Edmonton,PUJ,3RD,2026-10-25,Wk Oct 25,FALL,2026-10-25,16:20:00,189,0,189,47,0,47,142,24.9,24.9,78.0,565.00,525.00,152.55,112.55,-40.00,NULL,NULL,NULL,NULL,NULL,565.00,1.53,5.00,30.5,SkyHoliday,520.00,Island Escape,615.00,520.00,45.00,0.77296680458106182,Under-bedded,0,0,NULL,0,NULL,NULL,0,2026-06-08 09:00:00 +02:00,2026-06-08 09:00:00 +02:00,NULL
WG156-YEG-PUJ-20261101,WG156-YEG-PUJ,18,PUJ,Punta Cana,SUNWING,Sunwing,CARIBBEAN,Caribbean,WG156,YEG,Edmonton,PUJ,3RD,2026-11-01,Wk Nov 1,FALL,2026-11-01,16:20:00,174,0,174,41,0,41,133,23.6,23.6,78.0,575.00,535.00,155.25,115.25,-40.00,NULL,NULL,NULL,NULL,NULL,575.00,1.19,5.00,23.7,Holiday Air,545.00,Resort Direct,610.00,545.00,30.00,0.79828140562974104,Under-bedded,0,0,NULL,0,NULL,NULL,0,2026-06-08 09:00:00 +02:00,2026-06-08 09:00:00 +02:00,NULL
WG156-YEG-PUJ-20261108,WG156-YEG-PUJ,19,PUJ,Punta Cana,SUNWING,Sunwing,CARIBBEAN,Caribbean,WG156,YEG,Edmonton,PUJ,3RD,2026-11-08,Wk Nov 8,FALL,2026-11-08,16:20:00,150,0,150,35,0,35,115,23.3,23.3,78.0,570.00,550.00,153.90,133.90,-20.00,NULL,NULL,NULL,NULL,NULL,570.00,0.62,5.00,12.5,BlueJet Vacations,540.00,MapleAir Holidays,590.00,540.00,30.00,0.79240208133775103,Under-bedded,0,1,ROS_BELOW_TARGET,0,NULL,NULL,0,2026-06-08 09:00:00 +02:00,2026-06-08 09:00:00 +02:00,NULL
WG156-YEG-PUJ-20261115,WG156-YEG-PUJ,20,PUJ,Punta Cana,SUNWING,Sunwing,CARIBBEAN,Caribbean,WG156,YEG,Edmonton,PUJ,3RD,2026-11-15,Wk Nov 15,FALL,2026-11-15,16:20:00,189,0,189,33,0,33,156,17.5,17.5,78.0,580.00,565.00,156.60,141.60,-15.00,NULL,NULL,NULL,NULL,NULL,580.00,1.60,5.00,32.0,BlueJet Vacations,535.00,MapleAir Holidays,525.00,525.00,55.00,0.77502032305675106,Under-bedded,0,0,NULL,0,NULL,NULL,0,2026-06-08 09:00:00 +02:00,2026-06-08 09:00:00 +02:00,NULL
WG156-YEG-PUJ-20261122,WG156-YEG-PUJ,21,PUJ,Punta Cana,SUNWING,Sunwing,CARIBBEAN,Caribbean,WG156,YEG,Edmonton,PUJ,3RD,2026-11-22,Wk Nov 22,FALL,2026-11-22,16:20:00,174,0,174,58,0,58,116,33.3,33.3,78.0,630.00,600.00,170.10,140.10,-30.00,NULL,NULL,NULL,NULL,NULL,630.00,2.59,5.00,51.9,Holiday Air,610.00,Resort Direct,665.00,610.00,20.00,0.74815609982520104,Under-bedded,0,1,ROS_BELOW_TARGET,0,NULL,NULL,0,2026-06-08 09:00:00 +02:00,2026-06-08 09:00:00 +02:00,AutoPilot Demo
WG156-YEG-PUJ-20261129,WG156-YEG-PUJ,22,PUJ,Punta Cana,SUNWING,Sunwing,CARIBBEAN,Caribbean,WG156,YEG,Edmonton,PUJ,3RD,2026-11-29,Wk Nov 29,FALL,2026-11-29,16:20:00,186,0,186,26,0,26,160,14.0,14.0,78.0,570.00,545.00,153.90,128.90,-25.00,NULL,NULL,NULL,NULL,NULL,570.00,0.35,5.00,7.0,SkyHoliday,550.00,Island Escape,565.00,550.00,20.00,0.76189636358200774,Under-bedded,0,0,NULL,0,NULL,NULL,0,2026-06-08 09:00:00 +02:00,2026-06-08 09:00:00 +02:00,NULL
WG156-YEG-PUJ-20261206,WG156-YEG-PUJ,23,PUJ,Punta Cana,SUNWING,Sunwing,CARIBBEAN,Caribbean,WG156,YEG,Edmonton,PUJ,3RD,2026-12-06,Wk Dec 6,WINTER,2026-12-06,16:20:00,186,0,186,33,0,33,153,17.7,17.7,78.0,590.00,550.00,159.30,119.30,-40.00,NULL,NULL,NULL,NULL,NULL,590.00,1.49,5.00,29.8,Holiday Air,570.00,Resort Direct,600.00,570.00,20.00,0.78375232834665354,Under-bedded,0,0,NULL,0,NULL,NULL,0,2026-06-08 09:00:00 +02:00,2026-06-08 09:00:00 +02:00,NULL
WG156-YEG-PUJ-20261213,WG156-YEG-PUJ,24,PUJ,Punta Cana,SUNWING,Sunwing,CARIBBEAN,Caribbean,WG156,YEG,Edmonton,PUJ,3RD,2026-12-13,Wk Dec 13,WINTER,2026-12-13,16:20:00,180,0,180,32,0,32,148,17.8,17.8,78.0,575.00,565.00,155.25,145.25,-10.00,NULL,NULL,NULL,NULL,NULL,575.00,1.55,5.00,30.9,NorthStar Travel,590.00,Coastal Getaways,585.00,585.00,-10.00,0.78328399068810839,Under-bedded,0,0,NULL,0,NULL,NULL,0,2026-06-08 09:00:00 +02:00,2026-06-08 09:00:00 +02:00,NULL
WG163-YYC-VRA-20260707,WG163-YYC-VRA,1,VRA,Varadero,SUNWING,Sunwing,CARIBBEAN,Caribbean,WG163,YYC,Calgary,VRA,RSK,2026-07-05,Wk Jul 5,SUMMER,2026-07-07,09:30:00,189,16,205,167,13,180,25,87.8,92.9,78.0,690.00,710.00,207.00,227.00,20.00,990.00,1016.00,356.40,382.40,26.00,711.67,7.84,5.00,156.8,Holiday Air,730.00,Resort Direct,635.00,635.00,55.00,1.21379869763971371,Over-bedded,0,0,NULL,0,NULL,NULL,0,2026-06-08 09:00:00 +02:00,2026-06-08 09:00:00 +02:00,NULL
WG163-YYC-VRA-20260714,WG163-YYC-VRA,2,VRA,Varadero,SUNWING,Sunwing,CARIBBEAN,Caribbean,WG163,YYC,Calgary,VRA,RSK,2026-07-12,Wk Jul 12,SUMMER,2026-07-14,09:30:00,162,12,174,124,10,134,40,77.0,84.0,78.0,695.00,695.00,208.50,208.50,0.00,955.00,955.00,343.80,343.80,0.00,714.40,4.87,5.00,97.4,SkyHoliday,710.00,Island Escape,705.00,705.00,-10.00,1.20163160717513740,Over-bedded,0,0,NULL,0,NULL,NULL,0,2026-06-08 09:00:00 +02:00,2026-06-08 09:00:00 +02:00,NULL
WG163-YYC-VRA-20260721,WG163-YYC-VRA,3,VRA,Varadero,SUNWING,Sunwing,CARIBBEAN,Caribbean,WG163,YYC,Calgary,VRA,RSK,2026-07-19,Wk Jul 19,SUMMER,2026-07-21,09:30:00,162,18,180,128,16,144,36,80.0,86.3,78.0,715.00,715.00,214.50,214.50,0.00,1015.00,1015.00,365.40,365.40,0.00,748.33,3.17,5.00,63.5,BlueJet Vacations,685.00,MapleAir Holidays,750.00,685.00,30.00,1.17923984098456103,Over-bedded,0,0,NULL,0,NULL,NULL,0,2026-06-08 09:00:00 +02:00,2026-06-08 09:00:00 +02:00,NULL
WG163-YYC-VRA-20260728,WG163-YYC-VRA,4,VRA,Varadero,SUNWING,Sunwing,CARIBBEAN,Caribbean,WG163,YYC,Calgary,VRA,RSK,2026-07-26,Wk Jul 26,SUMMER,2026-07-28,09:30:00,186,12,198,147,11,158,40,79.8,81.2,78.0,695.00,695.00,208.50,208.50,0.00,1035.00,1035.00,372.60,372.60,0.00,718.67,5.75,5.00,115.0,Holiday Air,665.00,Resort Direct,730.00,665.00,30.00,1.22384158186423253,Over-bedded,0,0,NULL,0,NULL,NULL,0,2026-06-08 09:00:00 +02:00,2026-06-08 09:00:00 +02:00,NULL
WG163-YYC-VRA-20260804,WG163-YYC-VRA,5,VRA,Varadero,SUNWING,Sunwing,CARIBBEAN,Caribbean,WG163,YYC,Calgary,VRA,RSK,2026-08-02,Wk Aug 2,SUMMER,2026-08-04,09:30:00,189,18,207,134,13,147,60,71.0,74.0,78.0,685.00,685.00,205.50,205.50,0.00,985.00,1005.00,354.60,374.60,20.00,711.53,3.03,5.00,60.6,SkyHoliday,725.00,Island Escape,660.00,660.00,25.00,1.20407920428653759,Over-bedded,0,0,NULL,0,NULL,NULL,0,2026-06-08 09:00:00 +02:00,2026-06-08 09:00:00 +02:00,NULL
WG163-YYC-VRA-20260811,WG163-YYC-VRA,6,VRA,Varadero,SUNWING,Sunwing,CARIBBEAN,Caribbean,WG163,YYC,Calgary,VRA,RSK,2026-08-09,Wk Aug 9,SUMMER,2026-08-11,09:30:00,174,18,192,103,10,113,79,58.9,60.5,78.0,650.00,650.00,195.00,195.00,0.00,990.00,990.00,356.40,356.40,0.00,680.09,6.00,5.00,120.0,Holiday Air,620.00,Resort Direct,670.00,620.00,30.00,1.21781294430749054,Over-bedded,0,0,NULL,0,NULL,NULL,0,2026-06-08 09:00:00 +02:00,2026-06-08 09:00:00 +02:00,NULL
WG163-YYC-VRA-20260818,WG163-YYC-VRA,7,VRA,Varadero,SUNWING,Sunwing,CARIBBEAN,Caribbean,WG163,YYC,Calgary,VRA,RSK,2026-08-16,Wk Aug 16,SUMMER,2026-08-18,09:30:00,174,12,186,114,9,123,63,66.1,68.5,78.0,650.00,650.00,195.00,195.00,0.00,950.00,950.00,342.00,342.00,0.00,671.95,6.58,5.00,131.6,Holiday Air,640.00,Resort Direct,685.00,640.00,10.00,1.19180632789393770,Over-bedded,0,0,NULL,0,NULL,NULL,0,2026-06-08 09:00:00 +02:00,2026-06-08 09:00:00 +02:00,NULL
WG163-YYC-VRA-20260825,WG163-YYC-VRA,8,VRA,Varadero,SUNWING,Sunwing,CARIBBEAN,Caribbean,WG163,YYC,Calgary,VRA,RSK,2026-08-23,Wk Aug 23,SUMMER,2026-08-25,09:30:00,150,18,168,92,15,107,61,63.7,64.9,78.0,665.00,650.00,199.50,184.50,-15.00,925.00,905.50,333.00,313.50,-19.50,701.45,1.77,5.00,35.4,Holiday Air,635.00,Resort Direct,675.00,635.00,30.00,1.20759609331287665,Over-bedded,0,0,NULL,0,NULL,NULL,0,2026-06-08 09:00:00 +02:00,2026-06-08 09:00:00 +02:00,NULL
WG163-YYC-VRA-20260901,WG163-YYC-VRA,9,VRA,Varadero,SUNWING,Sunwing,CARIBBEAN,Caribbean,WG163,YYC,Calgary,VRA,RSK,2026-08-30,Wk Aug 30,SUMMER,2026-09-01,09:30:00,162,12,174,90,7,97,77,55.7,56.4,78.0,635.00,615.00,190.50,170.50,-20.00,935.00,909.00,336.60,310.60,-26.00,656.65,1.78,5.00,35.7,SkyHoliday,650.00,Island Escape,610.00,610.00,25.00,1.21797076240738344,Over-bedded,0,1,ROS_BELOW_TARGET,0,NULL,NULL,0,2026-06-08 09:00:00 +02:00,2026-06-08 09:00:00 +02:00,NULL
WG163-YYC-VRA-20260908,WG163-YYC-VRA,10,VRA,Varadero,SUNWING,Sunwing,CARIBBEAN,Caribbean,WG163,YYC,Calgary,VRA,RSK,2026-09-06,Wk Sep 6,FALL,2026-09-08,09:30:00,180,12,192,89,6,95,97,49.5,50.4,78.0,565.00,525.00,169.50,129.50,-40.00,965.00,913.00,347.40,295.40,-52.00,590.26,3.26,5.00,65.2,Holiday Air,580.00,Resort Direct,540.00,540.00,25.00,1.22190405817981906,Over-bedded,0,0,NULL,0,NULL,NULL,0,2026-06-08 09:00:00 +02:00,2026-06-08 09:00:00 +02:00,NULL
WG163-YYC-VRA-20260915,WG163-YYC-VRA,11,VRA,Varadero,SUNWING,Sunwing,CARIBBEAN,Caribbean,WG163,YYC,Calgary,VRA,RSK,2026-09-13,Wk Sep 13,FALL,2026-09-15,09:30:00,162,12,174,76,5,81,93,46.6,47.2,78.0,560.00,530.00,168.00,138.00,-30.00,900.00,861.00,324.00,285.00,-39.00,580.99,2.93,5.00,58.6,NorthStar Travel,585.00,Coastal Getaways,505.00,505.00,55.00,1.19198558741832805,Over-bedded,0,0,NULL,0,NULL,NULL,0,2026-06-08 09:00:00 +02:00,2026-06-08 09:00:00 +02:00,NULL
WG163-YYC-VRA-20260922,WG163-YYC-VRA,12,VRA,Varadero,SUNWING,Sunwing,CARIBBEAN,Caribbean,WG163,YYC,Calgary,VRA,RSK,2026-09-20,Wk Sep 20,FALL,2026-09-22,09:30:00,174,12,186,78,6,84,102,45.2,45.3,78.0,525.00,495.00,157.50,127.50,-30.00,825.00,786.00,297.00,258.00,-39.00,546.43,1.44,5.00,28.8,SkyHoliday,495.00,Island Escape,535.00,495.00,30.00,1.21152392530624953,Over-bedded,0,0,NULL,0,NULL,NULL,0,2026-06-08 09:00:00 +02:00,2026-06-08 09:00:00 +02:00,NULL
WG163-YYC-VRA-20260929,WG163-YYC-VRA,13,VRA,Varadero,SUNWING,Sunwing,CARIBBEAN,Caribbean,WG163,YYC,Calgary,VRA,RSK,2026-09-27,Wk Sep 27,FALL,2026-09-29,09:30:00,150,12,162,62,6,68,94,42.0,42.0,78.0,560.00,545.00,168.00,153.00,-15.00,820.00,800.50,295.20,275.70,-19.50,582.94,1.87,5.00,37.3,NorthStar Travel,600.00,Coastal Getaways,505.00,505.00,55.00,1.22170315130173313,Over-bedded,0,0,NULL,0,NULL,NULL,0,2026-06-08 09:00:00 +02:00,2026-06-08 09:00:00 +02:00,NULL
WG163-YYC-VRA-20261006,WG163-YYC-VRA,14,VRA,Varadero,SUNWING,Sunwing,CARIBBEAN,Caribbean,WG163,YYC,Calgary,VRA,RSK,2026-10-04,Wk Oct 4,FALL,2026-10-06,09:30:00,150,18,168,41,7,48,120,28.6,28.6,78.0,515.00,505.00,154.50,144.50,-10.00,775.00,762.00,279.00,266.00,-13.00,552.92,1.23,5.00,24.6,BlueJet Vacations,530.00,MapleAir Holidays,490.00,490.00,25.00,1.23068612332670613,Over-bedded,1,0,NULL,0,NULL,NULL,0,2026-06-08 09:00:00 +02:00,2026-06-08 09:00:00 +02:00,NULL
WG163-YYC-VRA-20261013,WG163-YYC-VRA,15,VRA,Varadero,SUNWING,Sunwing,CARIBBEAN,Caribbean,WG163,YYC,Calgary,VRA,RSK,2026-10-11,Wk Oct 11,FALL,2026-10-13,09:30:00,174,16,190,41,5,46,144,24.2,24.2,78.0,510.00,470.00,153.00,113.00,-40.00,770.00,718.00,277.20,225.20,-52.00,538.26,1.62,5.00,32.5,BlueJet Vacations,480.00,MapleAir Holidays,520.00,480.00,30.00,1.20622713231854917,Over-bedded,0,0,NULL,0,NULL,NULL,0,2026-06-08 09:00:00 +02:00,2026-06-08 09:00:00 +02:00,NULL
WG163-YYC-VRA-20261020,WG163-YYC-VRA,16,VRA,Varadero,SUNWING,Sunwing,CARIBBEAN,Caribbean,WG163,YYC,Calgary,VRA,RSK,2026-10-18,Wk Oct 18,FALL,2026-10-20,09:30:00,150,18,168,35,6,41,127,24.4,24.4,78.0,550.00,540.00,165.00,155.00,-10.00,890.00,877.00,320.40,307.40,-13.00,599.76,2.09,5.00,41.9,NorthStar Travel,590.00,Coastal Getaways,570.00,570.00,-20.00,1.23711959018928042,Over-bedded,0,0,NULL,0,NULL,NULL,0,2026-06-08 09:00:00 +02:00,2026-06-08 09:00:00 +02:00,NULL
WG163-YYC-VRA-20261027,WG163-YYC-VRA,17,VRA,Varadero,SUNWING,Sunwing,CARIBBEAN,Caribbean,WG163,YYC,Calgary,VRA,RSK,2026-10-25,Wk Oct 25,FALL,2026-10-27,09:30:00,186,12,198,36,1,37,161,18.7,18.7,78.0,500.00,475.00,150.00,125.00,-25.00,800.00,767.50,288.00,255.50,-32.50,508.11,1.65,5.00,32.9,SkyHoliday,455.00,Island Escape,475.00,455.00,45.00,1.23353370319620304,Over-bedded,0,1,ROS_BELOW_TARGET,0,NULL,NULL,0,2026-06-08 09:00:00 +02:00,2026-06-08 09:00:00 +02:00,RM Demo User
WG163-YYC-VRA-20261103,WG163-YYC-VRA,18,VRA,Varadero,SUNWING,Sunwing,CARIBBEAN,Caribbean,WG163,YYC,Calgary,VRA,RSK,2026-11-01,Wk Nov 1,FALL,2026-11-03,09:30:00,186,12,198,35,2,37,161,18.7,18.7,78.0,475.00,435.00,142.50,102.50,-40.00,815.00,763.00,293.40,241.40,-52.00,493.38,0.61,5.00,12.2,SkyHoliday,515.00,Island Escape,470.00,470.00,5.00,1.22936267249015740,Over-bedded,0,0,NULL,0,NULL,NULL,0,2026-06-08 09:00:00 +02:00,2026-06-08 09:00:00 +02:00,NULL
WG163-YYC-VRA-20261110,WG163-YYC-VRA,19,VRA,Varadero,SUNWING,Sunwing,CARIBBEAN,Caribbean,WG163,YYC,Calgary,VRA,RSK,2026-11-08,Wk Nov 8,FALL,2026-11-10,09:30:00,189,12,201,25,1,26,175,12.9,12.9,78.0,470.00,445.00,141.00,116.00,-25.00,770.00,737.50,277.20,244.70,-32.50,481.54,0.46,5.00,9.2,Holiday Air,485.00,Resort Direct,465.00,465.00,5.00,1.18715953390910833,Over-bedded,0,1,ROS_BELOW_TARGET,0,NULL,NULL,0,2026-06-08 09:00:00 +02:00,2026-06-08 09:00:00 +02:00,RM Demo User
WG163-YYC-VRA-20261117,WG163-YYC-VRA,20,VRA,Varadero,SUNWING,Sunwing,CARIBBEAN,Caribbean,WG163,YYC,Calgary,VRA,RSK,2026-11-15,Wk Nov 15,FALL,2026-11-17,09:30:00,180,12,192,24,2,26,166,13.5,13.5,78.0,505.00,485.00,151.50,131.50,-20.00,805.00,779.00,289.80,263.80,-26.00,528.08,0.39,5.00,7.9,SkyHoliday,485.00,Island Escape,525.00,485.00,20.00,1.21716139544873081,Over-bedded,0,0,NULL,0,NULL,NULL,0,2026-06-08 09:00:00 +02:00,2026-06-08 09:00:00 +02:00,NULL
WG163-YYC-VRA-20261124,WG163-YYC-VRA,21,VRA,Varadero,SUNWING,Sunwing,CARIBBEAN,Caribbean,WG163,YYC,Calgary,VRA,RSK,2026-11-22,Wk Nov 22,FALL,2026-11-24,09:30:00,186,18,204,37,2,39,165,19.1,19.1,78.0,485.00,475.00,145.50,135.50,-10.00,745.00,732.00,268.20,255.20,-13.00,498.33,0.63,5.00,12.5,SkyHoliday,455.00,Island Escape,535.00,455.00,30.00,1.22034365913121312,Over-bedded,0,1,ROS_BELOW_TARGET,0,NULL,NULL,0,2026-06-08 09:00:00 +02:00,2026-06-08 09:00:00 +02:00,NULL
WG163-YYC-VRA-20261201,WG163-YYC-VRA,22,VRA,Varadero,SUNWING,Sunwing,CARIBBEAN,Caribbean,WG163,YYC,Calgary,VRA,RSK,2026-11-29,Wk Nov 29,FALL,2026-12-01,09:30:00,186,16,202,28,2,30,172,14.9,14.9,78.0,470.00,460.00,141.00,131.00,-10.00,730.00,717.00,262.80,249.80,-13.00,487.33,0.37,5.00,7.4,BlueJet Vacations,485.00,MapleAir Holidays,465.00,465.00,5.00,1.23558986053895081,Over-bedded,0,0,NULL,0,NULL,NULL,0,2026-06-08 09:00:00 +02:00,2026-06-08 09:00:00 +02:00,NULL
WG163-YYC-VRA-20261208,WG163-YYC-VRA,23,VRA,Varadero,SUNWING,Sunwing,CARIBBEAN,Caribbean,WG163,YYC,Calgary,VRA,RSK,2026-12-06,Wk Dec 6,WINTER,2026-12-08,09:30:00,162,16,178,27,2,29,149,16.3,16.3,78.0,515.00,490.00,154.50,129.50,-25.00,855.00,822.50,307.80,275.30,-32.50,538.45,1.13,5.00,22.7,BlueJet Vacations,555.00,MapleAir Holidays,460.00,460.00,55.00,1.19469185198866157,Over-bedded,0,0,NULL,0,NULL,NULL,0,2026-06-08 09:00:00 +02:00,2026-06-08 09:00:00 +02:00,NULL
WG163-YYC-VRA-20261215,WG163-YYC-VRA,24,VRA,Varadero,SUNWING,Sunwing,CARIBBEAN,Caribbean,WG163,YYC,Calgary,VRA,RSK,2026-12-13,Wk Dec 13,WINTER,2026-12-15,09:30:00,162,16,178,21,3,24,154,13.5,13.5,78.0,555.00,515.00,166.50,126.50,-40.00,855.00,803.00,307.80,255.80,-52.00,592.50,1.35,5.00,26.9,SkyHoliday,525.00,Island Escape,550.00,525.00,30.00,1.23487102616785638,Over-bedded,0,0,NULL,0,NULL,NULL,0,2026-06-08 09:00:00 +02:00,2026-06-08 09:00:00 +02:00,NULL
WG170-YVR-VRA-20260709,WG170-YVR-VRA,1,VRA,Varadero,SUNWING,Sunwing,CARIBBEAN,Caribbean,WG170,YVR,Vancouver,VRA,OWN,2026-07-05,Wk Jul 5,SUMMER,2026-07-09,07:15:00,180,16,196,153,12,165,31,84.2,92.0,78.0,725.00,755.00,246.50,276.50,30.00,985.00,1024.00,354.60,393.60,39.00,743.91,3.06,5.00,61.2,SkyHoliday,680.00,Island Escape,735.00,680.00,45.00,1.24267029936780293,Over-bedded,0,1,LF_ABOVE_TARGET,0,NULL,NULL,0,2026-06-08 09:00:00 +02:00,2026-06-08 09:00:00 +02:00,AutoPilot Demo
WG170-YVR-VRA-20260716,WG170-YVR-VRA,2,VRA,Varadero,SUNWING,Sunwing,CARIBBEAN,Caribbean,WG170,YVR,Vancouver,VRA,OWN,2026-07-12,Wk Jul 12,SUMMER,2026-07-16,07:15:00,162,12,174,127,11,138,36,79.3,83.7,78.0,710.00,700.00,241.40,231.40,-10.00,1010.00,997.00,363.60,350.60,-13.00,733.91,2.24,5.00,44.8,Holiday Air,735.00,Resort Direct,745.00,735.00,-25.00,1.20119783360186250,Over-bedded,0,1,ROS_BELOW_TARGET,0,NULL,NULL,0,2026-06-08 09:00:00 +02:00,2026-06-08 09:00:00 +02:00,NULL
WG170-YVR-VRA-20260723,WG170-YVR-VRA,3,VRA,Varadero,SUNWING,Sunwing,CARIBBEAN,Caribbean,WG170,YVR,Vancouver,VRA,OWN,2026-07-19,Wk Jul 19,SUMMER,2026-07-23,07:15:00,180,12,192,139,8,147,45,76.6,80.4,78.0,710.00,685.00,241.40,216.40,-25.00,1010.00,977.50,363.60,331.10,-32.50,726.33,1.65,5.00,33.0,BlueJet Vacations,725.00,MapleAir Holidays,685.00,685.00,25.00,1.18598997960254571,Over-bedded,0,0,NULL,0,NULL,NULL,0,2026-06-08 09:00:00 +02:00,2026-06-08 09:00:00 +02:00,NULL
WG170-YVR-VRA-20260730,WG170-YVR-VRA,4,VRA,Varadero,SUNWING,Sunwing,CARIBBEAN,Caribbean,WG170,YVR,Vancouver,VRA,OWN,2026-07-26,Wk Jul 26,SUMMER,2026-07-30,07:15:00,180,12,192,124,9,133,59,69.3,73.6,78.0,695.00,695.00,236.30,236.30,0.00,955.00,975.00,343.80,363.80,20.00,712.59,3.14,5.00,62.7,BlueJet Vacations,685.00,MapleAir Holidays,705.00,685.00,10.00,1.21590052775731472,Over-bedded,0,0,NULL,0,NULL,NULL,0,2026-06-08 09:00:00 +02:00,2026-06-08 09:00:00 +02:00,NULL
WG170-YVR-VRA-20260806,WG170-YVR-VRA,5,VRA,Varadero,SUNWING,Sunwing,CARIBBEAN,Caribbean,WG170,YVR,Vancouver,VRA,OWN,2026-08-02,Wk Aug 2,SUMMER,2026-08-06,07:15:00,174,16,190,131,12,143,47,75.3,77.1,78.0,715.00,730.00,243.10,258.10,15.00,975.00,994.50,351.00,370.50,19.50,736.82,3.61,5.00,72.3,SkyHoliday,755.00,Island Escape,710.00,710.00,5.00,1.22492358215553754,Over-bedded,0,0,NULL,0,NULL,NULL,0,2026-06-08 09:00:00 +02:00,2026-06-08 09:00:00 +02:00,NULL
WG170-YVR-VRA-20260813,WG170-YVR-VRA,6,VRA,Varadero,SUNWING,Sunwing,CARIBBEAN,Caribbean,WG170,YVR,Vancouver,VRA,OWN,2026-08-09,Wk Aug 9,SUMMER,2026-08-13,07:15:00,150,16,166,95,10,105,61,63.3,66.9,78.0,675.00,675.00,229.50,229.50,0.00,1015.00,1015.00,365.40,365.40,0.00,707.38,5.95,5.00,119.0,Holiday Air,630.00,Resort Direct,725.00,630.00,45.00,1.19651264519987444,Over-bedded,0,0,NULL,0,NULL,NULL,0,2026-06-08 09:00:00 +02:00,2026-06-08 09:00:00 +02:00,NULL
WG170-YVR-VRA-20260820,WG170-YVR-VRA,7,VRA,Varadero,SUNWING,Sunwing,CARIBBEAN,Caribbean,WG170,YVR,Vancouver,VRA,OWN,2026-08-16,Wk Aug 16,SUMMER,2026-08-20,07:15:00,150,18,168,91,8,99,69,58.9,61.7,78.0,655.00,640.00,222.70,207.70,-15.00,995.00,975.50,358.20,338.70,-19.50,682.47,2.72,5.00,54.4,Holiday Air,645.00,Resort Direct,630.00,630.00,25.00,1.19878757087658849,Over-bedded,0,0,NULL,0,NULL,NULL,0,2026-06-08 09:00:00 +02:00,2026-06-08 09:00:00 +02:00,NULL
WG170-YVR-VRA-20260827,WG170-YVR-VRA,8,VRA,Varadero,SUNWING,Sunwing,CARIBBEAN,Caribbean,WG170,YVR,Vancouver,VRA,OWN,2026-08-23,Wk Aug 23,SUMMER,2026-08-27,07:15:00,186,12,198,106,8,114,84,57.6,59.3,78.0,665.00,625.00,226.10,186.10,-40.00,1065.00,1013.00,383.40,331.40,-52.00,693.07,2.77,5.00,55.3,BlueJet Vacations,645.00,MapleAir Holidays,685.00,645.00,20.00,1.20566764808675408,Over-bedded,0,0,NULL,0,NULL,NULL,0,2026-06-08 09:00:00 +02:00,2026-06-08 09:00:00 +02:00,NULL
WG170-YVR-VRA-20260903,WG170-YVR-VRA,9,VRA,Varadero,SUNWING,Sunwing,CARIBBEAN,Caribbean,WG170,YVR,Vancouver,VRA,OWN,2026-08-30,Wk Aug 30,SUMMER,2026-09-03,07:15:00,180,18,198,106,10,116,82,58.6,59.7,78.0,660.00,645.00,224.40,209.40,-15.00,1000.00,980.50,360.00,340.50,-19.50,689.31,2.94,5.00,58.7,NorthStar Travel,640.00,Coastal Getaways,680.00,640.00,20.00,1.19777441934345363,Over-bedded,0,0,NULL,0,NULL,NULL,0,2026-06-08 09:00:00 +02:00,2026-06-08 09:00:00 +02:00,NULL
WG170-YVR-VRA-20260910,WG170-YVR-VRA,10,VRA,Varadero,SUNWING,Sunwing,CARIBBEAN,Caribbean,WG170,YVR,Vancouver,VRA,OWN,2026-09-06,Wk Sep 6,FALL,2026-09-10,07:15:00,174,12,186,94,9,103,83,55.4,55.9,78.0,580.00,565.00,197.20,182.20,-15.00,880.00,860.50,316.80,297.30,-19.50,606.21,3.22,5.00,64.5,NorthStar Travel,550.00,Coastal Getaways,525.00,525.00,55.00,1.18476057366129295,Over-bedded,0,0,NULL,0,NULL,NULL,0,2026-06-08 09:00:00 +02:00,2026-06-08 09:00:00 +02:00,NULL
WG170-YVR-VRA-20260917,WG170-YVR-VRA,11,VRA,Varadero,SUNWING,Sunwing,CARIBBEAN,Caribbean,WG170,YVR,Vancouver,VRA,OWN,2026-09-13,Wk Sep 13,FALL,2026-09-17,07:15:00,162,16,178,76,9,85,93,47.8,48.5,78.0,555.00,530.00,188.70,163.70,-25.00,855.00,822.50,307.80,275.30,-32.50,586.76,1.09,5.00,21.8,BlueJet Vacations,525.00,MapleAir Holidays,500.00,500.00,55.00,1.21209494159257103,Over-bedded,0,0,NULL,0,NULL,NULL,0,2026-06-08 09:00:00 +02:00,2026-06-08 09:00:00 +02:00,NULL
WG170-YVR-VRA-20260924,WG170-YVR-VRA,12,VRA,Varadero,SUNWING,Sunwing,CARIBBEAN,Caribbean,WG170,YVR,Vancouver,VRA,OWN,2026-09-20,Wk Sep 20,FALL,2026-09-24,07:15:00,162,16,178,60,7,67,111,37.6,37.8,78.0,560.00,545.00,190.40,175.40,-15.00,860.00,840.50,309.60,290.10,-19.50,591.34,0.99,5.00,19.7,Holiday Air,515.00,Resort Direct,580.00,515.00,45.00,1.23018510134499381,Over-bedded,0,0,NULL,0,NULL,NULL,0,2026-06-08 09:00:00 +02:00,2026-06-08 09:00:00 +02:00,NULL
WG170-YVR-VRA-20261001,WG170-YVR-VRA,13,VRA,Varadero,SUNWING,Sunwing,CARIBBEAN,Caribbean,WG170,YVR,Vancouver,VRA,OWN,2026-09-27,Wk Sep 27,FALL,2026-10-01,07:15:00,186,16,202,69,7,76,126,37.6,37.6,78.0,575.00,555.00,195.50,175.50,-20.00,915.00,889.00,329.40,303.40,-26.00,606.32,3.16,5.00,63.2,SkyHoliday,590.00,Island Escape,520.00,520.00,55.00,1.19668462672992115,Over-bedded,0,0,NULL,0,NULL,NULL,0,2026-06-08 09:00:00 +02:00,2026-06-08 09:00:00 +02:00,NULL
WG170-YVR-VRA-20261008,WG170-YVR-VRA,14,VRA,Varadero,SUNWING,Sunwing,CARIBBEAN,Caribbean,WG170,YVR,Vancouver,VRA,OWN,2026-10-04,Wk Oct 4,FALL,2026-10-08,07:15:00,186,18,204,72,9,81,123,39.7,39.7,78.0,520.00,495.00,176.80,151.80,-25.00,780.00,747.50,280.80,248.30,-32.50,548.89,1.58,5.00,31.6,BlueJet Vacations,510.00,MapleAir Holidays,540.00,510.00,10.00,1.20274139016533943,Over-bedded,0,1,ROS_BELOW_TARGET,0,NULL,NULL,0,2026-06-08 09:00:00 +02:00,2026-06-08 09:00:00 +02:00,RM Demo User
WG170-YVR-VRA-20261015,WG170-YVR-VRA,15,VRA,Varadero,SUNWING,Sunwing,CARIBBEAN,Caribbean,WG170,YVR,Vancouver,VRA,OWN,2026-10-11,Wk Oct 11,FALL,2026-10-15,07:15:00,174,16,190,50,6,56,134,29.5,29.5,78.0,535.00,505.00,181.90,151.90,-30.00,835.00,796.00,300.60,261.60,-39.00,567.14,2.06,5.00,41.2,NorthStar Travel,515.00,Coastal Getaways,570.00,515.00,20.00,1.22566484405812037,Over-bedded,0,1,ROS_BELOW_TARGET,0,NULL,NULL,0,2026-06-08 09:00:00 +02:00,2026-06-08 09:00:00 +02:00,NULL
WG170-YVR-VRA-20261022,WG170-YVR-VRA,16,VRA,Varadero,SUNWING,Sunwing,CARIBBEAN,Caribbean,WG170,YVR,Vancouver,VRA,OWN,2026-10-18,Wk Oct 18,FALL,2026-10-22,07:15:00,150,18,168,45,5,50,118,29.8,29.8,78.0,570.00,530.00,193.80,153.80,-40.00,910.00,858.00,327.60,275.60,-52.00,604.00,2.27,5.00,45.3,SkyHoliday,525.00,Island Escape,545.00,525.00,45.00,1.21392684391645811,Over-bedded,0,0,NULL,1,RM review hold,2026-06-15,0,2026-06-08 09:00:00 +02:00,2026-06-08 09:00:00 +02:00,NULL
WG170-YVR-VRA-20261029,WG170-YVR-VRA,17,VRA,Varadero,SUNWING,Sunwing,CARIBBEAN,Caribbean,WG170,YVR,Vancouver,VRA,OWN,2026-10-25,Wk Oct 25,FALL,2026-10-29,07:15:00,189,12,201,17,2,19,182,9.5,9.5,78.0,500.00,490.00,170.00,160.00,-10.00,840.00,827.00,302.40,289.40,-13.00,535.79,0.53,5.00,10.5,NorthStar Travel,490.00,Coastal Getaways,535.00,490.00,10.00,1.22350944665569350,Over-bedded,0,0,NULL,0,NULL,NULL,0,2026-06-08 09:00:00 +02:00,2026-06-08 09:00:00 +02:00,NULL
WG170-YVR-VRA-20261105,WG170-YVR-VRA,18,VRA,Varadero,SUNWING,Sunwing,CARIBBEAN,Caribbean,WG170,YVR,Vancouver,VRA,OWN,2026-11-01,Wk Nov 1,FALL,2026-11-05,07:15:00,180,18,198,31,2,33,165,16.7,16.7,78.0,480.00,450.00,163.20,133.20,-30.00,780.00,741.00,280.80,241.80,-39.00,498.18,0.82,5.00,16.4,Holiday Air,470.00,Resort Direct,515.00,470.00,10.00,1.20626600868900979,Over-bedded,0,0,NULL,0,NULL,NULL,0,2026-06-08 09:00:00 +02:00,2026-06-08 09:00:00 +02:00,NULL
WG170-YVR-VRA-20261112,WG170-YVR-VRA,19,VRA,Varadero,SUNWING,Sunwing,CARIBBEAN,Caribbean,WG170,YVR,Vancouver,VRA,OWN,2026-11-08,Wk Nov 8,FALL,2026-11-12,07:15:00,150,12,162,11,3,14,148,8.6,8.6,78.0,500.00,490.00,170.00,160.00,-10.00,760.00,747.00,273.60,260.60,-13.00,555.71,0.74,5.00,14.8,Holiday Air,490.00,Resort Direct,475.00,475.00,25.00,1.21777554787888698,Over-bedded,0,0,NULL,0,NULL,NULL,0,2026-06-08 09:00:00 +02:00,2026-06-08 09:00:00 +02:00,NULL
WG170-YVR-VRA-20261119,WG170-YVR-VRA,20,VRA,Varadero,SUNWING,Sunwing,CARIBBEAN,Caribbean,WG170,YVR,Vancouver,VRA,OWN,2026-11-15,Wk Nov 15,FALL,2026-11-19,07:15:00,150,16,166,22,4,26,140,15.7,15.7,78.0,490.00,480.00,166.60,156.60,-10.00,790.00,777.00,284.40,271.40,-13.00,536.15,0.55,5.00,11.0,SkyHoliday,505.00,Island Escape,510.00,505.00,-15.00,1.21638920653433491,Over-bedded,0,0,NULL,0,NULL,NULL,0,2026-06-08 09:00:00 +02:00,2026-06-08 09:00:00 +02:00,NULL
WG170-YVR-VRA-20261126,WG170-YVR-VRA,21,VRA,Varadero,SUNWING,Sunwing,CARIBBEAN,Caribbean,WG170,YVR,Vancouver,VRA,OWN,2026-11-22,Wk Nov 22,FALL,2026-11-26,07:15:00,189,18,207,19,2,21,186,10.1,10.1,78.0,495.00,455.00,168.30,128.30,-40.00,835.00,783.00,300.60,248.60,-52.00,527.38,0.67,5.00,13.4,Holiday Air,465.00,Resort Direct,470.00,465.00,30.00,1.22054964459452431,Over-bedded,0,0,NULL,0,NULL,NULL,0,2026-06-08 09:00:00 +02:00,2026-06-08 09:00:00 +02:00,NULL
WG170-YVR-VRA-20261203,WG170-YVR-VRA,22,VRA,Varadero,SUNWING,Sunwing,CARIBBEAN,Caribbean,WG170,YVR,Vancouver,VRA,OWN,2026-11-29,Wk Nov 29,FALL,2026-12-03,07:15:00,180,16,196,31,2,33,163,16.8,16.8,78.0,545.00,515.00,185.30,155.30,-30.00,845.00,806.00,304.20,265.20,-39.00,563.18,0.56,5.00,11.3,Holiday Air,500.00,Resort Direct,555.00,500.00,45.00,1.20842869091183558,Over-bedded,0,0,NULL,0,NULL,NULL,0,2026-06-08 09:00:00 +02:00,2026-06-08 09:00:00 +02:00,NULL
WG170-YVR-VRA-20261210,WG170-YVR-VRA,23,VRA,Varadero,SUNWING,Sunwing,CARIBBEAN,Caribbean,WG170,YVR,Vancouver,VRA,OWN,2026-12-06,Wk Dec 6,WINTER,2026-12-10,07:15:00,189,16,205,13,2,15,190,7.3,7.3,78.0,520.00,495.00,176.80,151.80,-25.00,820.00,787.50,295.20,262.70,-32.50,560.00,0.49,5.00,9.7,SkyHoliday,500.00,Island Escape,495.00,495.00,25.00,1.20006510597754912,Over-bedded,0,0,NULL,0,NULL,NULL,0,2026-06-08 09:00:00 +02:00,2026-06-08 09:00:00 +02:00,NULL
WG170-YVR-VRA-20261217,WG170-YVR-VRA,24,VRA,Varadero,SUNWING,Sunwing,CARIBBEAN,Caribbean,WG170,YVR,Vancouver,VRA,OWN,2026-12-13,Wk Dec 13,WINTER,2026-12-17,07:15:00,174,12,186,31,1,32,154,17.2,17.2,78.0,520.00,490.00,176.80,146.80,-30.00,820.00,781.00,295.20,256.20,-39.00,529.38,0.90,5.00,18.0,NorthStar Travel,560.00,Coastal Getaways,530.00,530.00,-10.00,1.18121483473597544,Over-bedded,0,1,ROS_BELOW_TARGET,0,NULL,NULL,0,2026-06-08 09:00:00 +02:00,2026-06-08 09:00:00 +02:00,NULL
WG177-YEG-VRA-20260711,WG177-YEG-VRA,1,VRA,Varadero,SUNWING,Sunwing,CARIBBEAN,Caribbean,WG177,YEG,Edmonton,VRA,3RD,2026-07-05,Wk Jul 5,SUMMER,2026-07-11,09:30:00,150,0,150,114,0,114,36,76.0,81.2,78.0,700.00,700.00,189.00,189.00,0.00,NULL,NULL,NULL,NULL,NULL,700.00,4.24,5.00,84.9,NorthStar Travel,715.00,Coastal Getaways,645.00,645.00,55.00,1.20580411623504458,Over-bedded,0,0,NULL,0,NULL,NULL,0,2026-06-08 09:00:00 +02:00,2026-06-08 09:00:00 +02:00,NULL
WG177-YEG-VRA-20260718,WG177-YEG-VRA,2,VRA,Varadero,SUNWING,Sunwing,CARIBBEAN,Caribbean,WG177,YEG,Edmonton,VRA,3RD,2026-07-12,Wk Jul 12,SUMMER,2026-07-18,09:30:00,180,0,180,137,0,137,43,76.1,79.6,78.0,650.00,650.00,175.50,175.50,0.00,NULL,NULL,NULL,NULL,NULL,650.00,5.63,5.00,112.6,NorthStar Travel,630.00,Coastal Getaways,660.00,630.00,20.00,1.23198959738301350,Over-bedded,0,0,NULL,0,NULL,NULL,0,2026-06-08 09:00:00 +02:00,2026-06-08 09:00:00 +02:00,NULL
WG177-YEG-VRA-20260725,WG177-YEG-VRA,3,VRA,Varadero,SUNWING,Sunwing,CARIBBEAN,Caribbean,WG177,YEG,Edmonton,VRA,3RD,2026-07-19,Wk Jul 19,SUMMER,2026-07-25,09:30:00,174,0,174,119,0,119,55,68.4,71.3,78.0,655.00,655.00,176.85,176.85,0.00,NULL,NULL,NULL,NULL,NULL,655.00,5.44,5.00,108.7,Holiday Air,670.00,Resort Direct,690.00,670.00,-15.00,1.17777342355401204,Over-bedded,0,0,NULL,0,NULL,NULL,0,2026-06-08 09:00:00 +02:00,2026-06-08 09:00:00 +02:00,NULL
WG177-YEG-VRA-20260801,WG177-YEG-VRA,4,VRA,Varadero,SUNWING,Sunwing,CARIBBEAN,Caribbean,WG177,YEG,Edmonton,VRA,3RD,2026-07-26,Wk Jul 26,SUMMER,2026-08-01,09:30:00,180,0,180,145,0,145,35,80.6,85.3,78.0,675.00,675.00,182.25,182.25,0.00,NULL,NULL,NULL,NULL,NULL,675.00,7.15,5.00,142.9,Holiday Air,655.00,Resort Direct,710.00,655.00,20.00,1.20688949604608853,Over-bedded,0,0,NULL,0,NULL,NULL,0,2026-06-08 09:00:00 +02:00,2026-06-08 09:00:00 +02:00,NULL
WG177-YEG-VRA-20260808,WG177-YEG-VRA,5,VRA,Varadero,SUNWING,Sunwing,CARIBBEAN,Caribbean,WG177,YEG,Edmonton,VRA,3RD,2026-08-02,Wk Aug 2,SUMMER,2026-08-08,09:30:00,189,0,189,124,0,124,65,65.6,67.5,78.0,660.00,640.00,178.20,158.20,-20.00,NULL,NULL,NULL,NULL,NULL,660.00,2.34,5.00,46.9,SkyHoliday,630.00,Island Escape,680.00,630.00,30.00,1.20928263561573024,Over-bedded,0,0,NULL,0,NULL,NULL,0,2026-06-08 09:00:00 +02:00,2026-06-08 09:00:00 +02:00,NULL
WG177-YEG-VRA-20260815,WG177-YEG-VRA,6,VRA,Varadero,SUNWING,Sunwing,CARIBBEAN,Caribbean,WG177,YEG,Edmonton,VRA,3RD,2026-08-09,Wk Aug 9,SUMMER,2026-08-15,09:30:00,180,0,180,115,0,115,65,63.9,67.2,78.0,675.00,690.00,182.25,197.25,15.00,NULL,NULL,NULL,NULL,NULL,675.00,6.65,5.00,133.1,BlueJet Vacations,630.00,MapleAir Holidays,695.00,630.00,45.00,1.19360605995240676,Over-bedded,0,1,LF_ABOVE_TARGET,0,NULL,NULL,0,2026-06-08 09:00:00 +02:00,2026-06-08 09:00:00 +02:00,NULL
WG177-YEG-VRA-20260822,WG177-YEG-VRA,7,VRA,Varadero,SUNWING,Sunwing,CARIBBEAN,Caribbean,WG177,YEG,Edmonton,VRA,3RD,2026-08-16,Wk Aug 16,SUMMER,2026-08-22,09:30:00,189,0,189,111,0,111,78,58.7,61.0,78.0,680.00,655.00,183.60,158.60,-25.00,NULL,NULL,NULL,NULL,NULL,680.00,1.23,5.00,24.6,BlueJet Vacations,650.00,MapleAir Holidays,700.00,650.00,30.00,1.21477491318129682,Over-bedded,0,0,NULL,0,NULL,NULL,0,2026-06-08 09:00:00 +02:00,2026-06-08 09:00:00 +02:00,NULL
WG177-YEG-VRA-20260829,WG177-YEG-VRA,8,VRA,Varadero,SUNWING,Sunwing,CARIBBEAN,Caribbean,WG177,YEG,Edmonton,VRA,3RD,2026-08-23,Wk Aug 23,SUMMER,2026-08-29,09:30:00,150,0,150,84,0,84,66,56.0,58.2,78.0,620.00,600.00,167.40,147.40,-20.00,NULL,NULL,NULL,NULL,NULL,620.00,1.92,5.00,38.4,BlueJet Vacations,645.00,MapleAir Holidays,615.00,615.00,5.00,1.20394050755004933,Over-bedded,1,0,NULL,0,NULL,NULL,0,2026-06-08 09:00:00 +02:00,2026-06-08 09:00:00 +02:00,AutoPilot Demo
WG177-YEG-VRA-20260905,WG177-YEG-VRA,9,VRA,Varadero,SUNWING,Sunwing,CARIBBEAN,Caribbean,WG177,YEG,Edmonton,VRA,3RD,2026-08-30,Wk Aug 30,SUMMER,2026-09-05,09:30:00,174,0,174,72,0,72,102,41.4,42.1,78.0,605.00,575.00,163.35,133.35,-30.00,NULL,NULL,NULL,NULL,NULL,605.00,3.67,5.00,73.4,Holiday Air,645.00,Resort Direct,550.00,550.00,55.00,1.22214754221081190,Over-bedded,0,0,NULL,0,NULL,NULL,0,2026-06-08 09:00:00 +02:00,2026-06-08 09:00:00 +02:00,NULL
WG177-YEG-VRA-20260912,WG177-YEG-VRA,10,VRA,Varadero,SUNWING,Sunwing,CARIBBEAN,Caribbean,WG177,YEG,Edmonton,VRA,3RD,2026-09-06,Wk Sep 6,FALL,2026-09-12,09:30:00,150,0,150,72,0,72,78,48.0,48.7,78.0,545.00,525.00,147.15,127.15,-20.00,NULL,NULL,NULL,NULL,NULL,545.00,1.53,5.00,30.5,BlueJet Vacations,570.00,MapleAir Holidays,555.00,555.00,-10.00,1.21730480207072489,Over-bedded,0,1,ROS_BELOW_TARGET,0,NULL,NULL,0,2026-06-08 09:00:00 +02:00,2026-06-08 09:00:00 +02:00,RM Demo User
WG177-YEG-VRA-20260919,WG177-YEG-VRA,11,VRA,Varadero,SUNWING,Sunwing,CARIBBEAN,Caribbean,WG177,YEG,Edmonton,VRA,3RD,2026-09-13,Wk Sep 13,FALL,2026-09-19,09:30:00,189,0,189,64,0,64,125,33.9,34.5,78.0,525.00,505.00,141.75,121.75,-20.00,NULL,NULL,NULL,NULL,NULL,525.00,2.74,5.00,54.8,SkyHoliday,565.00,Island Escape,535.00,535.00,-10.00,1.18315157998028386,Over-bedded,0,0,NULL,0,NULL,NULL,0,2026-06-08 09:00:00 +02:00,2026-06-08 09:00:00 +02:00,NULL
WG177-YEG-VRA-20260926,WG177-YEG-VRA,12,VRA,Varadero,SUNWING,Sunwing,CARIBBEAN,Caribbean,WG177,YEG,Edmonton,VRA,3RD,2026-09-20,Wk Sep 20,FALL,2026-09-26,09:30:00,189,0,189,91,0,91,98,48.1,48.1,78.0,555.00,540.00,149.85,134.85,-15.00,NULL,NULL,NULL,NULL,NULL,555.00,2.73,5.00,54.6,Holiday Air,570.00,Resort Direct,575.00,570.00,-15.00,1.20240161775452603,Over-bedded,0,0,NULL,0,NULL,NULL,0,2026-06-08 09:00:00 +02:00,2026-06-08 09:00:00 +02:00,NULL
WG177-YEG-VRA-20261003,WG177-YEG-VRA,13,VRA,Varadero,SUNWING,Sunwing,CARIBBEAN,Caribbean,WG177,YEG,Edmonton,VRA,3RD,2026-09-27,Wk Sep 27,FALL,2026-10-03,09:30:00,180,0,180,52,0,52,128,28.9,28.9,78.0,525.00,510.00,141.75,126.75,-15.00,NULL,NULL,NULL,NULL,NULL,525.00,2.05,5.00,40.9,NorthStar Travel,565.00,Coastal Getaways,520.00,520.00,5.00,1.22856780315903102,Over-bedded,0,0,NULL,0,NULL,NULL,0,2026-06-08 09:00:00 +02:00,2026-06-08 09:00:00 +02:00,NULL
WG177-YEG-VRA-20261010,WG177-YEG-VRA,14,VRA,Varadero,SUNWING,Sunwing,CARIBBEAN,Caribbean,WG177,YEG,Edmonton,VRA,3RD,2026-10-04,Wk Oct 4,FALL,2026-10-10,09:30:00,162,0,162,41,0,41,121,25.3,25.3,78.0,475.00,450.00,128.25,103.25,-25.00,NULL,NULL,NULL,NULL,NULL,475.00,0.52,5.00,10.3,NorthStar Travel,430.00,Coastal Getaways,470.00,430.00,45.00,1.20951048870790823,Over-bedded,0,0,NULL,0,NULL,NULL,0,2026-06-08 09:00:00 +02:00,2026-06-08 09:00:00 +02:00,NULL
WG177-YEG-VRA-20261017,WG177-YEG-VRA,15,VRA,Varadero,SUNWING,Sunwing,CARIBBEAN,Caribbean,WG177,YEG,Edmonton,VRA,3RD,2026-10-11,Wk Oct 11,FALL,2026-10-17,09:30:00,150,0,150,60,0,60,90,40.0,40.0,78.0,505.00,475.00,136.35,106.35,-30.00,NULL,NULL,NULL,NULL,NULL,505.00,3.05,5.00,61.0,NorthStar Travel,485.00,Coastal Getaways,515.00,485.00,20.00,1.23208686183563443,Over-bedded,0,0,NULL,1,RM review hold,2026-06-29,0,2026-06-08 09:00:00 +02:00,2026-06-08 09:00:00 +02:00,NULL
WG177-YEG-VRA-20261024,WG177-YEG-VRA,16,VRA,Varadero,SUNWING,Sunwing,CARIBBEAN,Caribbean,WG177,YEG,Edmonton,VRA,3RD,2026-10-18,Wk Oct 18,FALL,2026-10-24,09:30:00,174,0,174,40,0,40,134,23.0,23.0,78.0,515.00,485.00,139.05,109.05,-30.00,NULL,NULL,NULL,NULL,NULL,515.00,1.11,5.00,22.2,NorthStar Travel,530.00,Coastal Getaways,510.00,510.00,5.00,1.23220583068204514,Over-bedded,0,0,NULL,0,NULL,NULL,0,2026-06-08 09:00:00 +02:00,2026-06-08 09:00:00 +02:00,NULL
WG177-YEG-VRA-20261031,WG177-YEG-VRA,17,VRA,Varadero,SUNWING,Sunwing,CARIBBEAN,Caribbean,WG177,YEG,Edmonton,VRA,3RD,2026-10-25,Wk Oct 25,FALL,2026-10-31,09:30:00,150,0,150,27,0,27,123,18.0,18.0,78.0,500.00,480.00,135.00,115.00,-20.00,NULL,NULL,NULL,NULL,NULL,500.00,0.86,5.00,17.2,BlueJet Vacations,525.00,MapleAir Holidays,445.00,445.00,55.00,1.23050224881128245,Over-bedded,0,1,ROS_BELOW_TARGET,0,NULL,NULL,0,2026-06-08 09:00:00 +02:00,2026-06-08 09:00:00 +02:00,NULL
WG177-YEG-VRA-20261107,WG177-YEG-VRA,18,VRA,Varadero,SUNWING,Sunwing,CARIBBEAN,Caribbean,WG177,YEG,Edmonton,VRA,3RD,2026-11-01,Wk Nov 1,FALL,2026-11-07,09:30:00,174,0,174,25,0,25,149,14.4,14.4,78.0,480.00,465.00,129.60,114.60,-15.00,NULL,NULL,NULL,NULL,NULL,480.00,0.68,5.00,13.5,SkyHoliday,495.00,Island Escape,500.00,495.00,-15.00,1.19580025558799719,Over-bedded,0,0,NULL,0,NULL,NULL,0,2026-06-08 09:00:00 +02:00,2026-06-08 09:00:00 +02:00,NULL
WG177-YEG-VRA-20261114,WG177-YEG-VRA,19,VRA,Varadero,SUNWING,Sunwing,CARIBBEAN,Caribbean,WG177,YEG,Edmonton,VRA,3RD,2026-11-08,Wk Nov 8,FALL,2026-11-14,09:30:00,150,0,150,18,0,18,132,12.0,12.0,78.0,460.00,450.00,124.20,114.20,-10.00,NULL,NULL,NULL,NULL,NULL,460.00,0.97,5.00,19.4,Holiday Air,485.00,Resort Direct,435.00,435.00,25.00,1.19383061786103739,Over-bedded,0,0,NULL,0,NULL,NULL,0,2026-06-08 09:00:00 +02:00,2026-06-08 09:00:00 +02:00,NULL
WG177-YEG-VRA-20261121,WG177-YEG-VRA,20,VRA,Varadero,SUNWING,Sunwing,CARIBBEAN,Caribbean,WG177,YEG,Edmonton,VRA,3RD,2026-11-15,Wk Nov 15,FALL,2026-11-21,09:30:00,189,0,189,28,0,28,161,14.8,14.8,78.0,490.00,450.00,132.30,92.30,-40.00,NULL,NULL,NULL,NULL,NULL,490.00,1.31,5.00,26.1,SkyHoliday,505.00,Island Escape,435.00,435.00,55.00,1.21065802929449551,Over-bedded,1,1,ROS_BELOW_TARGET,0,NULL,NULL,0,2026-06-08 09:00:00 +02:00,2026-06-08 09:00:00 +02:00,RM Demo User
WG177-YEG-VRA-20261128,WG177-YEG-VRA,21,VRA,Varadero,SUNWING,Sunwing,CARIBBEAN,Caribbean,WG177,YEG,Edmonton,VRA,3RD,2026-11-22,Wk Nov 22,FALL,2026-11-28,09:30:00,162,0,162,24,0,24,138,14.8,14.8,78.0,460.00,440.00,124.20,104.20,-20.00,NULL,NULL,NULL,NULL,NULL,460.00,0.84,5.00,16.9,SkyHoliday,450.00,Island Escape,470.00,450.00,10.00,1.21756033986861145,Over-bedded,1,1,ROS_BELOW_TARGET,0,NULL,NULL,0,2026-06-08 09:00:00 +02:00,2026-06-08 09:00:00 +02:00,RM Demo User
WG177-YEG-VRA-20261205,WG177-YEG-VRA,22,VRA,Varadero,SUNWING,Sunwing,CARIBBEAN,Caribbean,WG177,YEG,Edmonton,VRA,3RD,2026-11-29,Wk Nov 29,FALL,2026-12-05,09:30:00,186,0,186,4,0,4,182,2.2,2.2,78.0,470.00,440.00,126.90,96.90,-30.00,NULL,NULL,NULL,NULL,NULL,470.00,0.09,5.00,1.8,NorthStar Travel,510.00,Coastal Getaways,465.00,465.00,5.00,1.20177822227115461,Over-bedded,0,1,ROS_BELOW_TARGET,0,NULL,NULL,0,2026-06-08 09:00:00 +02:00,2026-06-08 09:00:00 +02:00,RM Demo User
WG177-YEG-VRA-20261212,WG177-YEG-VRA,23,VRA,Varadero,SUNWING,Sunwing,CARIBBEAN,Caribbean,WG177,YEG,Edmonton,VRA,3RD,2026-12-06,Wk Dec 6,WINTER,2026-12-12,09:30:00,186,0,186,4,0,4,182,2.2,2.2,78.0,535.00,510.00,144.45,119.45,-25.00,NULL,NULL,NULL,NULL,NULL,535.00,0.15,5.00,2.9,NorthStar Travel,525.00,Coastal Getaways,510.00,510.00,25.00,1.21433634911195965,Over-bedded,0,0,NULL,0,NULL,NULL,0,2026-06-08 09:00:00 +02:00,2026-06-08 09:00:00 +02:00,NULL
WG177-YEG-VRA-20261219,WG177-YEG-VRA,24,VRA,Varadero,SUNWING,Sunwing,CARIBBEAN,Caribbean,WG177,YEG,Edmonton,VRA,3RD,2026-12-13,Wk Dec 13,WINTER,2026-12-19,09:30:00,150,0,150,20,0,20,130,13.3,13.3,78.0,525.00,505.00,141.75,121.75,-20.00,NULL,NULL,NULL,NULL,NULL,525.00,0.47,5.00,9.3,Holiday Air,515.00,Resort Direct,535.00,515.00,10.00,1.22627930601270130,Over-bedded,0,0,NULL,0,NULL,NULL,0,2026-06-08 09:00:00 +02:00,2026-06-08 09:00:00 +02:00,NULL
WG184-YHZ-VRA-20260706,WG184-YHZ-VRA,1,VRA,Varadero,SUNWING,Sunwing,CARIBBEAN,Caribbean,WG184,YHZ,Halifax,VRA,RSK,2026-07-05,Wk Jul 5,SUMMER,2026-07-06,13:45:00,189,0,189,165,0,165,24,87.3,90.0,78.0,705.00,730.00,211.50,236.50,25.00,NULL,NULL,NULL,NULL,NULL,705.00,8.35,5.00,167.0,Holiday Air,660.00,Resort Direct,755.00,660.00,45.00,1.21537116042702231,Over-bedded,0,0,NULL,0,NULL,NULL,0,2026-06-08 09:00:00 +02:00,2026-06-08 09:00:00 +02:00,NULL
WG184-YHZ-VRA-20260713,WG184-YHZ-VRA,2,VRA,Varadero,SUNWING,Sunwing,CARIBBEAN,Caribbean,WG184,YHZ,Halifax,VRA,RSK,2026-07-12,Wk Jul 12,SUMMER,2026-07-13,13:45:00,150,0,150,118,0,118,32,78.7,81.5,78.0,665.00,665.00,199.50,199.50,0.00,NULL,NULL,NULL,NULL,NULL,665.00,5.18,5.00,103.7,NorthStar Travel,690.00,Coastal Getaways,685.00,685.00,-20.00,1.19484015715801339,Over-bedded,0,0,NULL,0,NULL,NULL,0,2026-06-08 09:00:00 +02:00,2026-06-08 09:00:00 +02:00,NULL
WG184-YHZ-VRA-20260720,WG184-YHZ-VRA,3,VRA,Varadero,SUNWING,Sunwing,CARIBBEAN,Caribbean,WG184,YHZ,Halifax,VRA,RSK,2026-07-19,Wk Jul 19,SUMMER,2026-07-20,13:45:00,189,0,189,151,0,151,38,79.9,85.3,78.0,670.00,710.00,201.00,241.00,40.00,NULL,NULL,NULL,NULL,NULL,670.00,8.13,5.00,162.7,Holiday Air,685.00,Resort Direct,680.00,680.00,-10.00,1.19599603376178454,Over-bedded,0,0,NULL,0,NULL,NULL,0,2026-06-08 09:00:00 +02:00,2026-06-08 09:00:00 +02:00,NULL
WG184-YHZ-VRA-20260727,WG184-YHZ-VRA,4,VRA,Varadero,SUNWING,Sunwing,CARIBBEAN,Caribbean,WG184,YHZ,Halifax,VRA,RSK,2026-07-26,Wk Jul 26,SUMMER,2026-07-27,13:45:00,189,0,189,158,0,158,31,83.6,89.1,78.0,680.00,730.00,204.00,254.00,50.00,NULL,NULL,NULL,NULL,NULL,680.00,8.48,5.00,169.7,BlueJet Vacations,705.00,MapleAir Holidays,700.00,700.00,-20.00,1.22534140123400603,Over-bedded,0,0,NULL,0,NULL,NULL,0,2026-06-08 09:00:00 +02:00,2026-06-08 09:00:00 +02:00,NULL
WG184-YHZ-VRA-20260803,WG184-YHZ-VRA,5,VRA,Varadero,SUNWING,Sunwing,CARIBBEAN,Caribbean,WG184,YHZ,Halifax,VRA,RSK,2026-08-02,Wk Aug 2,SUMMER,2026-08-03,13:45:00,162,0,162,112,0,112,50,69.1,72.9,78.0,635.00,645.00,190.50,200.50,10.00,NULL,NULL,NULL,NULL,NULL,635.00,3.80,5.00,76.1,BlueJet Vacations,625.00,MapleAir Holidays,655.00,625.00,10.00,1.20483965124645342,Over-bedded,0,0,NULL,0,NULL,NULL,0,2026-06-08 09:00:00 +02:00,2026-06-08 09:00:00 +02:00,NULL
WG184-YHZ-VRA-20260810,WG184-YHZ-VRA,6,VRA,Varadero,SUNWING,Sunwing,CARIBBEAN,Caribbean,WG184,YHZ,Halifax,VRA,RSK,2026-08-09,Wk Aug 9,SUMMER,2026-08-10,13:45:00,150,0,150,103,0,103,47,68.7,72.8,78.0,635.00,595.00,190.50,150.50,-40.00,NULL,NULL,NULL,NULL,NULL,635.00,2.24,5.00,44.8,BlueJet Vacations,625.00,MapleAir Holidays,645.00,625.00,10.00,1.18416863085661905,Over-bedded,0,0,NULL,0,NULL,NULL,0,2026-06-08 09:00:00 +02:00,2026-06-08 09:00:00 +02:00,NULL
WG184-YHZ-VRA-20260817,WG184-YHZ-VRA,7,VRA,Varadero,SUNWING,Sunwing,CARIBBEAN,Caribbean,WG184,YHZ,Halifax,VRA,RSK,2026-08-16,Wk Aug 16,SUMMER,2026-08-17,13:45:00,180,0,180,123,0,123,57,68.3,71.1,78.0,625.00,625.00,187.50,187.50,0.00,NULL,NULL,NULL,NULL,NULL,625.00,5.50,5.00,110.0,BlueJet Vacations,665.00,MapleAir Holidays,635.00,635.00,-10.00,1.19911895171904881,Over-bedded,0,0,NULL,0,NULL,NULL,0,2026-06-08 09:00:00 +02:00,2026-06-08 09:00:00 +02:00,NULL
WG184-YHZ-VRA-20260824,WG184-YHZ-VRA,8,VRA,Varadero,SUNWING,Sunwing,CARIBBEAN,Caribbean,WG184,YHZ,Halifax,VRA,RSK,2026-08-23,Wk Aug 23,SUMMER,2026-08-24,13:45:00,186,0,186,86,0,86,100,46.2,47.5,78.0,590.00,575.00,177.00,162.00,-15.00,NULL,NULL,NULL,NULL,NULL,590.00,2.96,5.00,59.1,BlueJet Vacations,545.00,MapleAir Holidays,640.00,545.00,45.00,1.21062571301603472,Over-bedded,0,0,NULL,0,NULL,NULL,0,2026-06-08 09:00:00 +02:00,2026-06-08 09:00:00 +02:00,NULL
WG184-YHZ-VRA-20260831,WG184-YHZ-VRA,9,VRA,Varadero,SUNWING,Sunwing,CARIBBEAN,Caribbean,WG184,YHZ,Halifax,VRA,RSK,2026-08-30,Wk Aug 30,SUMMER,2026-08-31,13:45:00,162,0,162,114,0,114,48,70.4,71.3,78.0,635.00,635.00,190.50,190.50,0.00,NULL,NULL,NULL,NULL,NULL,635.00,3.51,5.00,70.3,SkyHoliday,675.00,Island Escape,610.00,610.00,25.00,1.17047706457849876,Over-bedded,0,0,NULL,0,NULL,NULL,0,2026-06-08 09:00:00 +02:00,2026-06-08 09:00:00 +02:00,NULL
WG184-YHZ-VRA-20260907,WG184-YHZ-VRA,10,VRA,Varadero,SUNWING,Sunwing,CARIBBEAN,Caribbean,WG184,YHZ,Halifax,VRA,RSK,2026-09-06,Wk Sep 6,FALL,2026-09-07,13:45:00,186,0,186,91,0,91,95,48.9,50.5,78.0,535.00,505.00,160.50,130.50,-30.00,NULL,NULL,NULL,NULL,NULL,535.00,4.86,5.00,97.2,SkyHoliday,575.00,Island Escape,570.00,570.00,-35.00,1.21902871162069815,Over-bedded,0,1,ROS_BELOW_TARGET,0,NULL,NULL,0,2026-06-08 09:00:00 +02:00,2026-06-08 09:00:00 +02:00,RM Demo User
WG184-YHZ-VRA-20260914,WG184-YHZ-VRA,11,VRA,Varadero,SUNWING,Sunwing,CARIBBEAN,Caribbean,WG184,YHZ,Halifax,VRA,RSK,2026-09-13,Wk Sep 13,FALL,2026-09-14,13:45:00,162,0,162,60,0,60,102,37.0,37.6,78.0,540.00,520.00,162.00,142.00,-20.00,NULL,NULL,NULL,NULL,NULL,540.00,1.69,5.00,33.9,SkyHoliday,510.00,Island Escape,485.00,485.00,55.00,1.21960313198108095,Over-bedded,0,0,NULL,0,NULL,NULL,0,2026-06-08 09:00:00 +02:00,2026-06-08 09:00:00 +02:00,NULL
WG184-YHZ-VRA-20260921,WG184-YHZ-VRA,12,VRA,Varadero,SUNWING,Sunwing,CARIBBEAN,Caribbean,WG184,YHZ,Halifax,VRA,RSK,2026-09-20,Wk Sep 20,FALL,2026-09-21,13:45:00,180,0,180,68,0,68,112,37.8,37.9,78.0,530.00,510.00,159.00,139.00,-20.00,NULL,NULL,NULL,NULL,NULL,530.00,2.55,5.00,51.0,NorthStar Travel,520.00,Coastal Getaways,580.00,520.00,10.00,1.20389664597535195,Over-bedded,0,1,ROS_BELOW_TARGET,0,NULL,NULL,0,2026-06-08 09:00:00 +02:00,2026-06-08 09:00:00 +02:00,NULL
WG184-YHZ-VRA-20260928,WG184-YHZ-VRA,13,VRA,Varadero,SUNWING,Sunwing,CARIBBEAN,Caribbean,WG184,YHZ,Halifax,VRA,RSK,2026-09-27,Wk Sep 27,FALL,2026-09-28,13:45:00,186,0,186,64,0,64,122,34.4,34.4,78.0,490.00,460.00,147.00,117.00,-30.00,NULL,NULL,NULL,NULL,NULL,490.00,2.92,5.00,58.3,Holiday Air,470.00,Resort Direct,510.00,470.00,20.00,1.21271578223989018,Over-bedded,0,0,NULL,0,NULL,NULL,0,2026-06-08 09:00:00 +02:00,2026-06-08 09:00:00 +02:00,NULL
WG184-YHZ-VRA-20261005,WG184-YHZ-VRA,14,VRA,Varadero,SUNWING,Sunwing,CARIBBEAN,Caribbean,WG184,YHZ,Halifax,VRA,RSK,2026-10-04,Wk Oct 4,FALL,2026-10-05,13:45:00,180,0,180,69,0,69,111,38.3,38.3,78.0,545.00,530.00,163.50,148.50,-15.00,NULL,NULL,NULL,NULL,NULL,545.00,2.24,5.00,44.7,Holiday Air,585.00,Resort Direct,595.00,585.00,-40.00,1.22606841118570054,Over-bedded,0,1,ROS_BELOW_TARGET,0,NULL,NULL,0,2026-06-08 09:00:00 +02:00,2026-06-08 09:00:00 +02:00,RM Demo User
WG184-YHZ-VRA-20261012,WG184-YHZ-VRA,15,VRA,Varadero,SUNWING,Sunwing,CARIBBEAN,Caribbean,WG184,YHZ,Halifax,VRA,RSK,2026-10-11,Wk Oct 11,FALL,2026-10-12,13:45:00,174,0,174,49,0,49,125,28.2,28.2,78.0,510.00,490.00,153.00,133.00,-20.00,NULL,NULL,NULL,NULL,NULL,510.00,0.79,5.00,15.7,NorthStar Travel,525.00,Coastal Getaways,545.00,525.00,-15.00,1.22735626304802992,Over-bedded,0,0,NULL,0,NULL,NULL,0,2026-06-08 09:00:00 +02:00,2026-06-08 09:00:00 +02:00,NULL
WG184-YHZ-VRA-20261019,WG184-YHZ-VRA,16,VRA,Varadero,SUNWING,Sunwing,CARIBBEAN,Caribbean,WG184,YHZ,Halifax,VRA,RSK,2026-10-18,Wk Oct 18,FALL,2026-10-19,13:45:00,162,0,162,33,0,33,129,20.4,20.4,78.0,490.00,465.00,147.00,122.00,-25.00,NULL,NULL,NULL,NULL,NULL,490.00,0.77,5.00,15.4,SkyHoliday,515.00,Island Escape,525.00,515.00,-25.00,1.20088869982029522,Over-bedded,0,0,NULL,0,NULL,NULL,0,2026-06-08 09:00:00 +02:00,2026-06-08 09:00:00 +02:00,NULL
WG184-YHZ-VRA-20261026,WG184-YHZ-VRA,17,VRA,Varadero,SUNWING,Sunwing,CARIBBEAN,Caribbean,WG184,YHZ,Halifax,VRA,RSK,2026-10-25,Wk Oct 25,FALL,2026-10-26,13:45:00,189,0,189,48,0,48,141,25.4,25.4,78.0,485.00,445.00,145.50,105.50,-40.00,NULL,NULL,NULL,NULL,NULL,485.00,1.09,5.00,21.8,NorthStar Travel,510.00,Coastal Getaways,495.00,495.00,-10.00,1.19597172786741135,Over-bedded,0,0,NULL,0,NULL,NULL,0,2026-06-08 09:00:00 +02:00,2026-06-08 09:00:00 +02:00,NULL
WG184-YHZ-VRA-20261102,WG184-YHZ-VRA,18,VRA,Varadero,SUNWING,Sunwing,CARIBBEAN,Caribbean,WG184,YHZ,Halifax,VRA,RSK,2026-11-01,Wk Nov 1,FALL,2026-11-02,13:45:00,174,0,174,45,0,45,129,25.9,25.9,78.0,440.00,425.00,132.00,117.00,-15.00,NULL,NULL,NULL,NULL,NULL,440.00,1.56,5.00,31.3,NorthStar Travel,410.00,Coastal Getaways,435.00,410.00,30.00,1.17429347148678875,Over-bedded,0,0,NULL,0,NULL,NULL,0,2026-06-08 09:00:00 +02:00,2026-06-08 09:00:00 +02:00,NULL
WG184-YHZ-VRA-20261109,WG184-YHZ-VRA,19,VRA,Varadero,SUNWING,Sunwing,CARIBBEAN,Caribbean,WG184,YHZ,Halifax,VRA,RSK,2026-11-08,Wk Nov 8,FALL,2026-11-09,13:45:00,174,0,174,20,0,20,154,11.5,11.5,78.0,450.00,420.00,135.00,105.00,-30.00,NULL,NULL,NULL,NULL,NULL,450.00,1.12,5.00,22.5,SkyHoliday,475.00,Island Escape,395.00,395.00,55.00,1.19777788983237565,Over-bedded,0,0,NULL,0,NULL,NULL,0,2026-06-08 09:00:00 +02:00,2026-06-08 09:00:00 +02:00,NULL
WG184-YHZ-VRA-20261116,WG184-YHZ-VRA,20,VRA,Varadero,SUNWING,Sunwing,CARIBBEAN,Caribbean,WG184,YHZ,Halifax,VRA,RSK,2026-11-15,Wk Nov 15,FALL,2026-11-16,13:45:00,186,0,186,34,0,34,152,18.3,18.3,78.0,465.00,435.00,139.50,109.50,-30.00,NULL,NULL,NULL,NULL,NULL,465.00,1.52,5.00,30.5,BlueJet Vacations,435.00,MapleAir Holidays,440.00,435.00,30.00,1.19097305952805965,Over-bedded,0,1,ROS_BELOW_TARGET,0,NULL,NULL,0,2026-06-08 09:00:00 +02:00,2026-06-08 09:00:00 +02:00,RM Demo User
WG184-YHZ-VRA-20261123,WG184-YHZ-VRA,21,VRA,Varadero,SUNWING,Sunwing,CARIBBEAN,Caribbean,WG184,YHZ,Halifax,VRA,RSK,2026-11-22,Wk Nov 22,FALL,2026-11-23,13:45:00,150,0,150,25,0,25,125,16.7,16.7,78.0,470.00,455.00,141.00,126.00,-15.00,NULL,NULL,NULL,NULL,NULL,470.00,1.20,5.00,23.9,BlueJet Vacations,510.00,MapleAir Holidays,415.00,415.00,55.00,1.21790598145741935,Over-bedded,0,0,NULL,0,NULL,NULL,0,2026-06-08 09:00:00 +02:00,2026-06-08 09:00:00 +02:00,NULL
WG184-YHZ-VRA-20261130,WG184-YHZ-VRA,22,VRA,Varadero,SUNWING,Sunwing,CARIBBEAN,Caribbean,WG184,YHZ,Halifax,VRA,RSK,2026-11-29,Wk Nov 29,FALL,2026-11-30,13:45:00,162,0,162,25,0,25,137,15.4,15.4,78.0,470.00,450.00,141.00,121.00,-20.00,NULL,NULL,NULL,NULL,NULL,470.00,0.48,5.00,9.6,NorthStar Travel,440.00,Coastal Getaways,415.00,415.00,55.00,1.22666336169127477,Over-bedded,0,1,ROS_BELOW_TARGET,0,NULL,NULL,0,2026-06-08 09:00:00 +02:00,2026-06-08 09:00:00 +02:00,NULL
WG184-YHZ-VRA-20261207,WG184-YHZ-VRA,23,VRA,Varadero,SUNWING,Sunwing,CARIBBEAN,Caribbean,WG184,YHZ,Halifax,VRA,RSK,2026-12-06,Wk Dec 6,WINTER,2026-12-07,13:45:00,162,0,162,21,0,21,141,13.0,13.0,78.0,490.00,450.00,147.00,107.00,-40.00,NULL,NULL,NULL,NULL,NULL,490.00,0.71,5.00,14.2,NorthStar Travel,505.00,Coastal Getaways,485.00,485.00,5.00,1.21180028542520835,Over-bedded,0,0,NULL,0,NULL,NULL,0,2026-06-08 09:00:00 +02:00,2026-06-08 09:00:00 +02:00,NULL
WG184-YHZ-VRA-20261214,WG184-YHZ-VRA,24,VRA,Varadero,SUNWING,Sunwing,CARIBBEAN,Caribbean,WG184,YHZ,Halifax,VRA,RSK,2026-12-13,Wk Dec 13,WINTER,2026-12-14,13:45:00,180,0,180,22,0,22,158,12.2,12.2,78.0,490.00,460.00,147.00,117.00,-30.00,NULL,NULL,NULL,NULL,NULL,490.00,0.75,5.00,15.0,BlueJet Vacations,460.00,MapleAir Holidays,525.00,460.00,30.00,1.22378904080052719,Over-bedded,0,0,NULL,0,NULL,NULL,0,2026-06-08 09:00:00 +02:00,2026-06-08 09:00:00 +02:00,NULL
WG191-YVR-MBJ-20260708,WG191-YVR-MBJ,1,MBJ,Montego Bay,SUNWING,Sunwing,CARIBBEAN,Caribbean,WG191,YVR,Vancouver,MBJ,OWN,2026-07-05,Wk Jul 5,SUMMER,2026-07-08,16:20:00,186,12,198,150,11,161,37,81.3,84.5,78.0,840.00,900.00,285.60,345.60,60.00,1180.00,1258.00,424.80,502.80,78.00,863.23,7.41,5.00,148.1,NorthStar Travel,820.00,Coastal Getaways,890.00,820.00,20.00,0.81960249320600864,Under-bedded,0,1,LF_ABOVE_TARGET,0,NULL,NULL,0,2026-06-08 09:00:00 +02:00,2026-06-08 09:00:00 +02:00,NULL
WG191-YVR-MBJ-20260715,WG191-YVR-MBJ,2,MBJ,Montego Bay,SUNWING,Sunwing,CARIBBEAN,Caribbean,WG191,YVR,Vancouver,MBJ,OWN,2026-07-12,Wk Jul 12,SUMMER,2026-07-15,16:20:00,174,16,190,170,14,184,6,96.8,99.1,78.0,840.00,855.00,285.60,300.60,15.00,1140.00,1159.50,410.40,429.90,19.50,862.83,9.84,5.00,196.7,BlueJet Vacations,820.00,MapleAir Holidays,785.00,785.00,55.00,0.83098352070113035,Under-bedded,0,0,NULL,0,NULL,NULL,1,2026-06-08 09:00:00 +02:00,2026-06-08 09:00:00 +02:00,NULL
WG191-YVR-MBJ-20260722,WG191-YVR-MBJ,3,MBJ,Montego Bay,SUNWING,Sunwing,CARIBBEAN,Caribbean,WG191,YVR,Vancouver,MBJ,OWN,2026-07-19,Wk Jul 19,SUMMER,2026-07-22,16:20:00,150,12,162,131,10,141,21,87.0,91.9,78.0,840.00,890.00,285.60,335.60,50.00,1240.00,1305.00,446.40,511.40,65.00,868.37,3.11,5.00,62.2,NorthStar Travel,810.00,Coastal Getaways,875.00,810.00,30.00,0.78489345187692161,Under-bedded,0,0,NULL,0,NULL,NULL,0,2026-06-08 09:00:00 +02:00,2026-06-08 09:00:00 +02:00,NULL
WG191-YVR-MBJ-20260729,WG191-YVR-MBJ,4,MBJ,Montego Bay,SUNWING,Sunwing,CARIBBEAN,Caribbean,WG191,YVR,Vancouver,MBJ,OWN,2026-07-26,Wk Jul 26,SUMMER,2026-07-29,16:20:00,162,16,178,122,10,132,46,74.2,78.2,78.0,820.00,820.00,278.80,278.80,0.00,1120.00,1140.00,403.20,423.20,20.00,842.73,4.21,5.00,84.2,NorthStar Travel,810.00,Coastal Getaways,870.00,810.00,10.00,0.80713446216964269,Under-bedded,0,0,NULL,1,RM review hold,2026-07-06,0,2026-06-08 09:00:00 +02:00,2026-06-08 09:00:00 +02:00,NULL
WG191-YVR-MBJ-20260805,WG191-YVR-MBJ,5,MBJ,Montego Bay,SUNWING,Sunwing,CARIBBEAN,Caribbean,WG191,YVR,Vancouver,MBJ,OWN,2026-08-02,Wk Aug 2,SUMMER,2026-08-05,16:20:00,150,18,168,108,12,120,48,71.4,75.9,78.0,800.00,775.00,272.00,247.00,-25.00,1060.00,1027.50,381.60,349.10,-32.50,826.00,2.34,5.00,46.7,NorthStar Travel,790.00,Coastal Getaways,810.00,790.00,10.00,0.83999999999999997,Under-bedded,0,0,NULL,0,NULL,NULL,0,2026-06-08 09:00:00 +02:00,2026-06-08 09:00:00 +02:00,NULL
WG191-YVR-MBJ-20260812,WG191-YVR-MBJ,6,MBJ,Montego Bay,SUNWING,Sunwing,CARIBBEAN,Caribbean,WG191,YVR,Vancouver,MBJ,OWN,2026-08-09,Wk Aug 9,SUMMER,2026-08-12,16:20:00,186,16,202,132,11,143,59,70.8,74.2,78.0,815.00,790.00,277.10,252.10,-25.00,1215.00,1182.50,437.40,404.90,-32.50,845.77,1.51,5.00,30.2,SkyHoliday,795.00,Island Escape,835.00,795.00,20.00,0.79609470739742094,Under-bedded,0,1,ROS_BELOW_TARGET,0,NULL,NULL,0,2026-06-08 09:00:00 +02:00,2026-06-08 09:00:00 +02:00,RM Demo User
WG191-YVR-MBJ-20260819,WG191-YVR-MBJ,7,MBJ,Montego Bay,SUNWING,Sunwing,CARIBBEAN,Caribbean,WG191,YVR,Vancouver,MBJ,OWN,2026-08-16,Wk Aug 16,SUMMER,2026-08-19,16:20:00,150,18,168,86,12,98,70,58.3,60.4,78.0,795.00,775.00,270.30,250.30,-20.00,1055.00,1029.00,379.80,353.80,-26.00,826.84,1.73,5.00,34.5,BlueJet Vacations,820.00,MapleAir Holidays,805.00,805.00,-10.00,0.81926459388569706,Under-bedded,0,0,NULL,0,NULL,NULL,0,2026-06-08 09:00:00 +02:00,2026-06-08 09:00:00 +02:00,NULL
WG191-YVR-MBJ-20260826,WG191-YVR-MBJ,8,MBJ,Montego Bay,SUNWING,Sunwing,CARIBBEAN,Caribbean,WG191,YVR,Vancouver,MBJ,OWN,2026-08-23,Wk Aug 23,SUMMER,2026-08-26,16:20:00,180,16,196,122,9,131,65,66.8,69.4,78.0,805.00,805.00,273.70,273.70,0.00,1145.00,1165.00,412.20,432.20,20.00,828.36,5.46,5.00,109.1,NorthStar Travel,795.00,Coastal Getaways,750.00,750.00,55.00,0.82406699767807090,Under-bedded,0,0,NULL,0,NULL,NULL,0,2026-06-08 09:00:00 +02:00,2026-06-08 09:00:00 +02:00,NULL
WG191-YVR-MBJ-20260902,WG191-YVR-MBJ,9,MBJ,Montego Bay,SUNWING,Sunwing,CARIBBEAN,Caribbean,WG191,YVR,Vancouver,MBJ,OWN,2026-08-30,Wk Aug 30,SUMMER,2026-09-02,16:20:00,180,18,198,88,10,98,100,49.5,50.2,78.0,745.00,730.00,253.30,238.30,-15.00,1145.00,1125.50,412.20,392.70,-19.50,785.82,4.21,5.00,84.2,BlueJet Vacations,725.00,MapleAir Holidays,720.00,720.00,25.00,0.82147299569272569,Under-bedded,0,0,NULL,0,NULL,NULL,0,2026-06-08 09:00:00 +02:00,2026-06-08 09:00:00 +02:00,NULL
WG191-YVR-MBJ-20260909,WG191-YVR-MBJ,10,MBJ,Montego Bay,SUNWING,Sunwing,CARIBBEAN,Caribbean,WG191,YVR,Vancouver,MBJ,OWN,2026-09-06,Wk Sep 6,FALL,2026-09-09,16:20:00,162,16,178,88,7,95,83,53.4,54.8,78.0,750.00,725.00,255.00,230.00,-25.00,1150.00,1117.50,414.00,381.50,-32.50,779.47,2.02,5.00,40.3,NorthStar Travel,775.00,Coastal Getaways,760.00,760.00,-10.00,0.79384523784952643,Under-bedded,0,0,NULL,0,NULL,NULL,0,2026-06-08 09:00:00 +02:00,2026-06-08 09:00:00 +02:00,NULL
WG191-YVR-MBJ-20260916,WG191-YVR-MBJ,11,MBJ,Montego Bay,SUNWING,Sunwing,CARIBBEAN,Caribbean,WG191,YVR,Vancouver,MBJ,OWN,2026-09-13,Wk Sep 13,FALL,2026-09-16,16:20:00,150,18,168,88,11,99,69,58.9,59.8,78.0,710.00,690.00,241.40,221.40,-20.00,1110.00,1084.00,399.60,373.60,-26.00,754.44,5.51,5.00,110.2,Holiday Air,735.00,Resort Direct,720.00,720.00,-10.00,0.82149877419581874,Under-bedded,0,1,ROS_BELOW_TARGET,0,NULL,NULL,0,2026-06-08 09:00:00 +02:00,2026-06-08 09:00:00 +02:00,RM Demo User
WG191-YVR-MBJ-20260923,WG191-YVR-MBJ,12,MBJ,Montego Bay,SUNWING,Sunwing,CARIBBEAN,Caribbean,WG191,YVR,Vancouver,MBJ,OWN,2026-09-20,Wk Sep 20,FALL,2026-09-23,16:20:00,180,18,198,63,9,72,126,36.4,36.7,78.0,665.00,640.00,226.10,201.10,-25.00,965.00,932.50,347.40,314.90,-32.50,702.50,1.42,5.00,28.4,NorthStar Travel,655.00,Coastal Getaways,700.00,655.00,10.00,0.79545282374767678,Under-bedded,0,0,NULL,0,NULL,NULL,0,2026-06-08 09:00:00 +02:00,2026-06-08 09:00:00 +02:00,NULL
WG191-YVR-MBJ-20260930,WG191-YVR-MBJ,13,MBJ,Montego Bay,SUNWING,Sunwing,CARIBBEAN,Caribbean,WG191,YVR,Vancouver,MBJ,OWN,2026-09-27,Wk Sep 27,FALL,2026-09-30,16:20:00,162,12,174,70,5,75,99,43.1,43.1,78.0,670.00,655.00,227.80,212.80,-15.00,970.00,950.50,349.20,329.70,-19.50,690.00,2.11,5.00,42.1,SkyHoliday,710.00,Island Escape,705.00,705.00,-35.00,0.81938252360565977,Under-bedded,0,1,ROS_BELOW_TARGET,0,NULL,NULL,0,2026-06-08 09:00:00 +02:00,2026-06-08 09:00:00 +02:00,AutoPilot Demo
WG191-YVR-MBJ-20261007,WG191-YVR-MBJ,14,MBJ,Montego Bay,SUNWING,Sunwing,CARIBBEAN,Caribbean,WG191,YVR,Vancouver,MBJ,OWN,2026-10-04,Wk Oct 4,FALL,2026-10-07,16:20:00,174,16,190,66,7,73,117,38.4,38.4,78.0,660.00,650.00,224.40,214.40,-10.00,1060.00,1047.00,381.60,368.60,-13.00,698.36,1.59,5.00,31.9,NorthStar Travel,685.00,Coastal Getaways,680.00,680.00,-20.00,0.79469659190443731,Under-bedded,1,0,NULL,1,RM review hold,2026-06-15,0,2026-06-08 09:00:00 +02:00,2026-06-08 09:00:00 +02:00,NULL
WG191-YVR-MBJ-20261014,WG191-YVR-MBJ,15,MBJ,Montego Bay,SUNWING,Sunwing,CARIBBEAN,Caribbean,WG191,YVR,Vancouver,MBJ,OWN,2026-10-11,Wk Oct 11,FALL,2026-10-14,16:20:00,150,18,168,52,5,57,111,33.9,33.9,78.0,655.00,645.00,222.70,212.70,-10.00,1055.00,1042.00,379.80,366.80,-13.00,690.09,1.03,5.00,20.6,BlueJet Vacations,625.00,MapleAir Holidays,705.00,625.00,30.00,0.83048105270777628,Under-bedded,0,1,ROS_BELOW_TARGET,0,NULL,NULL,0,2026-06-08 09:00:00 +02:00,2026-06-08 09:00:00 +02:00,NULL
WG191-YVR-MBJ-20261021,WG191-YVR-MBJ,16,MBJ,Montego Bay,SUNWING,Sunwing,CARIBBEAN,Caribbean,WG191,YVR,Vancouver,MBJ,OWN,2026-10-18,Wk Oct 18,FALL,2026-10-21,16:20:00,189,12,201,48,4,52,149,25.9,25.9,78.0,655.00,645.00,222.70,212.70,-10.00,955.00,942.00,343.80,330.80,-13.00,678.08,2.42,5.00,48.5,Holiday Air,625.00,Resort Direct,650.00,625.00,30.00,0.83050653875929525,Under-bedded,0,0,NULL,0,NULL,NULL,0,2026-06-08 09:00:00 +02:00,2026-06-08 09:00:00 +02:00,NULL
WG191-YVR-MBJ-20261028,WG191-YVR-MBJ,17,MBJ,Montego Bay,SUNWING,Sunwing,CARIBBEAN,Caribbean,WG191,YVR,Vancouver,MBJ,OWN,2026-10-25,Wk Oct 25,FALL,2026-10-28,16:20:00,150,16,166,26,3,29,137,17.5,17.5,78.0,600.00,570.00,204.00,174.00,-30.00,1000.00,961.00,360.00,321.00,-39.00,641.38,1.01,5.00,20.3,NorthStar Travel,580.00,Coastal Getaways,610.00,580.00,20.00,0.82532617084286808,Under-bedded,0,0,NULL,0,NULL,NULL,0,2026-06-08 09:00:00 +02:00,2026-06-08 09:00:00 +02:00,NULL
WG191-YVR-MBJ-20261104,WG191-YVR-MBJ,18,MBJ,Montego Bay,SUNWING,Sunwing,CARIBBEAN,Caribbean,WG191,YVR,Vancouver,MBJ,OWN,2026-11-01,Wk Nov 1,FALL,2026-11-04,16:20:00,150,16,166,29,3,32,134,19.3,19.3,78.0,625.00,595.00,212.50,182.50,-30.00,925.00,886.00,333.00,294.00,-39.00,653.12,0.54,5.00,10.9,Holiday Air,615.00,Resort Direct,620.00,615.00,10.00,0.81237466030072558,Under-bedded,0,0,NULL,0,NULL,NULL,0,2026-06-08 09:00:00 +02:00,2026-06-08 09:00:00 +02:00,NULL
WG191-YVR-MBJ-20261111,WG191-YVR-MBJ,19,MBJ,Montego Bay,SUNWING,Sunwing,CARIBBEAN,Caribbean,WG191,YVR,Vancouver,MBJ,OWN,2026-11-08,Wk Nov 8,FALL,2026-11-11,16:20:00,162,12,174,10,3,13,161,7.5,7.5,78.0,605.00,575.00,205.70,175.70,-30.00,1005.00,966.00,361.80,322.80,-39.00,697.31,0.27,5.00,5.4,NorthStar Travel,575.00,Coastal Getaways,655.00,575.00,30.00,0.80248837531227679,Under-bedded,1,0,NULL,1,RM review hold,2026-06-15,0,2026-06-08 09:00:00 +02:00,2026-06-08 09:00:00 +02:00,RM Demo User
WG191-YVR-MBJ-20261118,WG191-YVR-MBJ,20,MBJ,Montego Bay,SUNWING,Sunwing,CARIBBEAN,Caribbean,WG191,YVR,Vancouver,MBJ,OWN,2026-11-15,Wk Nov 15,FALL,2026-11-18,16:20:00,150,16,166,32,4,36,130,21.7,21.7,78.0,630.00,620.00,214.20,204.20,-10.00,970.00,957.00,349.20,336.20,-13.00,667.78,0.80,5.00,16.1,Holiday Air,585.00,Resort Direct,575.00,575.00,55.00,0.80267572813202304,Under-bedded,0,0,NULL,0,NULL,NULL,0,2026-06-08 09:00:00 +02:00,2026-06-08 09:00:00 +02:00,NULL
WG191-YVR-MBJ-20261125,WG191-YVR-MBJ,21,MBJ,Montego Bay,SUNWING,Sunwing,CARIBBEAN,Caribbean,WG191,YVR,Vancouver,MBJ,OWN,2026-11-22,Wk Nov 22,FALL,2026-11-25,16:20:00,189,16,205,30,3,33,172,16.1,16.1,78.0,595.00,585.00,202.30,192.30,-10.00,995.00,982.00,358.20,345.20,-13.00,631.36,1.37,5.00,27.3,BlueJet Vacations,610.00,MapleAir Holidays,645.00,610.00,-15.00,0.82575357869290777,Under-bedded,0,0,NULL,0,NULL,NULL,0,2026-06-08 09:00:00 +02:00,2026-06-08 09:00:00 +02:00,NULL
WG191-YVR-MBJ-20261202,WG191-YVR-MBJ,22,MBJ,Montego Bay,SUNWING,Sunwing,CARIBBEAN,Caribbean,WG191,YVR,Vancouver,MBJ,OWN,2026-11-29,Wk Nov 29,FALL,2026-12-02,16:20:00,186,12,198,34,3,37,161,18.7,18.7,78.0,630.00,610.00,214.20,194.20,-20.00,970.00,944.00,349.20,323.20,-26.00,657.57,0.77,5.00,15.5,BlueJet Vacations,600.00,MapleAir Holidays,650.00,600.00,30.00,0.82458712166191428,Under-bedded,0,1,ROS_BELOW_TARGET,0,NULL,NULL,0,2026-06-08 09:00:00 +02:00,2026-06-08 09:00:00 +02:00,AutoPilot Demo
WG191-YVR-MBJ-20261209,WG191-YVR-MBJ,23,MBJ,Montego Bay,SUNWING,Sunwing,CARIBBEAN,Caribbean,WG191,YVR,Vancouver,MBJ,OWN,2026-12-06,Wk Dec 6,WINTER,2026-12-09,16:20:00,186,16,202,5,2,7,195,3.5,3.5,78.0,650.00,625.00,221.00,196.00,-25.00,910.00,877.50,327.60,295.10,-32.50,724.29,0.19,5.00,3.8,Holiday Air,690.00,Resort Direct,670.00,670.00,-20.00,0.81666948585392363,Under-bedded,0,1,ROS_BELOW_TARGET,0,NULL,NULL,0,2026-06-08 09:00:00 +02:00,2026-06-08 09:00:00 +02:00,AutoPilot Demo
WG191-YVR-MBJ-20261216,WG191-YVR-MBJ,24,MBJ,Montego Bay,SUNWING,Sunwing,CARIBBEAN,Caribbean,WG191,YVR,Vancouver,MBJ,OWN,2026-12-13,Wk Dec 13,WINTER,2026-12-16,16:20:00,162,12,174,29,2,31,143,17.8,17.8,78.0,665.00,635.00,226.10,196.10,-30.00,1005.00,966.00,361.80,322.80,-39.00,686.94,1.74,5.00,34.8,SkyHoliday,635.00,Island Escape,640.00,635.00,30.00,0.80471719095694560,Under-bedded,0,0,NULL,0,NULL,NULL,0,2026-06-08 09:00:00 +02:00,2026-06-08 09:00:00 +02:00,NULL
WG198-YEG-MBJ-20260710,WG198-YEG-MBJ,1,MBJ,Montego Bay,SUNWING,Sunwing,CARIBBEAN,Caribbean,WG198,YEG,Edmonton,MBJ,3RD,2026-07-05,Wk Jul 5,SUMMER,2026-07-10,09:30:00,186,0,186,163,0,163,23,87.6,94.7,78.0,835.00,850.00,225.45,240.45,15.00,NULL,NULL,NULL,NULL,NULL,835.00,5.87,5.00,117.4,NorthStar Travel,790.00,Coastal Getaways,810.00,790.00,45.00,0.80167577963603842,Under-bedded,0,0,NULL,0,NULL,NULL,0,2026-06-08 09:00:00 +02:00,2026-06-08 09:00:00 +02:00,NULL
WG198-YEG-MBJ-20260717,WG198-YEG-MBJ,2,MBJ,Montego Bay,SUNWING,Sunwing,CARIBBEAN,Caribbean,WG198,YEG,Edmonton,MBJ,3RD,2026-07-12,Wk Jul 12,SUMMER,2026-07-17,09:30:00,162,0,162,136,0,136,26,84.0,88.5,78.0,805.00,845.00,217.35,257.35,40.00,NULL,NULL,NULL,NULL,NULL,805.00,8.34,5.00,166.7,SkyHoliday,785.00,Island Escape,840.00,785.00,20.00,0.80658972044081123,Under-bedded,0,0,NULL,0,NULL,NULL,0,2026-06-08 09:00:00 +02:00,2026-06-08 09:00:00 +02:00,NULL
WG198-YEG-MBJ-20260724,WG198-YEG-MBJ,3,MBJ,Montego Bay,SUNWING,Sunwing,CARIBBEAN,Caribbean,WG198,YEG,Edmonton,MBJ,3RD,2026-07-19,Wk Jul 19,SUMMER,2026-07-24,09:30:00,189,0,189,163,0,163,26,86.2,92.3,78.0,820.00,880.00,221.40,281.40,60.00,NULL,NULL,NULL,NULL,NULL,820.00,5.43,5.00,108.5,SkyHoliday,845.00,Island Escape,830.00,830.00,-10.00,0.80777254318598968,Under-bedded,0,0,NULL,1,RM review hold,2026-06-15,0,2026-06-08 09:00:00 +02:00,2026-06-08 09:00:00 +02:00,RM Demo User
WG198-YEG-MBJ-20260731,WG198-YEG-MBJ,4,MBJ,Montego Bay,SUNWING,Sunwing,CARIBBEAN,Caribbean,WG198,YEG,Edmonton,MBJ,3RD,2026-07-26,Wk Jul 26,SUMMER,2026-07-31,09:30:00,186,0,186,148,0,148,38,79.6,84.7,78.0,800.00,820.00,216.00,236.00,20.00,NULL,NULL,NULL,NULL,NULL,800.00,7.73,5.00,154.5,BlueJet Vacations,780.00,MapleAir Holidays,795.00,780.00,20.00,0.83999999999999997,Under-bedded,1,1,LF_ABOVE_TARGET,0,NULL,NULL,0,2026-06-08 09:00:00 +02:00,2026-06-08 09:00:00 +02:00,AutoPilot Demo
WG198-YEG-MBJ-20260807,WG198-YEG-MBJ,5,MBJ,Montego Bay,SUNWING,Sunwing,CARIBBEAN,Caribbean,WG198,YEG,Edmonton,MBJ,3RD,2026-08-02,Wk Aug 2,SUMMER,2026-08-07,09:30:00,189,0,189,120,0,120,69,63.5,67.9,78.0,770.00,770.00,207.90,207.90,0.00,NULL,NULL,NULL,NULL,NULL,770.00,6.58,5.00,131.5,Holiday Air,795.00,Resort Direct,790.00,790.00,-20.00,0.81598827539347940,Under-bedded,0,0,NULL,0,NULL,NULL,0,2026-06-08 09:00:00 +02:00,2026-06-08 09:00:00 +02:00,NULL
WG198-YEG-MBJ-20260814,WG198-YEG-MBJ,6,MBJ,Montego Bay,SUNWING,Sunwing,CARIBBEAN,Caribbean,WG198,YEG,Edmonton,MBJ,3RD,2026-08-09,Wk Aug 9,SUMMER,2026-08-14,09:30:00,162,0,162,109,0,109,53,67.3,68.9,78.0,770.00,770.00,207.90,207.90,0.00,NULL,NULL,NULL,NULL,NULL,770.00,6.34,5.00,126.7,NorthStar Travel,785.00,Coastal Getaways,765.00,765.00,5.00,0.79414099466203414,Under-bedded,0,0,NULL,0,NULL,NULL,0,2026-06-08 09:00:00 +02:00,2026-06-08 09:00:00 +02:00,NULL
WG198-YEG-MBJ-20260821,WG198-YEG-MBJ,7,MBJ,Montego Bay,SUNWING,Sunwing,CARIBBEAN,Caribbean,WG198,YEG,Edmonton,MBJ,3RD,2026-08-16,Wk Aug 16,SUMMER,2026-08-21,09:30:00,174,0,174,100,0,100,74,57.5,58.5,78.0,740.00,710.00,199.80,169.80,-30.00,NULL,NULL,NULL,NULL,NULL,740.00,5.85,5.00,117.0,NorthStar Travel,695.00,Coastal Getaways,715.00,695.00,45.00,0.80222434459921743,Under-bedded,0,0,NULL,0,NULL,NULL,0,2026-06-08 09:00:00 +02:00,2026-06-08 09:00:00 +02:00,NULL
WG198-YEG-MBJ-20260828,WG198-YEG-MBJ,8,MBJ,Montego Bay,SUNWING,Sunwing,CARIBBEAN,Caribbean,WG198,YEG,Edmonton,MBJ,3RD,2026-08-23,Wk Aug 23,SUMMER,2026-08-28,09:30:00,186,0,186,106,0,106,80,57.0,59.7,78.0,790.00,765.00,213.30,188.30,-25.00,NULL,NULL,NULL,NULL,NULL,790.00,5.05,5.00,101.1,Holiday Air,805.00,Resort Direct,800.00,800.00,-10.00,0.81257533593058073,Under-bedded,0,0,NULL,0,NULL,NULL,0,2026-06-08 09:00:00 +02:00,2026-06-08 09:00:00 +02:00,NULL
WG198-YEG-MBJ-20260904,WG198-YEG-MBJ,9,MBJ,Montego Bay,SUNWING,Sunwing,CARIBBEAN,Caribbean,WG198,YEG,Edmonton,MBJ,3RD,2026-08-30,Wk Aug 30,SUMMER,2026-09-04,09:30:00,180,0,180,111,0,111,69,61.7,62.5,78.0,785.00,765.00,211.95,191.95,-20.00,NULL,NULL,NULL,NULL,NULL,785.00,1.70,5.00,33.9,Holiday Air,825.00,Resort Direct,805.00,805.00,-20.00,0.78139383590097911,Under-bedded,0,0,NULL,0,NULL,NULL,0,2026-06-08 09:00:00 +02:00,2026-06-08 09:00:00 +02:00,NULL
WG198-YEG-MBJ-20260911,WG198-YEG-MBJ,10,MBJ,Montego Bay,SUNWING,Sunwing,CARIBBEAN,Caribbean,WG198,YEG,Edmonton,MBJ,3RD,2026-09-06,Wk Sep 6,FALL,2026-09-11,09:30:00,186,0,186,84,0,84,102,45.2,46.1,78.0,650.00,640.00,175.50,165.50,-10.00,NULL,NULL,NULL,NULL,NULL,650.00,1.17,5.00,23.3,NorthStar Travel,675.00,Coastal Getaways,700.00,675.00,-25.00,0.81293061834961733,Under-bedded,0,1,ROS_BELOW_TARGET,0,NULL,NULL,0,2026-06-08 09:00:00 +02:00,2026-06-08 09:00:00 +02:00,NULL
WG198-YEG-MBJ-20260918,WG198-YEG-MBJ,11,MBJ,Montego Bay,SUNWING,Sunwing,CARIBBEAN,Caribbean,WG198,YEG,Edmonton,MBJ,3RD,2026-09-13,Wk Sep 13,FALL,2026-09-18,09:30:00,174,0,174,71,0,71,103,40.8,41.3,78.0,635.00,595.00,171.45,131.45,-40.00,NULL,NULL,NULL,NULL,NULL,635.00,2.50,5.00,50.1,NorthStar Travel,605.00,Coastal Getaways,580.00,580.00,55.00,0.79646196811924908,Under-bedded,0,0,NULL,0,NULL,NULL,0,2026-06-08 09:00:00 +02:00,2026-06-08 09:00:00 +02:00,NULL
WG198-YEG-MBJ-20260925,WG198-YEG-MBJ,12,MBJ,Montego Bay,SUNWING,Sunwing,CARIBBEAN,Caribbean,WG198,YEG,Edmonton,MBJ,3RD,2026-09-20,Wk Sep 20,FALL,2026-09-25,09:30:00,162,0,162,65,0,65,97,40.1,40.2,78.0,665.00,635.00,179.55,149.55,-30.00,NULL,NULL,NULL,NULL,NULL,665.00,1.78,5.00,35.7,BlueJet Vacations,645.00,MapleAir Holidays,660.00,645.00,20.00,0.79500806869027651,Under-bedded,0,0,NULL,0,NULL,NULL,0,2026-06-08 09:00:00 +02:00,2026-06-08 09:00:00 +02:00,NULL
WG198-YEG-MBJ-20261002,WG198-YEG-MBJ,13,MBJ,Montego Bay,SUNWING,Sunwing,CARIBBEAN,Caribbean,WG198,YEG,Edmonton,MBJ,3RD,2026-09-27,Wk Sep 27,FALL,2026-10-02,09:30:00,162,0,162,56,0,56,106,34.6,34.6,78.0,655.00,625.00,176.85,146.85,-30.00,NULL,NULL,NULL,NULL,NULL,655.00,2.47,5.00,49.4,SkyHoliday,695.00,Island Escape,650.00,650.00,5.00,0.78477732684046342,Under-bedded,1,0,NULL,0,NULL,NULL,0,2026-06-08 09:00:00 +02:00,2026-06-08 09:00:00 +02:00,RM Demo User
WG198-YEG-MBJ-20261009,WG198-YEG-MBJ,14,MBJ,Montego Bay,SUNWING,Sunwing,CARIBBEAN,Caribbean,WG198,YEG,Edmonton,MBJ,3RD,2026-10-04,Wk Oct 4,FALL,2026-10-09,09:30:00,162,0,162,49,0,49,113,30.2,30.2,78.0,600.00,585.00,162.00,147.00,-15.00,NULL,NULL,NULL,NULL,NULL,600.00,1.59,5.00,31.7,BlueJet Vacations,590.00,MapleAir Holidays,650.00,590.00,10.00,0.80465701205642459,Under-bedded,0,1,ROS_BELOW_TARGET,0,NULL,NULL,0,2026-06-08 09:00:00 +02:00,2026-06-08 09:00:00 +02:00,RM Demo User
WG198-YEG-MBJ-20261016,WG198-YEG-MBJ,15,MBJ,Montego Bay,SUNWING,Sunwing,CARIBBEAN,Caribbean,WG198,YEG,Edmonton,MBJ,3RD,2026-10-11,Wk Oct 11,FALL,2026-10-16,09:30:00,162,0,162,39,0,39,123,24.1,24.1,78.0,605.00,590.00,163.35,148.35,-15.00,NULL,NULL,NULL,NULL,NULL,605.00,2.14,5.00,42.7,SkyHoliday,575.00,Island Escape,615.00,575.00,30.00,0.80427930394772817,Under-bedded,1,0,NULL,0,NULL,NULL,0,2026-06-08 09:00:00 +02:00,2026-06-08 09:00:00 +02:00,NULL
WG198-YEG-MBJ-20261023,WG198-YEG-MBJ,16,MBJ,Montego Bay,SUNWING,Sunwing,CARIBBEAN,Caribbean,WG198,YEG,Edmonton,MBJ,3RD,2026-10-18,Wk Oct 18,FALL,2026-10-23,09:30:00,162,0,162,49,0,49,113,30.2,30.2,78.0,645.00,635.00,174.15,164.15,-10.00,NULL,NULL,NULL,NULL,NULL,645.00,2.62,5.00,52.3,Holiday Air,660.00,Resort Direct,620.00,620.00,25.00,0.79184106240799468,Under-bedded,0,1,ROS_BELOW_TARGET,0,NULL,NULL,0,2026-06-08 09:00:00 +02:00,2026-06-08 09:00:00 +02:00,NULL
WG198-YEG-MBJ-20261030,WG198-YEG-MBJ,17,MBJ,Montego Bay,SUNWING,Sunwing,CARIBBEAN,Caribbean,WG198,YEG,Edmonton,MBJ,3RD,2026-10-25,Wk Oct 25,FALL,2026-10-30,09:30:00,162,0,162,34,0,34,128,21.0,21.0,78.0,610.00,580.00,164.70,134.70,-30.00,NULL,NULL,NULL,NULL,NULL,610.00,0.54,5.00,10.9,SkyHoliday,580.00,Island Escape,645.00,580.00,30.00,0.80262864065537365,Under-bedded,0,0,NULL,0,NULL,NULL,0,2026-06-08 09:00:00 +02:00,2026-06-08 09:00:00 +02:00,NULL
WG198-YEG-MBJ-20261106,WG198-YEG-MBJ,18,MBJ,Montego Bay,SUNWING,Sunwing,CARIBBEAN,Caribbean,WG198,YEG,Edmonton,MBJ,3RD,2026-11-01,Wk Nov 1,FALL,2026-11-06,09:30:00,174,0,174,42,0,42,132,24.1,24.1,78.0,640.00,620.00,172.80,152.80,-20.00,NULL,NULL,NULL,NULL,NULL,640.00,2.07,5.00,41.4,SkyHoliday,680.00,Island Escape,675.00,675.00,-35.00,0.83594949464595736,Under-bedded,0,0,NULL,0,NULL,NULL,0,2026-06-08 09:00:00 +02:00,2026-06-08 09:00:00 +02:00,NULL
WG198-YEG-MBJ-20261113,WG198-YEG-MBJ,19,MBJ,Montego Bay,SUNWING,Sunwing,CARIBBEAN,Caribbean,WG198,YEG,Edmonton,MBJ,3RD,2026-11-08,Wk Nov 8,FALL,2026-11-13,09:30:00,180,0,180,24,0,24,156,13.3,13.3,78.0,595.00,565.00,160.65,130.65,-30.00,NULL,NULL,NULL,NULL,NULL,595.00,0.72,5.00,14.4,Holiday Air,585.00,Resort Direct,570.00,570.00,25.00,0.79851845045743064,Under-bedded,0,1,ROS_BELOW_TARGET,0,NULL,NULL,0,2026-06-08 09:00:00 +02:00,2026-06-08 09:00:00 +02:00,AutoPilot Demo
WG198-YEG-MBJ-20261120,WG198-YEG-MBJ,20,MBJ,Montego Bay,SUNWING,Sunwing,CARIBBEAN,Caribbean,WG198,YEG,Edmonton,MBJ,3RD,2026-11-15,Wk Nov 15,FALL,2026-11-20,09:30:00,186,0,186,4,0,4,182,2.2,2.2,78.0,535.00,520.00,144.45,129.45,-15.00,NULL,NULL,NULL,NULL,NULL,535.00,0.14,5.00,2.8,NorthStar Travel,515.00,Coastal Getaways,510.00,510.00,25.00,0.82413626652309391,Under-bedded,0,0,NULL,0,NULL,NULL,0,2026-06-08 09:00:00 +02:00,2026-06-08 09:00:00 +02:00,NULL
WG198-YEG-MBJ-20261127,WG198-YEG-MBJ,21,MBJ,Montego Bay,SUNWING,Sunwing,CARIBBEAN,Caribbean,WG198,YEG,Edmonton,MBJ,3RD,2026-11-22,Wk Nov 22,FALL,2026-11-27,09:30:00,186,0,186,39,0,39,147,21.0,21.0,78.0,625.00,615.00,168.75,158.75,-10.00,NULL,NULL,NULL,NULL,NULL,625.00,1.88,5.00,37.7,NorthStar Travel,605.00,Coastal Getaways,620.00,605.00,20.00,0.80833613983003649,Under-bedded,0,0,NULL,0,NULL,NULL,0,2026-06-08 09:00:00 +02:00,2026-06-08 09:00:00 +02:00,NULL
WG198-YEG-MBJ-20261204,WG198-YEG-MBJ,22,MBJ,Montego Bay,SUNWING,Sunwing,CARIBBEAN,Caribbean,WG198,YEG,Edmonton,MBJ,3RD,2026-11-29,Wk Nov 29,FALL,2026-12-04,09:30:00,174,0,174,3,0,3,171,1.7,1.7,78.0,575.00,535.00,155.25,115.25,-40.00,NULL,NULL,NULL,NULL,NULL,575.00,0.14,5.00,2.7,SkyHoliday,545.00,Island Escape,610.00,545.00,30.00,0.81443982958935712,Under-bedded,0,1,ROS_BELOW_TARGET,0,NULL,NULL,0,2026-06-08 09:00:00 +02:00,2026-06-08 09:00:00 +02:00,NULL
WG198-YEG-MBJ-20261211,WG198-YEG-MBJ,23,MBJ,Montego Bay,SUNWING,Sunwing,CARIBBEAN,Caribbean,WG198,YEG,Edmonton,MBJ,3RD,2026-12-06,Wk Dec 6,WINTER,2026-12-11,09:30:00,150,0,150,17,0,17,133,11.3,11.3,78.0,630.00,620.00,170.10,160.10,-10.00,NULL,NULL,NULL,NULL,NULL,630.00,0.77,5.00,15.3,SkyHoliday,620.00,Island Escape,640.00,620.00,10.00,0.78073586413640339,Under-bedded,0,0,NULL,1,RM review hold,2026-06-22,0,2026-06-08 09:00:00 +02:00,2026-06-08 09:00:00 +02:00,NULL
WG198-YEG-MBJ-20261218,WG198-YEG-MBJ,24,MBJ,Montego Bay,SUNWING,Sunwing,CARIBBEAN,Caribbean,WG198,YEG,Edmonton,MBJ,3RD,2026-12-13,Wk Dec 13,WINTER,2026-12-18,09:30:00,180,0,180,22,0,22,158,12.2,12.2,78.0,610.00,570.00,164.70,124.70,-40.00,NULL,NULL,NULL,NULL,NULL,610.00,0.97,5.00,19.5,Holiday Air,590.00,Resort Direct,585.00,585.00,25.00,0.77108874255061199,Under-bedded,0,1,ROS_BELOW_TARGET,0,NULL,NULL,0,2026-06-08 09:00:00 +02:00,2026-06-08 09:00:00 +02:00,NULL
WG205-YHZ-MBJ-20260705,WG205-YHZ-MBJ,1,MBJ,Montego Bay,SUNWING,Sunwing,CARIBBEAN,Caribbean,WG205,YHZ,Halifax,MBJ,RSK,2026-07-05,Wk Jul 5,SUMMER,2026-07-05,22:10:00,162,0,162,147,0,147,15,90.7,94.4,78.0,830.00,860.00,249.00,279.00,30.00,NULL,NULL,NULL,NULL,NULL,830.00,2.67,5.00,53.4,BlueJet Vacations,785.00,MapleAir Holidays,865.00,785.00,45.00,0.80438930218141780,Under-bedded,0,0,NULL,0,NULL,NULL,0,2026-06-08 09:00:00 +02:00,2026-06-08 09:00:00 +02:00,NULL
WG205-YHZ-MBJ-20260712,WG205-YHZ-MBJ,2,MBJ,Montego Bay,SUNWING,Sunwing,CARIBBEAN,Caribbean,WG205,YHZ,Halifax,MBJ,RSK,2026-07-12,Wk Jul 12,SUMMER,2026-07-12,22:10:00,189,0,189,164,0,164,25,86.8,92.3,78.0,795.00,830.00,238.50,273.50,35.00,NULL,NULL,NULL,NULL,NULL,795.00,4.32,5.00,86.3,BlueJet Vacations,750.00,MapleAir Holidays,740.00,740.00,55.00,0.81185907247401123,Under-bedded,0,0,NULL,0,NULL,NULL,0,2026-06-08 09:00:00 +02:00,2026-06-08 09:00:00 +02:00,NULL
WG205-YHZ-MBJ-20260719,WG205-YHZ-MBJ,3,MBJ,Montego Bay,SUNWING,Sunwing,CARIBBEAN,Caribbean,WG205,YHZ,Halifax,MBJ,RSK,2026-07-19,Wk Jul 19,SUMMER,2026-07-19,22:10:00,150,0,150,121,0,121,29,80.7,84.8,78.0,795.00,825.00,238.50,268.50,30.00,NULL,NULL,NULL,NULL,NULL,795.00,7.36,5.00,147.2,SkyHoliday,765.00,Island Escape,815.00,765.00,30.00,0.80201415259446152,Under-bedded,0,1,LF_ABOVE_TARGET,0,NULL,NULL,0,2026-06-08 09:00:00 +02:00,2026-06-08 09:00:00 +02:00,NULL
WG205-YHZ-MBJ-20260726,WG205-YHZ-MBJ,4,MBJ,Montego Bay,SUNWING,Sunwing,CARIBBEAN,Caribbean,WG205,YHZ,Halifax,MBJ,RSK,2026-07-26,Wk Jul 26,SUMMER,2026-07-26,22:10:00,162,0,162,123,0,123,39,75.9,79.4,78.0,800.00,790.00,240.00,230.00,-10.00,NULL,NULL,NULL,NULL,NULL,800.00,2.36,5.00,47.3,SkyHoliday,790.00,Island Escape,795.00,790.00,10.00,0.78585040306301313,Under-bedded,0,0,NULL,0,NULL,NULL,0,2026-06-08 09:00:00 +02:00,2026-06-08 09:00:00 +02:00,NULL
WG205-YHZ-MBJ-20260802,WG205-YHZ-MBJ,5,MBJ,Montego Bay,SUNWING,Sunwing,CARIBBEAN,Caribbean,WG205,YHZ,Halifax,MBJ,RSK,2026-08-02,Wk Aug 2,SUMMER,2026-08-02,22:10:00,189,0,189,145,0,145,44,76.7,78.7,78.0,805.00,830.00,241.50,266.50,25.00,NULL,NULL,NULL,NULL,NULL,805.00,7.82,5.00,156.3,Holiday Air,795.00,Resort Direct,750.00,750.00,55.00,0.79808180385739247,Under-bedded,0,0,NULL,0,NULL,NULL,0,2026-06-08 09:00:00 +02:00,2026-06-08 09:00:00 +02:00,NULL
WG205-YHZ-MBJ-20260809,WG205-YHZ-MBJ,6,MBJ,Montego Bay,SUNWING,Sunwing,CARIBBEAN,Caribbean,WG205,YHZ,Halifax,MBJ,RSK,2026-08-09,Wk Aug 9,SUMMER,2026-08-09,22:10:00,174,0,174,133,0,133,41,76.4,78.2,78.0,775.00,745.00,232.50,202.50,-30.00,NULL,NULL,NULL,NULL,NULL,775.00,1.83,5.00,36.6,NorthStar Travel,765.00,Coastal Getaways,825.00,765.00,10.00,0.81075632991419277,Under-bedded,0,1,ROS_BELOW_TARGET,0,NULL,NULL,0,2026-06-08 09:00:00 +02:00,2026-06-08 09:00:00 +02:00,RM Demo User
WG205-YHZ-MBJ-20260816,WG205-YHZ-MBJ,7,MBJ,Montego Bay,SUNWING,Sunwing,CARIBBEAN,Caribbean,WG205,YHZ,Halifax,MBJ,RSK,2026-08-16,Wk Aug 16,SUMMER,2026-08-16,22:10:00,150,0,150,99,0,99,51,66.0,68.0,78.0,755.00,755.00,226.50,226.50,0.00,NULL,NULL,NULL,NULL,NULL,755.00,6.61,5.00,132.2,BlueJet Vacations,770.00,MapleAir Holidays,805.00,770.00,-15.00,0.82048612560323431,Under-bedded,0,0,NULL,0,NULL,NULL,0,2026-06-08 09:00:00 +02:00,2026-06-08 09:00:00 +02:00,NULL
WG205-YHZ-MBJ-20260823,WG205-YHZ-MBJ,8,MBJ,Montego Bay,SUNWING,Sunwing,CARIBBEAN,Caribbean,WG205,YHZ,Halifax,MBJ,RSK,2026-08-23,Wk Aug 23,SUMMER,2026-08-23,22:10:00,162,0,162,107,0,107,55,66.0,67.9,78.0,755.00,730.00,226.50,201.50,-25.00,NULL,NULL,NULL,NULL,NULL,755.00,2.28,5.00,45.6,Holiday Air,780.00,Resort Direct,765.00,765.00,-10.00,0.81828184839209106,Under-bedded,0,0,NULL,0,NULL,NULL,0,2026-06-08 09:00:00 +02:00,2026-06-08 09:00:00 +02:00,NULL
WG205-YHZ-MBJ-20260830,WG205-YHZ-MBJ,9,MBJ,Montego Bay,SUNWING,Sunwing,CARIBBEAN,Caribbean,WG205,YHZ,Halifax,MBJ,RSK,2026-08-30,Wk Aug 30,SUMMER,2026-08-30,22:10:00,150,0,150,88,0,88,62,58.7,60.5,78.0,745.00,720.00,223.50,198.50,-25.00,NULL,NULL,NULL,NULL,NULL,745.00,2.20,5.00,44.0,Holiday Air,735.00,Resort Direct,765.00,735.00,10.00,0.80138146051236625,Under-bedded,1,0,NULL,1,RM review hold,2026-06-29,0,2026-06-08 09:00:00 +02:00,2026-06-08 09:00:00 +02:00,RM Demo User
WG205-YHZ-MBJ-20260906,WG205-YHZ-MBJ,10,MBJ,Montego Bay,SUNWING,Sunwing,CARIBBEAN,Caribbean,WG205,YHZ,Halifax,MBJ,RSK,2026-09-06,Wk Sep 6,FALL,2026-09-06,22:10:00,162,0,162,91,0,91,71,56.2,57.3,78.0,675.00,645.00,202.50,172.50,-30.00,NULL,NULL,NULL,NULL,NULL,675.00,2.34,5.00,46.7,SkyHoliday,630.00,Island Escape,695.00,630.00,45.00,0.78572480341721140,Under-bedded,0,0,NULL,0,NULL,NULL,0,2026-06-08 09:00:00 +02:00,2026-06-08 09:00:00 +02:00,NULL
WG205-YHZ-MBJ-20260913,WG205-YHZ-MBJ,11,MBJ,Montego Bay,SUNWING,Sunwing,CARIBBEAN,Caribbean,WG205,YHZ,Halifax,MBJ,RSK,2026-09-13,Wk Sep 13,FALL,2026-09-13,22:10:00,150,0,150,83,0,83,67,55.3,56.2,78.0,645.00,620.00,193.50,168.50,-25.00,NULL,NULL,NULL,NULL,NULL,645.00,1.83,5.00,36.7,BlueJet Vacations,670.00,MapleAir Holidays,590.00,590.00,55.00,0.79926858956700852,Under-bedded,0,1,ROS_BELOW_TARGET,0,NULL,NULL,0,2026-06-08 09:00:00 +02:00,2026-06-08 09:00:00 +02:00,RM Demo User
WG205-YHZ-MBJ-20260920,WG205-YHZ-MBJ,12,MBJ,Montego Bay,SUNWING,Sunwing,CARIBBEAN,Caribbean,WG205,YHZ,Halifax,MBJ,RSK,2026-09-20,Wk Sep 20,FALL,2026-09-20,22:10:00,180,0,180,77,0,77,103,42.8,43.2,78.0,645.00,605.00,193.50,153.50,-40.00,NULL,NULL,NULL,NULL,NULL,645.00,3.37,5.00,67.4,Holiday Air,685.00,Resort Direct,620.00,620.00,25.00,0.82534121846157715,Under-bedded,0,0,NULL,0,NULL,NULL,0,2026-06-08 09:00:00 +02:00,2026-06-08 09:00:00 +02:00,NULL
WG205-YHZ-MBJ-20260927,WG205-YHZ-MBJ,13,MBJ,Montego Bay,SUNWING,Sunwing,CARIBBEAN,Caribbean,WG205,YHZ,Halifax,MBJ,RSK,2026-09-27,Wk Sep 27,FALL,2026-09-27,22:10:00,162,0,162,73,0,73,89,45.1,45.1,78.0,640.00,620.00,192.00,172.00,-20.00,NULL,NULL,NULL,NULL,NULL,640.00,3.06,5.00,61.2,SkyHoliday,680.00,Island Escape,660.00,660.00,-20.00,0.82971005373924267,Under-bedded,0,0,NULL,0,NULL,NULL,0,2026-06-08 09:00:00 +02:00,2026-06-08 09:00:00 +02:00,NULL
WG205-YHZ-MBJ-20261004,WG205-YHZ-MBJ,14,MBJ,Montego Bay,SUNWING,Sunwing,CARIBBEAN,Caribbean,WG205,YHZ,Halifax,MBJ,RSK,2026-10-04,Wk Oct 4,FALL,2026-10-04,22:10:00,189,0,189,83,0,83,106,43.9,43.9,78.0,640.00,600.00,192.00,152.00,-40.00,NULL,NULL,NULL,NULL,NULL,640.00,1.69,5.00,33.8,BlueJet Vacations,595.00,MapleAir Holidays,615.00,595.00,45.00,0.81160133429492964,Under-bedded,0,1,ROS_BELOW_TARGET,0,NULL,NULL,0,2026-06-08 09:00:00 +02:00,2026-06-08 09:00:00 +02:00,AutoPilot Demo
WG205-YHZ-MBJ-20261011,WG205-YHZ-MBJ,15,MBJ,Montego Bay,SUNWING,Sunwing,CARIBBEAN,Caribbean,WG205,YHZ,Halifax,MBJ,RSK,2026-10-11,Wk Oct 11,FALL,2026-10-11,22:10:00,189,0,189,41,0,41,148,21.7,21.7,78.0,610.00,600.00,183.00,173.00,-10.00,NULL,NULL,NULL,NULL,NULL,610.00,1.14,5.00,22.8,Holiday Air,635.00,Resort Direct,585.00,585.00,25.00,0.80823720576638691,Under-bedded,0,0,NULL,0,NULL,NULL,0,2026-06-08 09:00:00 +02:00,2026-06-08 09:00:00 +02:00,NULL
WG205-YHZ-MBJ-20261018,WG205-YHZ-MBJ,16,MBJ,Montego Bay,SUNWING,Sunwing,CARIBBEAN,Caribbean,WG205,YHZ,Halifax,MBJ,RSK,2026-10-18,Wk Oct 18,FALL,2026-10-18,22:10:00,174,0,174,50,0,50,124,28.7,28.7,78.0,635.00,625.00,190.50,180.50,-10.00,NULL,NULL,NULL,NULL,NULL,635.00,0.86,5.00,17.1,Holiday Air,605.00,Resort Direct,655.00,605.00,30.00,0.81588976781415035,Under-bedded,0,0,NULL,0,NULL,NULL,0,2026-06-08 09:00:00 +02:00,2026-06-08 09:00:00 +02:00,NULL
WG205-YHZ-MBJ-20261025,WG205-YHZ-MBJ,17,MBJ,Montego Bay,SUNWING,Sunwing,CARIBBEAN,Caribbean,WG205,YHZ,Halifax,MBJ,RSK,2026-10-25,Wk Oct 25,FALL,2026-10-25,22:10:00,162,0,162,49,0,49,113,30.2,30.2,78.0,625.00,610.00,187.50,172.50,-15.00,NULL,NULL,NULL,NULL,NULL,625.00,0.82,5.00,16.4,Holiday Air,650.00,Resort Direct,675.00,650.00,-25.00,0.81673524380035512,Under-bedded,0,0,NULL,0,NULL,NULL,0,2026-06-08 09:00:00 +02:00,2026-06-08 09:00:00 +02:00,NULL
WG205-YHZ-MBJ-20261101,WG205-YHZ-MBJ,18,MBJ,Montego Bay,SUNWING,Sunwing,CARIBBEAN,Caribbean,WG205,YHZ,Halifax,MBJ,RSK,2026-11-01,Wk Nov 1,FALL,2026-11-01,22:10:00,162,0,162,43,0,43,119,26.5,26.5,78.0,620.00,590.00,186.00,156.00,-30.00,NULL,NULL,NULL,NULL,NULL,620.00,1.90,5.00,38.0,NorthStar Travel,600.00,Coastal Getaways,630.00,600.00,20.00,0.81788111598047974,Under-bedded,0,0,NULL,0,NULL,NULL,0,2026-06-08 09:00:00 +02:00,2026-06-08 09:00:00 +02:00,NULL
WG205-YHZ-MBJ-20261108,WG205-YHZ-MBJ,19,MBJ,Montego Bay,SUNWING,Sunwing,CARIBBEAN,Caribbean,WG205,YHZ,Halifax,MBJ,RSK,2026-11-08,Wk Nov 8,FALL,2026-11-08,22:10:00,186,0,186,43,0,43,143,23.1,23.1,78.0,615.00,595.00,184.50,164.50,-20.00,NULL,NULL,NULL,NULL,NULL,615.00,1.29,5.00,25.8,Holiday Air,570.00,Resort Direct,610.00,570.00,45.00,0.81390400620388592,Under-bedded,0,0,NULL,0,NULL,NULL,0,2026-06-08 09:00:00 +02:00,2026-06-08 09:00:00 +02:00,NULL
WG205-YHZ-MBJ-20261115,WG205-YHZ-MBJ,20,MBJ,Montego Bay,SUNWING,Sunwing,CARIBBEAN,Caribbean,WG205,YHZ,Halifax,MBJ,RSK,2026-11-15,Wk Nov 15,FALL,2026-11-15,22:10:00,150,0,150,44,0,44,106,29.3,29.3,78.0,585.00,560.00,175.50,150.50,-25.00,NULL,NULL,NULL,NULL,NULL,585.00,2.64,5.00,52.8,NorthStar Travel,625.00,Coastal Getaways,530.00,530.00,55.00,0.80981118702752508,Under-bedded,0,0,NULL,0,NULL,NULL,0,2026-06-08 09:00:00 +02:00,2026-06-08 09:00:00 +02:00,NULL
WG205-YHZ-MBJ-20261122,WG205-YHZ-MBJ,21,MBJ,Montego Bay,SUNWING,Sunwing,CARIBBEAN,Caribbean,WG205,YHZ,Halifax,MBJ,RSK,2026-11-22,Wk Nov 22,FALL,2026-11-22,22:10:00,186,0,186,12,0,12,174,6.5,6.5,78.0,580.00,570.00,174.00,164.00,-10.00,NULL,NULL,NULL,NULL,NULL,580.00,0.17,5.00,3.4,SkyHoliday,620.00,Island Escape,600.00,600.00,-20.00,0.79493939863352470,Under-bedded,0,0,NULL,0,NULL,NULL,0,2026-06-08 09:00:00 +02:00,2026-06-08 09:00:00 +02:00,NULL
WG205-YHZ-MBJ-20261129,WG205-YHZ-MBJ,22,MBJ,Montego Bay,SUNWING,Sunwing,CARIBBEAN,Caribbean,WG205,YHZ,Halifax,MBJ,RSK,2026-11-29,Wk Nov 29,FALL,2026-11-29,22:10:00,189,0,189,37,0,37,152,19.6,19.6,78.0,580.00,555.00,174.00,149.00,-25.00,NULL,NULL,NULL,NULL,NULL,580.00,0.53,5.00,10.7,Holiday Air,605.00,Resort Direct,590.00,590.00,-10.00,0.82269343130449424,Under-bedded,1,0,NULL,0,NULL,NULL,0,2026-06-08 09:00:00 +02:00,2026-06-08 09:00:00 +02:00,RM Demo User
WG205-YHZ-MBJ-20261206,WG205-YHZ-MBJ,23,MBJ,Montego Bay,SUNWING,Sunwing,CARIBBEAN,Caribbean,WG205,YHZ,Halifax,MBJ,RSK,2026-12-06,Wk Dec 6,WINTER,2026-12-06,22:10:00,150,0,150,31,0,31,119,20.7,20.7,78.0,655.00,615.00,196.50,156.50,-40.00,NULL,NULL,NULL,NULL,NULL,655.00,1.51,5.00,30.2,SkyHoliday,645.00,Island Escape,690.00,645.00,10.00,0.79118976772554428,Under-bedded,0,0,NULL,0,NULL,NULL,0,2026-06-08 09:00:00 +02:00,2026-06-08 09:00:00 +02:00,NULL
WG205-YHZ-MBJ-20261213,WG205-YHZ-MBJ,24,MBJ,Montego Bay,SUNWING,Sunwing,CARIBBEAN,Caribbean,WG205,YHZ,Halifax,MBJ,RSK,2026-12-13,Wk Dec 13,WINTER,2026-12-13,22:10:00,174,0,174,20,0,20,154,11.5,11.5,78.0,580.00,570.00,174.00,164.00,-10.00,NULL,NULL,NULL,NULL,NULL,580.00,0.55,5.00,11.1,BlueJet Vacations,620.00,MapleAir Holidays,525.00,525.00,55.00,0.80861794815589882,Under-bedded,0,0,NULL,0,NULL,NULL,0,2026-06-08 09:00:00 +02:00,2026-06-08 09:00:00 +02:00,NULL
WG212-YYZ-MBJ-20260707,WG212-YYZ-MBJ,1,MBJ,Montego Bay,SUNWING,Sunwing,CARIBBEAN,Caribbean,WG212,YYZ,Toronto,MBJ,OWN,2026-07-05,Wk Jul 5,SUMMER,2026-07-07,22:10:00,150,18,168,150,15,165,3,98.2,100.0,78.0,820.00,870.00,278.80,328.80,50.00,1160.00,1225.00,417.60,482.60,65.00,850.91,5.27,5.00,105.4,SkyHoliday,810.00,Island Escape,795.00,795.00,25.00,0.80456946656006356,Under-bedded,0,0,NULL,0,NULL,NULL,1,2026-06-08 09:00:00 +02:00,2026-06-08 09:00:00 +02:00,NULL
WG212-YYZ-MBJ-20260714,WG212-YYZ-MBJ,2,MBJ,Montego Bay,SUNWING,Sunwing,CARIBBEAN,Caribbean,WG212,YYZ,Toronto,MBJ,OWN,2026-07-12,Wk Jul 12,SUMMER,2026-07-14,22:10:00,186,16,202,164,14,178,24,88.1,90.7,78.0,780.00,795.00,265.20,280.20,15.00,1080.00,1099.50,388.80,408.30,19.50,803.60,7.52,5.00,150.5,BlueJet Vacations,805.00,MapleAir Holidays,830.00,805.00,-25.00,0.79992405436166747,Under-bedded,0,0,NULL,0,NULL,NULL,0,2026-06-08 09:00:00 +02:00,2026-06-08 09:00:00 +02:00,NULL
WG212-YYZ-MBJ-20260721,WG212-YYZ-MBJ,3,MBJ,Montego Bay,SUNWING,Sunwing,CARIBBEAN,Caribbean,WG212,YYZ,Toronto,MBJ,OWN,2026-07-19,Wk Jul 19,SUMMER,2026-07-21,22:10:00,162,12,174,156,7,163,11,93.7,99.6,78.0,775.00,800.00,263.50,288.50,25.00,1175.00,1207.50,423.00,455.50,32.50,792.18,6.46,5.00,129.3,SkyHoliday,745.00,Island Escape,720.00,720.00,55.00,0.80021444776570316,Under-bedded,0,1,LF_ABOVE_TARGET,0,NULL,NULL,1,2026-06-08 09:00:00 +02:00,2026-06-08 09:00:00 +02:00,RM Demo User
WG212-YYZ-MBJ-20260728,WG212-YYZ-MBJ,4,MBJ,Montego Bay,SUNWING,Sunwing,CARIBBEAN,Caribbean,WG212,YYZ,Toronto,MBJ,OWN,2026-07-26,Wk Jul 26,SUMMER,2026-07-28,22:10:00,174,16,190,152,14,166,24,87.4,89.6,78.0,760.00,740.00,258.40,238.40,-20.00,1060.00,1034.00,381.60,355.60,-26.00,785.30,2.68,5.00,53.7,NorthStar Travel,800.00,Coastal Getaways,755.00,755.00,5.00,0.82395136720031437,Under-bedded,0,0,NULL,0,NULL,NULL,0,2026-06-08 09:00:00 +02:00,2026-06-08 09:00:00 +02:00,NULL
WG212-YYZ-MBJ-20260804,WG212-YYZ-MBJ,5,MBJ,Montego Bay,SUNWING,Sunwing,CARIBBEAN,Caribbean,WG212,YYZ,Toronto,MBJ,OWN,2026-08-02,Wk Aug 2,SUMMER,2026-08-04,22:10:00,186,16,202,159,14,173,29,85.6,88.0,78.0,820.00,780.00,278.80,238.80,-40.00,1220.00,1168.00,439.20,387.20,-52.00,852.37,2.39,5.00,47.9,SkyHoliday,835.00,Island Escape,830.00,830.00,-10.00,0.82092220108955705,Under-bedded,0,1,ROS_BELOW_TARGET,0,NULL,NULL,0,2026-06-08 09:00:00 +02:00,2026-06-08 09:00:00 +02:00,RM Demo User
WG212-YYZ-MBJ-20260811,WG212-YYZ-MBJ,6,MBJ,Montego Bay,SUNWING,Sunwing,CARIBBEAN,Caribbean,WG212,YYZ,Toronto,MBJ,OWN,2026-08-09,Wk Aug 9,SUMMER,2026-08-11,22:10:00,189,16,205,138,11,149,56,72.7,75.2,78.0,735.00,735.00,249.90,249.90,0.00,995.00,995.00,358.20,358.20,0.00,754.19,3.21,5.00,64.3,NorthStar Travel,775.00,Coastal Getaways,730.00,730.00,5.00,0.83023108402368173,Under-bedded,0,0,NULL,0,NULL,NULL,0,2026-06-08 09:00:00 +02:00,2026-06-08 09:00:00 +02:00,NULL
WG212-YYZ-MBJ-20260818,WG212-YYZ-MBJ,7,MBJ,Montego Bay,SUNWING,Sunwing,CARIBBEAN,Caribbean,WG212,YYZ,Toronto,MBJ,OWN,2026-08-16,Wk Aug 16,SUMMER,2026-08-18,22:10:00,186,16,202,125,12,137,65,67.8,69.6,78.0,695.00,670.00,236.30,211.30,-25.00,1035.00,1002.50,372.60,340.10,-32.50,724.78,2.20,5.00,44.0,SkyHoliday,735.00,Island Escape,730.00,730.00,-35.00,0.78641255611946836,Under-bedded,0,0,NULL,0,NULL,NULL,0,2026-06-08 09:00:00 +02:00,2026-06-08 09:00:00 +02:00,NULL
WG212-YYZ-MBJ-20260825,WG212-YYZ-MBJ,8,MBJ,Montego Bay,SUNWING,Sunwing,CARIBBEAN,Caribbean,WG212,YYZ,Toronto,MBJ,OWN,2026-08-23,Wk Aug 23,SUMMER,2026-08-25,22:10:00,189,18,207,138,13,151,56,72.9,73.7,78.0,770.00,780.00,261.80,271.80,10.00,1110.00,1123.00,399.60,412.60,13.00,799.27,6.21,5.00,124.2,NorthStar Travel,750.00,Coastal Getaways,765.00,750.00,20.00,0.80744681332761170,Under-bedded,0,0,NULL,0,NULL,NULL,0,2026-06-08 09:00:00 +02:00,2026-06-08 09:00:00 +02:00,NULL
WG212-YYZ-MBJ-20260901,WG212-YYZ-MBJ,9,MBJ,Montego Bay,SUNWING,Sunwing,CARIBBEAN,Caribbean,WG212,YYZ,Toronto,MBJ,OWN,2026-08-30,Wk Aug 30,SUMMER,2026-09-01,22:10:00,150,18,168,92,12,104,64,61.9,62.8,78.0,720.00,720.00,244.80,244.80,0.00,1020.00,1040.00,367.20,387.20,20.00,754.62,5.55,5.00,111.1,Holiday Air,710.00,Resort Direct,665.00,665.00,55.00,0.80116914363161762,Under-bedded,0,0,NULL,0,NULL,NULL,0,2026-06-08 09:00:00 +02:00,2026-06-08 09:00:00 +02:00,NULL
WG212-YYZ-MBJ-20260908,WG212-YYZ-MBJ,10,MBJ,Montego Bay,SUNWING,Sunwing,CARIBBEAN,Caribbean,WG212,YYZ,Toronto,MBJ,OWN,2026-09-06,Wk Sep 6,FALL,2026-09-08,22:10:00,180,12,192,93,6,99,93,51.6,52.5,78.0,610.00,585.00,207.40,182.40,-25.00,1010.00,977.50,363.60,331.10,-32.50,634.24,4.69,5.00,93.8,SkyHoliday,635.00,Island Escape,620.00,620.00,-10.00,0.80161137210187816,Under-bedded,0,0,NULL,0,NULL,NULL,0,2026-06-08 09:00:00 +02:00,2026-06-08 09:00:00 +02:00,NULL
WG212-YYZ-MBJ-20260915,WG212-YYZ-MBJ,11,MBJ,Montego Bay,SUNWING,Sunwing,CARIBBEAN,Caribbean,WG212,YYZ,Toronto,MBJ,OWN,2026-09-13,Wk Sep 13,FALL,2026-09-15,22:10:00,174,16,190,83,8,91,99,47.9,48.8,78.0,615.00,575.00,209.10,169.10,-40.00,955.00,903.00,343.80,291.80,-52.00,644.89,2.59,5.00,51.8,BlueJet Vacations,570.00,MapleAir Holidays,650.00,570.00,45.00,0.81395274660691230,Under-bedded,0,0,NULL,0,NULL,NULL,0,2026-06-08 09:00:00 +02:00,2026-06-08 09:00:00 +02:00,NULL
WG212-YYZ-MBJ-20260922,WG212-YYZ-MBJ,12,MBJ,Montego Bay,SUNWING,Sunwing,CARIBBEAN,Caribbean,WG212,YYZ,Toronto,MBJ,OWN,2026-09-20,Wk Sep 20,FALL,2026-09-22,22:10:00,189,12,201,92,6,98,103,48.8,48.9,78.0,630.00,615.00,214.20,199.20,-15.00,890.00,870.50,320.40,300.90,-19.50,645.92,3.41,5.00,68.2,Holiday Air,620.00,Resort Direct,605.00,605.00,25.00,0.78597454727908544,Under-bedded,0,0,NULL,0,NULL,NULL,0,2026-06-08 09:00:00 +02:00,2026-06-08 09:00:00 +02:00,NULL
WG212-YYZ-MBJ-20260929,WG212-YYZ-MBJ,13,MBJ,Montego Bay,SUNWING,Sunwing,CARIBBEAN,Caribbean,WG212,YYZ,Toronto,MBJ,OWN,2026-09-27,Wk Sep 27,FALL,2026-09-29,22:10:00,162,16,178,86,7,93,85,52.2,52.2,78.0,615.00,585.00,209.10,179.10,-30.00,915.00,876.00,329.40,290.40,-39.00,637.58,4.09,5.00,81.9,NorthStar Travel,570.00,Coastal Getaways,635.00,570.00,45.00,0.79754402927850021,Under-bedded,0,1,ROS_BELOW_TARGET,0,NULL,NULL,0,2026-06-08 09:00:00 +02:00,2026-06-08 09:00:00 +02:00,AutoPilot Demo
WG212-YYZ-MBJ-20261006,WG212-YYZ-MBJ,14,MBJ,Montego Bay,SUNWING,Sunwing,CARIBBEAN,Caribbean,WG212,YYZ,Toronto,MBJ,OWN,2026-10-04,Wk Oct 4,FALL,2026-10-06,22:10:00,186,12,198,46,5,51,147,25.8,25.8,78.0,565.00,550.00,192.10,177.10,-15.00,965.00,945.50,347.40,327.90,-19.50,604.22,2.10,5.00,42.1,BlueJet Vacations,590.00,MapleAir Holidays,600.00,590.00,-25.00,0.79912799003861912,Under-bedded,0,0,NULL,0,NULL,NULL,0,2026-06-08 09:00:00 +02:00,2026-06-08 09:00:00 +02:00,NULL
WG212-YYZ-MBJ-20261013,WG212-YYZ-MBJ,15,MBJ,Montego Bay,SUNWING,Sunwing,CARIBBEAN,Caribbean,WG212,YYZ,Toronto,MBJ,OWN,2026-10-11,Wk Oct 11,FALL,2026-10-13,22:10:00,150,18,168,55,6,61,107,36.3,36.3,78.0,595.00,575.00,202.30,182.30,-20.00,995.00,969.00,358.20,332.20,-26.00,634.34,3.44,5.00,68.8,NorthStar Travel,585.00,Coastal Getaways,645.00,585.00,10.00,0.80429312807126141,Under-bedded,0,0,NULL,0,NULL,NULL,0,2026-06-08 09:00:00 +02:00,2026-06-08 09:00:00 +02:00,NULL
WG212-YYZ-MBJ-20261020,WG212-YYZ-MBJ,16,MBJ,Montego Bay,SUNWING,Sunwing,CARIBBEAN,Caribbean,WG212,YYZ,Toronto,MBJ,OWN,2026-10-18,Wk Oct 18,FALL,2026-10-20,22:10:00,162,16,178,37,2,39,139,21.9,21.9,78.0,585.00,570.00,198.90,183.90,-15.00,885.00,865.50,318.60,299.10,-19.50,600.38,1.05,5.00,21.0,SkyHoliday,625.00,Island Escape,635.00,625.00,-40.00,0.83898343219136484,Under-bedded,0,0,NULL,0,NULL,NULL,0,2026-06-08 09:00:00 +02:00,2026-06-08 09:00:00 +02:00,NULL
WG212-YYZ-MBJ-20261027,WG212-YYZ-MBJ,17,MBJ,Montego Bay,SUNWING,Sunwing,CARIBBEAN,Caribbean,WG212,YYZ,Toronto,MBJ,OWN,2026-10-25,Wk Oct 25,FALL,2026-10-27,22:10:00,162,18,180,47,5,52,128,28.9,28.9,78.0,515.00,490.00,175.10,150.10,-25.00,915.00,882.50,329.40,296.90,-32.50,553.46,2.34,5.00,46.8,Holiday Air,485.00,Resort Direct,565.00,485.00,30.00,0.78767591319419972,Under-bedded,0,0,NULL,0,NULL,NULL,0,2026-06-08 09:00:00 +02:00,2026-06-08 09:00:00 +02:00,NULL
WG212-YYZ-MBJ-20261103,WG212-YYZ-MBJ,18,MBJ,Montego Bay,SUNWING,Sunwing,CARIBBEAN,Caribbean,WG212,YYZ,Toronto,MBJ,OWN,2026-11-01,Wk Nov 1,FALL,2026-11-03,22:10:00,189,16,205,54,3,57,148,27.8,27.8,78.0,530.00,490.00,180.20,140.20,-40.00,870.00,818.00,313.20,261.20,-52.00,547.89,2.37,5.00,47.4,NorthStar Travel,510.00,Coastal Getaways,580.00,510.00,20.00,0.76583322447029101,Under-bedded,0,0,NULL,0,NULL,NULL,0,2026-06-08 09:00:00 +02:00,2026-06-08 09:00:00 +02:00,NULL
WG212-YYZ-MBJ-20261110,WG212-YYZ-MBJ,19,MBJ,Montego Bay,SUNWING,Sunwing,CARIBBEAN,Caribbean,WG212,YYZ,Toronto,MBJ,OWN,2026-11-08,Wk Nov 8,FALL,2026-11-10,22:10:00,186,16,202,46,4,50,152,24.8,24.8,78.0,530.00,510.00,180.20,160.20,-20.00,930.00,904.00,334.80,308.80,-26.00,562.00,2.11,5.00,42.2,Holiday Air,510.00,Resort Direct,540.00,510.00,20.00,0.79326226747306516,Under-bedded,0,1,ROS_BELOW_TARGET,0,NULL,NULL,0,2026-06-08 09:00:00 +02:00,2026-06-08 09:00:00 +02:00,AutoPilot Demo
WG212-YYZ-MBJ-20261117,WG212-YYZ-MBJ,20,MBJ,Montego Bay,SUNWING,Sunwing,CARIBBEAN,Caribbean,WG212,YYZ,Toronto,MBJ,OWN,2026-11-15,Wk Nov 15,FALL,2026-11-17,22:10:00,180,18,198,40,6,46,152,23.2,23.2,78.0,575.00,545.00,195.50,165.50,-30.00,975.00,936.00,351.00,312.00,-39.00,627.17,1.10,5.00,22.0,Holiday Air,600.00,Resort Direct,610.00,600.00,-25.00,0.81018723975831031,Under-bedded,0,0,NULL,0,NULL,NULL,0,2026-06-08 09:00:00 +02:00,2026-06-08 09:00:00 +02:00,NULL
WG212-YYZ-MBJ-20261124,WG212-YYZ-MBJ,21,MBJ,Montego Bay,SUNWING,Sunwing,CARIBBEAN,Caribbean,WG212,YYZ,Toronto,MBJ,OWN,2026-11-22,Wk Nov 22,FALL,2026-11-24,22:10:00,162,18,180,33,2,35,145,19.4,19.4,78.0,530.00,505.00,180.20,155.20,-25.00,830.00,797.50,298.80,266.30,-32.50,547.14,0.57,5.00,11.5,BlueJet Vacations,545.00,MapleAir Holidays,505.00,505.00,25.00,0.79429053005575423,Under-bedded,0,1,ROS_BELOW_TARGET,0,NULL,NULL,0,2026-06-08 09:00:00 +02:00,2026-06-08 09:00:00 +02:00,RM Demo User
WG212-YYZ-MBJ-20261201,WG212-YYZ-MBJ,22,MBJ,Montego Bay,SUNWING,Sunwing,CARIBBEAN,Caribbean,WG212,YYZ,Toronto,MBJ,OWN,2026-11-29,Wk Nov 29,FALL,2026-12-01,22:10:00,186,16,202,40,5,45,157,22.3,22.3,78.0,570.00,530.00,193.80,153.80,-40.00,910.00,858.00,327.60,275.60,-52.00,607.78,0.56,5.00,11.2,BlueJet Vacations,610.00,MapleAir Holidays,605.00,605.00,-35.00,0.80460645755168259,Under-bedded,0,0,NULL,0,NULL,NULL,0,2026-06-08 09:00:00 +02:00,2026-06-08 09:00:00 +02:00,NULL
WG212-YYZ-MBJ-20261208,WG212-YYZ-MBJ,23,MBJ,Montego Bay,SUNWING,Sunwing,CARIBBEAN,Caribbean,WG212,YYZ,Toronto,MBJ,OWN,2026-12-06,Wk Dec 6,WINTER,2026-12-08,22:10:00,186,16,202,28,4,32,170,15.8,15.8,78.0,565.00,550.00,192.10,177.10,-15.00,965.00,945.50,347.40,327.90,-19.50,615.00,1.47,5.00,29.3,Holiday Air,555.00,Resort Direct,585.00,555.00,10.00,0.80355234088560590,Under-bedded,0,1,ROS_BELOW_TARGET,0,NULL,NULL,0,2026-06-08 09:00:00 +02:00,2026-06-08 09:00:00 +02:00,NULL
WG212-YYZ-MBJ-20261215,WG212-YYZ-MBJ,24,MBJ,Montego Bay,SUNWING,Sunwing,CARIBBEAN,Caribbean,WG212,YYZ,Toronto,MBJ,OWN,2026-12-13,Wk Dec 13,WINTER,2026-12-15,22:10:00,162,12,174,27,3,30,144,17.2,17.2,78.0,615.00,595.00,209.10,189.10,-20.00,955.00,929.00,343.80,317.80,-26.00,649.00,0.85,5.00,17.0,NorthStar Travel,595.00,Coastal Getaways,610.00,595.00,20.00,0.80740615168997365,Under-bedded,0,0,NULL,0,NULL,NULL,0,2026-06-08 09:00:00 +02:00,2026-06-08 09:00:00 +02:00,NULL
WG219-YEG-CUN-20260709,WG219-YEG-CUN,1,RVM,Riviera Maya,SUNWING,Sunwing,MEXICO,Mexico,WG219,YEG,Edmonton,CUN,3RD,2026-07-05,Wk Jul 5,SUMMER,2026-07-09,13:45:00,150,0,150,116,0,116,34,77.3,82.8,78.0,765.00,725.00,206.55,166.55,-40.00,NULL,NULL,NULL,NULL,NULL,765.00,2.58,5.00,51.7,Holiday Air,735.00,Resort Direct,740.00,735.00,30.00,0.98381273831792637,Balanced,0,0,NULL,0,NULL,NULL,0,2026-06-08 09:00:00 +02:00,2026-06-08 09:00:00 +02:00,NULL
WG219-YEG-CUN-20260716,WG219-YEG-CUN,2,RVM,Riviera Maya,SUNWING,Sunwing,MEXICO,Mexico,WG219,YEG,Edmonton,CUN,3RD,2026-07-12,Wk Jul 12,SUMMER,2026-07-16,13:45:00,189,0,189,146,0,146,43,77.2,80.5,78.0,770.00,785.00,207.90,222.90,15.00,NULL,NULL,NULL,NULL,NULL,770.00,5.84,5.00,116.8,NorthStar Travel,750.00,Coastal Getaways,790.00,750.00,20.00,0.95482085603397748,Balanced,0,0,NULL,0,NULL,NULL,0,2026-06-08 09:00:00 +02:00,2026-06-08 09:00:00 +02:00,NULL
WG219-YEG-CUN-20260723,WG219-YEG-CUN,3,RVM,Riviera Maya,SUNWING,Sunwing,MEXICO,Mexico,WG219,YEG,Edmonton,CUN,3RD,2026-07-19,Wk Jul 19,SUMMER,2026-07-23,13:45:00,162,0,162,142,0,142,20,87.7,93.4,78.0,775.00,835.00,209.25,269.25,60.00,NULL,NULL,NULL,NULL,NULL,775.00,8.98,5.00,179.6,SkyHoliday,745.00,Island Escape,825.00,745.00,30.00,0.93869867685950237,Balanced,0,0,NULL,0,NULL,NULL,0,2026-06-08 09:00:00 +02:00,2026-06-08 09:00:00 +02:00,NULL
WG219-YEG-CUN-20260730,WG219-YEG-CUN,4,RVM,Riviera Maya,SUNWING,Sunwing,MEXICO,Mexico,WG219,YEG,Edmonton,CUN,3RD,2026-07-26,Wk Jul 26,SUMMER,2026-07-30,13:45:00,174,0,174,132,0,132,42,75.9,78.0,78.0,795.00,805.00,214.65,224.65,10.00,NULL,NULL,NULL,NULL,NULL,795.00,6.73,5.00,134.6,NorthStar Travel,835.00,Coastal Getaways,845.00,835.00,-40.00,0.95149268427607991,Balanced,0,1,LF_ABOVE_TARGET,0,NULL,NULL,0,2026-06-08 09:00:00 +02:00,2026-06-08 09:00:00 +02:00,AutoPilot Demo
WG219-YEG-CUN-20260806,WG219-YEG-CUN,5,RVM,Riviera Maya,SUNWING,Sunwing,MEXICO,Mexico,WG219,YEG,Edmonton,CUN,3RD,2026-08-02,Wk Aug 2,SUMMER,2026-08-06,13:45:00,180,0,180,123,0,123,57,68.3,73.2,78.0,710.00,710.00,191.70,191.70,0.00,NULL,NULL,NULL,NULL,NULL,710.00,4.89,5.00,97.7,Holiday Air,665.00,Resort Direct,655.00,655.00,55.00,0.94123233082738500,Balanced,0,0,NULL,0,NULL,NULL,0,2026-06-08 09:00:00 +02:00,2026-06-08 09:00:00 +02:00,NULL
WG219-YEG-CUN-20260813,WG219-YEG-CUN,6,RVM,Riviera Maya,SUNWING,Sunwing,MEXICO,Mexico,WG219,YEG,Edmonton,CUN,3RD,2026-08-09,Wk Aug 9,SUMMER,2026-08-13,13:45:00,189,0,189,123,0,123,66,65.1,66.8,78.0,735.00,710.00,198.45,173.45,-25.00,NULL,NULL,NULL,NULL,NULL,735.00,2.55,5.00,50.9,Holiday Air,705.00,Resort Direct,730.00,705.00,30.00,0.97238351505247034,Balanced,0,0,NULL,0,NULL,NULL,0,2026-06-08 09:00:00 +02:00,2026-06-08 09:00:00 +02:00,NULL
WG219-YEG-CUN-20260820,WG219-YEG-CUN,7,RVM,Riviera Maya,SUNWING,Sunwing,MEXICO,Mexico,WG219,YEG,Edmonton,CUN,3RD,2026-08-16,Wk Aug 16,SUMMER,2026-08-20,13:45:00,189,0,189,122,0,122,67,64.6,67.2,78.0,760.00,760.00,205.20,205.20,0.00,NULL,NULL,NULL,NULL,NULL,760.00,4.67,5.00,93.4,BlueJet Vacations,715.00,MapleAir Holidays,770.00,715.00,45.00,0.94834490569572893,Balanced,0,0,NULL,0,NULL,NULL,0,2026-06-08 09:00:00 +02:00,2026-06-08 09:00:00 +02:00,NULL
WG219-YEG-CUN-20260827,WG219-YEG-CUN,8,RVM,Riviera Maya,SUNWING,Sunwing,MEXICO,Mexico,WG219,YEG,Edmonton,CUN,3RD,2026-08-23,Wk Aug 23,SUMMER,2026-08-27,13:45:00,150,0,150,92,0,92,58,61.3,62.5,78.0,740.00,715.00,199.80,174.80,-25.00,NULL,NULL,NULL,NULL,NULL,740.00,1.55,5.00,31.0,NorthStar Travel,710.00,Coastal Getaways,750.00,710.00,30.00,0.94176878394346553,Balanced,0,1,ROS_BELOW_TARGET,0,NULL,NULL,0,2026-06-08 09:00:00 +02:00,2026-06-08 09:00:00 +02:00,RM Demo User
WG219-YEG-CUN-20260903,WG219-YEG-CUN,9,RVM,Riviera Maya,SUNWING,Sunwing,MEXICO,Mexico,WG219,YEG,Edmonton,CUN,3RD,2026-08-30,Wk Aug 30,SUMMER,2026-09-03,13:45:00,174,0,174,93,0,93,81,53.4,54.0,78.0,700.00,675.00,189.00,164.00,-25.00,NULL,NULL,NULL,NULL,NULL,700.00,2.58,5.00,51.7,Holiday Air,715.00,Resort Direct,720.00,715.00,-15.00,0.97058406955132570,Balanced,0,0,NULL,0,NULL,NULL,0,2026-06-08 09:00:00 +02:00,2026-06-08 09:00:00 +02:00,NULL
WG219-YEG-CUN-20260910,WG219-YEG-CUN,10,RVM,Riviera Maya,SUNWING,Sunwing,MEXICO,Mexico,WG219,YEG,Edmonton,CUN,3RD,2026-09-06,Wk Sep 6,FALL,2026-09-10,13:45:00,180,0,180,92,0,92,88,51.1,52.5,78.0,605.00,595.00,163.35,153.35,-10.00,NULL,NULL,NULL,NULL,NULL,605.00,1.15,5.00,23.1,Holiday Air,645.00,Resort Direct,600.00,600.00,5.00,0.94477357563715569,Balanced,0,0,NULL,0,NULL,NULL,0,2026-06-08 09:00:00 +02:00,2026-06-08 09:00:00 +02:00,NULL
WG219-YEG-CUN-20260917,WG219-YEG-CUN,11,RVM,Riviera Maya,SUNWING,Sunwing,MEXICO,Mexico,WG219,YEG,Edmonton,CUN,3RD,2026-09-13,Wk Sep 13,FALL,2026-09-17,13:45:00,174,0,174,84,0,84,90,48.3,49.0,78.0,610.00,590.00,164.70,144.70,-20.00,NULL,NULL,NULL,NULL,NULL,610.00,3.95,5.00,78.9,Holiday Air,580.00,Resort Direct,585.00,580.00,30.00,0.93663332392893817,Balanced,0,0,NULL,0,NULL,NULL,0,2026-06-08 09:00:00 +02:00,2026-06-08 09:00:00 +02:00,NULL
WG219-YEG-CUN-20260924,WG219-YEG-CUN,12,RVM,Riviera Maya,SUNWING,Sunwing,MEXICO,Mexico,WG219,YEG,Edmonton,CUN,3RD,2026-09-20,Wk Sep 20,FALL,2026-09-24,13:45:00,189,0,189,81,0,81,108,42.9,43.0,78.0,580.00,555.00,156.60,131.60,-25.00,NULL,NULL,NULL,NULL,NULL,580.00,1.17,5.00,23.4,SkyHoliday,535.00,Island Escape,575.00,535.00,45.00,0.97420389581570421,Balanced,0,0,NULL,0,NULL,NULL,0,2026-06-08 09:00:00 +02:00,2026-06-08 09:00:00 +02:00,NULL
WG219-YEG-CUN-20261001,WG219-YEG-CUN,13,RVM,Riviera Maya,SUNWING,Sunwing,MEXICO,Mexico,WG219,YEG,Edmonton,CUN,3RD,2026-09-27,Wk Sep 27,FALL,2026-10-01,13:45:00,162,0,162,73,0,73,89,45.1,45.1,78.0,595.00,555.00,160.65,120.65,-40.00,NULL,NULL,NULL,NULL,NULL,595.00,1.75,5.00,35.0,SkyHoliday,550.00,Island Escape,605.00,550.00,45.00,0.95087174384712891,Balanced,0,0,NULL,0,NULL,NULL,0,2026-06-08 09:00:00 +02:00,2026-06-08 09:00:00 +02:00,NULL
WG219-YEG-CUN-20261008,WG219-YEG-CUN,14,RVM,Riviera Maya,SUNWING,Sunwing,MEXICO,Mexico,WG219,YEG,Edmonton,CUN,3RD,2026-10-04,Wk Oct 4,FALL,2026-10-08,13:45:00,186,0,186,61,0,61,125,32.8,32.8,78.0,615.00,585.00,166.05,136.05,-30.00,NULL,NULL,NULL,NULL,NULL,615.00,2.48,5.00,49.5,SkyHoliday,640.00,Island Escape,635.00,635.00,-20.00,0.95564361001561826,Balanced,0,0,NULL,1,RM review hold,2026-06-15,0,2026-06-08 09:00:00 +02:00,2026-06-08 09:00:00 +02:00,NULL
WG219-YEG-CUN-20261015,WG219-YEG-CUN,15,RVM,Riviera Maya,SUNWING,Sunwing,MEXICO,Mexico,WG219,YEG,Edmonton,CUN,3RD,2026-10-11,Wk Oct 11,FALL,2026-10-15,13:45:00,186,0,186,44,0,44,142,23.7,23.7,78.0,550.00,540.00,148.50,138.50,-10.00,NULL,NULL,NULL,NULL,NULL,550.00,2.14,5.00,42.8,NorthStar Travel,540.00,Coastal Getaways,570.00,540.00,10.00,0.95352859980665505,Balanced,0,1,ROS_BELOW_TARGET,0,NULL,NULL,0,2026-06-08 09:00:00 +02:00,2026-06-08 09:00:00 +02:00,NULL
WG219-YEG-CUN-20261022,WG219-YEG-CUN,16,RVM,Riviera Maya,SUNWING,Sunwing,MEXICO,Mexico,WG219,YEG,Edmonton,CUN,3RD,2026-10-18,Wk Oct 18,FALL,2026-10-22,13:45:00,162,0,162,33,0,33,129,20.4,20.4,78.0,535.00,520.00,144.45,129.45,-15.00,NULL,NULL,NULL,NULL,NULL,535.00,1.73,5.00,34.6,NorthStar Travel,490.00,Coastal Getaways,545.00,490.00,45.00,0.92939749490869650,Balanced,0,0,NULL,0,NULL,NULL,0,2026-06-08 09:00:00 +02:00,2026-06-08 09:00:00 +02:00,NULL
WG219-YEG-CUN-20261029,WG219-YEG-CUN,17,RVM,Riviera Maya,SUNWING,Sunwing,MEXICO,Mexico,WG219,YEG,Edmonton,CUN,3RD,2026-10-25,Wk Oct 25,FALL,2026-10-29,13:45:00,189,0,189,53,0,53,136,28.0,28.0,78.0,560.00,550.00,151.20,141.20,-10.00,NULL,NULL,NULL,NULL,NULL,560.00,1.27,5.00,25.4,NorthStar Travel,530.00,Coastal Getaways,580.00,530.00,30.00,0.92833908626878492,Balanced,0,1,ROS_BELOW_TARGET,0,NULL,NULL,0,2026-06-08 09:00:00 +02:00,2026-06-08 09:00:00 +02:00,RM Demo User
WG219-YEG-CUN-20261105,WG219-YEG-CUN,18,RVM,Riviera Maya,SUNWING,Sunwing,MEXICO,Mexico,WG219,YEG,Edmonton,CUN,3RD,2026-11-01,Wk Nov 1,FALL,2026-11-05,13:45:00,180,0,180,44,0,44,136,24.4,24.4,78.0,595.00,580.00,160.65,145.65,-15.00,NULL,NULL,NULL,NULL,NULL,595.00,2.19,5.00,43.8,Holiday Air,565.00,Resort Direct,645.00,565.00,30.00,0.94796411358921306,Balanced,0,0,NULL,0,NULL,NULL,0,2026-06-08 09:00:00 +02:00,2026-06-08 09:00:00 +02:00,NULL
WG219-YEG-CUN-20261112,WG219-YEG-CUN,19,RVM,Riviera Maya,SUNWING,Sunwing,MEXICO,Mexico,WG219,YEG,Edmonton,CUN,3RD,2026-11-08,Wk Nov 8,FALL,2026-11-12,13:45:00,180,0,180,35,0,35,145,19.4,19.4,78.0,535.00,505.00,144.45,114.45,-30.00,NULL,NULL,NULL,NULL,NULL,535.00,0.64,5.00,12.8,NorthStar Travel,490.00,Coastal Getaways,545.00,490.00,45.00,0.95580545860694555,Balanced,0,0,NULL,1,RM review hold,2026-06-15,0,2026-06-08 09:00:00 +02:00,2026-06-08 09:00:00 +02:00,AutoPilot Demo
WG219-YEG-CUN-20261119,WG219-YEG-CUN,20,RVM,Riviera Maya,SUNWING,Sunwing,MEXICO,Mexico,WG219,YEG,Edmonton,CUN,3RD,2026-11-15,Wk Nov 15,FALL,2026-11-19,13:45:00,150,0,150,28,0,28,122,18.7,18.7,78.0,570.00,540.00,153.90,123.90,-30.00,NULL,NULL,NULL,NULL,NULL,570.00,0.94,5.00,18.8,BlueJet Vacations,560.00,MapleAir Holidays,565.00,560.00,10.00,0.92721423393583902,Balanced,0,0,NULL,0,NULL,NULL,0,2026-06-08 09:00:00 +02:00,2026-06-08 09:00:00 +02:00,NULL
WG219-YEG-CUN-20261126,WG219-YEG-CUN,21,RVM,Riviera Maya,SUNWING,Sunwing,MEXICO,Mexico,WG219,YEG,Edmonton,CUN,3RD,2026-11-22,Wk Nov 22,FALL,2026-11-26,13:45:00,174,0,174,41,0,41,133,23.6,23.6,78.0,575.00,565.00,155.25,145.25,-10.00,NULL,NULL,NULL,NULL,NULL,575.00,1.73,5.00,34.6,BlueJet Vacations,615.00,MapleAir Holidays,625.00,615.00,-40.00,0.95660088316498315,Balanced,0,0,NULL,0,NULL,NULL,0,2026-06-08 09:00:00 +02:00,2026-06-08 09:00:00 +02:00,NULL
WG219-YEG-CUN-20261203,WG219-YEG-CUN,22,RVM,Riviera Maya,SUNWING,Sunwing,MEXICO,Mexico,WG219,YEG,Edmonton,CUN,3RD,2026-11-29,Wk Nov 29,FALL,2026-12-03,13:45:00,186,0,186,16,0,16,170,8.6,8.6,78.0,535.00,510.00,144.45,119.45,-25.00,NULL,NULL,NULL,NULL,NULL,535.00,0.49,5.00,9.8,BlueJet Vacations,560.00,MapleAir Holidays,570.00,560.00,-25.00,0.95462985978328130,Balanced,0,0,NULL,0,NULL,NULL,0,2026-06-08 09:00:00 +02:00,2026-06-08 09:00:00 +02:00,NULL
WG219-YEG-CUN-20261210,WG219-YEG-CUN,23,RVM,Riviera Maya,SUNWING,Sunwing,MEXICO,Mexico,WG219,YEG,Edmonton,CUN,3RD,2026-12-06,Wk Dec 6,WINTER,2026-12-10,13:45:00,189,0,189,16,0,16,173,8.5,8.5,78.0,585.00,555.00,157.95,127.95,-30.00,NULL,NULL,NULL,NULL,NULL,585.00,0.23,5.00,4.7,Holiday Air,565.00,Resort Direct,635.00,565.00,20.00,0.95491089877487312,Balanced,0,0,NULL,0,NULL,NULL,0,2026-06-08 09:00:00 +02:00,2026-06-08 09:00:00 +02:00,NULL
WG219-YEG-CUN-20261217,WG219-YEG-CUN,24,RVM,Riviera Maya,SUNWING,Sunwing,MEXICO,Mexico,WG219,YEG,Edmonton,CUN,3RD,2026-12-13,Wk Dec 13,WINTER,2026-12-17,13:45:00,186,0,186,15,0,15,171,8.1,8.1,78.0,590.00,570.00,159.30,139.30,-20.00,NULL,NULL,NULL,NULL,NULL,590.00,0.49,5.00,9.9,SkyHoliday,560.00,Island Escape,565.00,560.00,30.00,0.96127512668196413,Balanced,0,0,NULL,0,NULL,NULL,0,2026-06-08 09:00:00 +02:00,2026-06-08 09:00:00 +02:00,NULL
WG226-YHZ-CUN-20260711,WG226-YHZ-CUN,1,RVM,Riviera Maya,SUNWING,Sunwing,MEXICO,Mexico,WG226,YHZ,Halifax,CUN,RSK,2026-07-05,Wk Jul 5,SUMMER,2026-07-11,09:30:00,180,0,180,155,0,155,25,86.1,88.5,78.0,775.00,775.00,232.50,232.50,0.00,NULL,NULL,NULL,NULL,NULL,775.00,2.84,5.00,56.7,SkyHoliday,755.00,Island Escape,795.00,755.00,20.00,0.91968100872249692,Balanced,0,0,NULL,0,NULL,NULL,0,2026-06-08 09:00:00 +02:00,2026-06-08 09:00:00 +02:00,NULL
WG226-YHZ-CUN-20260718,WG226-YHZ-CUN,2,RVM,Riviera Maya,SUNWING,Sunwing,MEXICO,Mexico,WG226,YHZ,Halifax,CUN,RSK,2026-07-12,Wk Jul 12,SUMMER,2026-07-18,09:30:00,189,0,189,157,0,157,32,83.1,89.9,78.0,740.00,740.00,222.00,222.00,0.00,NULL,NULL,NULL,NULL,NULL,740.00,4.76,5.00,95.2,BlueJet Vacations,780.00,MapleAir Holidays,750.00,750.00,-10.00,0.95260862965836079,Balanced,0,0,NULL,0,NULL,NULL,0,2026-06-08 09:00:00 +02:00,2026-06-08 09:00:00 +02:00,NULL
WG226-YHZ-CUN-20260725,WG226-YHZ-CUN,3,RVM,Riviera Maya,SUNWING,Sunwing,MEXICO,Mexico,WG226,YHZ,Halifax,CUN,RSK,2026-07-19,Wk Jul 19,SUMMER,2026-07-25,09:30:00,174,0,174,133,0,133,41,76.4,82.1,78.0,775.00,785.00,232.50,242.50,10.00,NULL,NULL,NULL,NULL,NULL,775.00,5.67,5.00,113.4,SkyHoliday,800.00,Island Escape,795.00,795.00,-20.00,0.96372752746124579,Balanced,0,1,LF_ABOVE_TARGET,0,NULL,NULL,0,2026-06-08 09:00:00 +02:00,2026-06-08 09:00:00 +02:00,AutoPilot Demo
WG226-YHZ-CUN-20260801,WG226-YHZ-CUN,4,RVM,Riviera Maya,SUNWING,Sunwing,MEXICO,Mexico,WG226,YHZ,Halifax,CUN,RSK,2026-07-26,Wk Jul 26,SUMMER,2026-08-01,09:30:00,180,0,180,140,0,140,40,77.8,79.8,78.0,750.00,790.00,225.00,265.00,40.00,NULL,NULL,NULL,NULL,NULL,750.00,7.47,5.00,149.3,NorthStar Travel,790.00,Coastal Getaways,760.00,760.00,-10.00,0.95374801892619998,Balanced,0,0,NULL,0,NULL,NULL,0,2026-06-08 09:00:00 +02:00,2026-06-08 09:00:00 +02:00,NULL
WG226-YHZ-CUN-20260808,WG226-YHZ-CUN,5,RVM,Riviera Maya,SUNWING,Sunwing,MEXICO,Mexico,WG226,YHZ,Halifax,CUN,RSK,2026-08-02,Wk Aug 2,SUMMER,2026-08-08,09:30:00,189,0,189,145,0,145,44,76.7,77.9,78.0,735.00,735.00,220.50,220.50,0.00,NULL,NULL,NULL,NULL,NULL,735.00,5.19,5.00,103.7,NorthStar Travel,705.00,Coastal Getaways,785.00,705.00,30.00,0.95376273064572326,Balanced,0,0,NULL,0,NULL,NULL,0,2026-06-08 09:00:00 +02:00,2026-06-08 09:00:00 +02:00,NULL
WG226-YHZ-CUN-20260815,WG226-YHZ-CUN,6,RVM,Riviera Maya,SUNWING,Sunwing,MEXICO,Mexico,WG226,YHZ,Halifax,CUN,RSK,2026-08-09,Wk Aug 9,SUMMER,2026-08-15,09:30:00,189,0,189,129,0,129,60,68.3,70.4,78.0,720.00,695.00,216.00,191.00,-25.00,NULL,NULL,NULL,NULL,NULL,720.00,2.01,5.00,40.1,BlueJet Vacations,735.00,MapleAir Holidays,695.00,695.00,25.00,0.96205057882433265,Balanced,0,0,NULL,0,NULL,NULL,0,2026-06-08 09:00:00 +02:00,2026-06-08 09:00:00 +02:00,NULL
WG226-YHZ-CUN-20260822,WG226-YHZ-CUN,7,RVM,Riviera Maya,SUNWING,Sunwing,MEXICO,Mexico,WG226,YHZ,Halifax,CUN,RSK,2026-08-16,Wk Aug 16,SUMMER,2026-08-22,09:30:00,189,0,189,131,0,131,58,69.3,70.3,78.0,725.00,700.00,217.50,192.50,-25.00,NULL,NULL,NULL,NULL,NULL,725.00,2.05,5.00,41.0,SkyHoliday,695.00,Island Escape,760.00,695.00,30.00,0.96540197094115854,Balanced,0,1,ROS_BELOW_TARGET,0,NULL,NULL,0,2026-06-08 09:00:00 +02:00,2026-06-08 09:00:00 +02:00,NULL
WG226-YHZ-CUN-20260829,WG226-YHZ-CUN,8,RVM,Riviera Maya,SUNWING,Sunwing,MEXICO,Mexico,WG226,YHZ,Halifax,CUN,RSK,2026-08-23,Wk Aug 23,SUMMER,2026-08-29,09:30:00,189,0,189,116,0,116,73,61.4,64.0,78.0,720.00,720.00,216.00,216.00,0.00,NULL,NULL,NULL,NULL,NULL,720.00,6.01,5.00,120.2,SkyHoliday,710.00,Island Escape,755.00,710.00,10.00,0.96821480399395432,Balanced,0,0,NULL,0,NULL,NULL,0,2026-06-08 09:00:00 +02:00,2026-06-08 09:00:00 +02:00,NULL
WG226-YHZ-CUN-20260905,WG226-YHZ-CUN,9,RVM,Riviera Maya,SUNWING,Sunwing,MEXICO,Mexico,WG226,YHZ,Halifax,CUN,RSK,2026-08-30,Wk Aug 30,SUMMER,2026-09-05,09:30:00,189,0,189,110,0,110,79,58.2,59.0,78.0,690.00,665.00,207.00,182.00,-25.00,NULL,NULL,NULL,NULL,NULL,690.00,4.30,5.00,85.9,BlueJet Vacations,730.00,MapleAir Holidays,665.00,665.00,25.00,0.93689415895789052,Balanced,0,0,NULL,0,NULL,NULL,0,2026-06-08 09:00:00 +02:00,2026-06-08 09:00:00 +02:00,NULL
WG226-YHZ-CUN-20260912,WG226-YHZ-CUN,10,RVM,Riviera Maya,SUNWING,Sunwing,MEXICO,Mexico,WG226,YHZ,Halifax,CUN,RSK,2026-09-06,Wk Sep 6,FALL,2026-09-12,09:30:00,162,0,162,94,0,94,68,58.0,58.6,78.0,645.00,630.00,193.50,178.50,-15.00,NULL,NULL,NULL,NULL,NULL,645.00,1.24,5.00,24.8,BlueJet Vacations,670.00,MapleAir Holidays,680.00,670.00,-25.00,0.96904299947465222,Balanced,0,0,NULL,0,NULL,NULL,0,2026-06-08 09:00:00 +02:00,2026-06-08 09:00:00 +02:00,NULL
WG226-YHZ-CUN-20260919,WG226-YHZ-CUN,11,RVM,Riviera Maya,SUNWING,Sunwing,MEXICO,Mexico,WG226,YHZ,Halifax,CUN,RSK,2026-09-13,Wk Sep 13,FALL,2026-09-19,09:30:00,162,0,162,82,0,82,80,50.6,51.0,78.0,580.00,540.00,174.00,134.00,-40.00,NULL,NULL,NULL,NULL,NULL,580.00,3.73,5.00,74.6,SkyHoliday,535.00,Island Escape,555.00,535.00,45.00,0.92083104506440605,Balanced,0,0,NULL,0,NULL,NULL,0,2026-06-08 09:00:00 +02:00,2026-06-08 09:00:00 +02:00,NULL
WG226-YHZ-CUN-20260926,WG226-YHZ-CUN,12,RVM,Riviera Maya,SUNWING,Sunwing,MEXICO,Mexico,WG226,YHZ,Halifax,CUN,RSK,2026-09-20,Wk Sep 20,FALL,2026-09-26,09:30:00,150,0,150,62,0,62,88,41.3,41.3,78.0,585.00,575.00,175.50,165.50,-10.00,NULL,NULL,NULL,NULL,NULL,585.00,0.92,5.00,18.4,NorthStar Travel,565.00,Coastal Getaways,560.00,560.00,25.00,0.95552947742145100,Balanced,0,1,ROS_BELOW_TARGET,0,NULL,NULL,0,2026-06-08 09:00:00 +02:00,2026-06-08 09:00:00 +02:00,NULL
WG226-YHZ-CUN-20261003,WG226-YHZ-CUN,13,RVM,Riviera Maya,SUNWING,Sunwing,MEXICO,Mexico,WG226,YHZ,Halifax,CUN,RSK,2026-09-27,Wk Sep 27,FALL,2026-10-03,09:30:00,150,0,150,48,0,48,102,32.0,32.0,78.0,580.00,550.00,174.00,144.00,-30.00,NULL,NULL,NULL,NULL,NULL,580.00,1.40,5.00,27.9,Holiday Air,570.00,Resort Direct,615.00,570.00,10.00,0.95648257584026730,Balanced,0,1,ROS_BELOW_TARGET,0,NULL,NULL,0,2026-06-08 09:00:00 +02:00,2026-06-08 09:00:00 +02:00,NULL
WG226-YHZ-CUN-20261010,WG226-YHZ-CUN,14,RVM,Riviera Maya,SUNWING,Sunwing,MEXICO,Mexico,WG226,YHZ,Halifax,CUN,RSK,2026-10-04,Wk Oct 4,FALL,2026-10-10,09:30:00,186,0,186,73,0,73,113,39.2,39.2,78.0,595.00,585.00,178.50,168.50,-10.00,NULL,NULL,NULL,NULL,NULL,595.00,1.04,5.00,20.8,NorthStar Travel,585.00,Coastal Getaways,645.00,585.00,10.00,0.93111602562150531,Balanced,0,1,ROS_BELOW_TARGET,0,NULL,NULL,0,2026-06-08 09:00:00 +02:00,2026-06-08 09:00:00 +02:00,NULL
WG226-YHZ-CUN-20261017,WG226-YHZ-CUN,15,RVM,Riviera Maya,SUNWING,Sunwing,MEXICO,Mexico,WG226,YHZ,Halifax,CUN,RSK,2026-10-11,Wk Oct 11,FALL,2026-10-17,09:30:00,162,0,162,63,0,63,99,38.9,38.9,78.0,590.00,575.00,177.00,162.00,-15.00,NULL,NULL,NULL,NULL,NULL,590.00,1.23,5.00,24.6,Holiday Air,630.00,Resort Direct,565.00,565.00,25.00,0.92694871714997207,Balanced,0,0,NULL,0,NULL,NULL,0,2026-06-08 09:00:00 +02:00,2026-06-08 09:00:00 +02:00,NULL
WG226-YHZ-CUN-20261024,WG226-YHZ-CUN,16,RVM,Riviera Maya,SUNWING,Sunwing,MEXICO,Mexico,WG226,YHZ,Halifax,CUN,RSK,2026-10-18,Wk Oct 18,FALL,2026-10-24,09:30:00,150,0,150,42,0,42,108,28.0,28.0,78.0,565.00,555.00,169.50,159.50,-10.00,NULL,NULL,NULL,NULL,NULL,565.00,0.57,5.00,11.5,NorthStar Travel,545.00,Coastal Getaways,540.00,540.00,25.00,0.95905406635071366,Balanced,0,0,NULL,0,NULL,NULL,0,2026-06-08 09:00:00 +02:00,2026-06-08 09:00:00 +02:00,NULL
WG226-YHZ-CUN-20261031,WG226-YHZ-CUN,17,RVM,Riviera Maya,SUNWING,Sunwing,MEXICO,Mexico,WG226,YHZ,Halifax,CUN,RSK,2026-10-25,Wk Oct 25,FALL,2026-10-31,09:30:00,150,0,150,42,0,42,108,28.0,28.0,78.0,560.00,520.00,168.00,128.00,-40.00,NULL,NULL,NULL,NULL,NULL,560.00,0.74,5.00,14.8,BlueJet Vacations,540.00,MapleAir Holidays,580.00,540.00,20.00,0.95196504376215751,Balanced,0,0,NULL,0,NULL,NULL,0,2026-06-08 09:00:00 +02:00,2026-06-08 09:00:00 +02:00,NULL
WG226-YHZ-CUN-20261107,WG226-YHZ-CUN,18,RVM,Riviera Maya,SUNWING,Sunwing,MEXICO,Mexico,WG226,YHZ,Halifax,CUN,RSK,2026-11-01,Wk Nov 1,FALL,2026-11-07,09:30:00,180,0,180,48,0,48,132,26.7,26.7,78.0,545.00,530.00,163.50,148.50,-15.00,NULL,NULL,NULL,NULL,NULL,545.00,0.60,5.00,12.1,NorthStar Travel,515.00,Coastal Getaways,555.00,515.00,30.00,0.95835915930033977,Balanced,0,0,NULL,0,NULL,NULL,0,2026-06-08 09:00:00 +02:00,2026-06-08 09:00:00 +02:00,NULL
WG226-YHZ-CUN-20261114,WG226-YHZ-CUN,19,RVM,Riviera Maya,SUNWING,Sunwing,MEXICO,Mexico,WG226,YHZ,Halifax,CUN,RSK,2026-11-08,Wk Nov 8,FALL,2026-11-14,09:30:00,180,0,180,26,0,26,154,14.4,14.4,78.0,550.00,535.00,165.00,150.00,-15.00,NULL,NULL,NULL,NULL,NULL,550.00,1.00,5.00,20.0,SkyHoliday,505.00,Island Escape,585.00,505.00,45.00,0.92239548554314055,Balanced,0,0,NULL,0,NULL,NULL,0,2026-06-08 09:00:00 +02:00,2026-06-08 09:00:00 +02:00,NULL
WG226-YHZ-CUN-20261121,WG226-YHZ-CUN,20,RVM,Riviera Maya,SUNWING,Sunwing,MEXICO,Mexico,WG226,YHZ,Halifax,CUN,RSK,2026-11-15,Wk Nov 15,FALL,2026-11-21,09:30:00,189,0,189,32,0,32,157,16.9,16.9,78.0,510.00,480.00,153.00,123.00,-30.00,NULL,NULL,NULL,NULL,NULL,510.00,1.36,5.00,27.3,NorthStar Travel,525.00,Coastal Getaways,545.00,525.00,-15.00,0.95747223184090702,Balanced,1,0,NULL,0,NULL,NULL,0,2026-06-08 09:00:00 +02:00,2026-06-08 09:00:00 +02:00,NULL
WG226-YHZ-CUN-20261128,WG226-YHZ-CUN,21,RVM,Riviera Maya,SUNWING,Sunwing,MEXICO,Mexico,WG226,YHZ,Halifax,CUN,RSK,2026-11-22,Wk Nov 22,FALL,2026-11-28,09:30:00,186,0,186,27,0,27,159,14.5,14.5,78.0,545.00,515.00,163.50,133.50,-30.00,NULL,NULL,NULL,NULL,NULL,545.00,0.57,5.00,11.4,BlueJet Vacations,500.00,MapleAir Holidays,555.00,500.00,45.00,0.96354221239620708,Balanced,0,0,NULL,0,NULL,NULL,0,2026-06-08 09:00:00 +02:00,2026-06-08 09:00:00 +02:00,NULL
WG226-YHZ-CUN-20261205,WG226-YHZ-CUN,22,RVM,Riviera Maya,SUNWING,Sunwing,MEXICO,Mexico,WG226,YHZ,Halifax,CUN,RSK,2026-11-29,Wk Nov 29,FALL,2026-12-05,09:30:00,180,0,180,35,0,35,145,19.4,19.4,78.0,540.00,530.00,162.00,152.00,-10.00,NULL,NULL,NULL,NULL,NULL,540.00,1.50,5.00,30.0,Holiday Air,510.00,Resort Direct,515.00,510.00,30.00,0.94615113917423477,Balanced,0,0,NULL,0,NULL,NULL,0,2026-06-08 09:00:00 +02:00,2026-06-08 09:00:00 +02:00,NULL
WG226-YHZ-CUN-20261212,WG226-YHZ-CUN,23,RVM,Riviera Maya,SUNWING,Sunwing,MEXICO,Mexico,WG226,YHZ,Halifax,CUN,RSK,2026-12-06,Wk Dec 6,WINTER,2026-12-12,09:30:00,186,0,186,8,0,8,178,4.3,4.3,78.0,570.00,545.00,171.00,146.00,-25.00,NULL,NULL,NULL,NULL,NULL,570.00,0.12,5.00,2.3,BlueJet Vacations,525.00,MapleAir Holidays,545.00,525.00,45.00,0.93388543654966938,Balanced,0,0,NULL,0,NULL,NULL,0,2026-06-08 09:00:00 +02:00,2026-06-08 09:00:00 +02:00,NULL
WG226-YHZ-CUN-20261219,WG226-YHZ-CUN,24,RVM,Riviera Maya,SUNWING,Sunwing,MEXICO,Mexico,WG226,YHZ,Halifax,CUN,RSK,2026-12-13,Wk Dec 13,WINTER,2026-12-19,09:30:00,162,0,162,11,0,11,151,6.8,6.8,78.0,565.00,545.00,169.50,149.50,-20.00,NULL,NULL,NULL,NULL,NULL,565.00,0.42,5.00,8.4,BlueJet Vacations,535.00,MapleAir Holidays,575.00,535.00,30.00,0.93067981304729641,Balanced,0,1,ROS_BELOW_TARGET,0,NULL,NULL,0,2026-06-08 09:00:00 +02:00,2026-06-08 09:00:00 +02:00,NULL
WG233-YYZ-CUN-20260706,WG233-YYZ-CUN,1,RVM,Riviera Maya,SUNWING,Sunwing,MEXICO,Mexico,WG233,YYZ,Toronto,CUN,OWN,2026-07-05,Wk Jul 5,SUMMER,2026-07-06,13:45:00,210,18,228,205,16,221,7,96.9,100.0,78.0,775.00,805.00,263.50,293.50,30.00,1075.00,1114.00,387.00,426.00,39.00,796.72,8.12,5.00,162.5,SkyHoliday,755.00,Island Escape,795.00,755.00,20.00,0.94839084981179278,Balanced,0,1,LF_ABOVE_TARGET,0,NULL,NULL,1,2026-06-08 09:00:00 +02:00,2026-06-08 09:00:00 +02:00,RM Demo User
WG233-YYZ-CUN-20260713,WG233-YYZ-CUN,2,RVM,Riviera Maya,SUNWING,Sunwing,MEXICO,Mexico,WG233,YYZ,Toronto,CUN,OWN,2026-07-12,Wk Jul 12,SUMMER,2026-07-13,13:45:00,189,12,201,173,10,183,18,91.0,94.6,78.0,735.00,750.00,249.90,264.90,15.00,995.00,1014.50,358.20,377.70,19.50,749.21,2.98,5.00,59.6,BlueJet Vacations,750.00,MapleAir Holidays,785.00,750.00,-15.00,0.94833465446473408,Balanced,0,0,NULL,0,NULL,NULL,0,2026-06-08 09:00:00 +02:00,2026-06-08 09:00:00 +02:00,NULL
WG233-YYZ-CUN-20260720,WG233-YYZ-CUN,3,RVM,Riviera Maya,SUNWING,Sunwing,MEXICO,Mexico,WG233,YYZ,Toronto,CUN,OWN,2026-07-19,Wk Jul 19,SUMMER,2026-07-20,13:45:00,220,18,238,214,16,230,8,96.6,99.0,78.0,735.00,760.00,249.90,274.90,25.00,995.00,1027.50,358.20,390.70,32.50,753.09,7.86,5.00,157.3,SkyHoliday,760.00,Island Escape,745.00,745.00,-10.00,0.94334626275667455,Balanced,0,0,NULL,0,NULL,NULL,1,2026-06-08 09:00:00 +02:00,2026-06-08 09:00:00 +02:00,NULL
WG233-YYZ-CUN-20260727,WG233-YYZ-CUN,4,RVM,Riviera Maya,SUNWING,Sunwing,MEXICO,Mexico,WG233,YYZ,Toronto,CUN,OWN,2026-07-26,Wk Jul 26,SUMMER,2026-07-27,13:45:00,210,12,222,179,9,188,34,84.7,88.9,78.0,720.00,720.00,244.80,244.80,0.00,1020.00,1040.00,367.20,387.20,20.00,734.36,5.02,5.00,100.3,NorthStar Travel,745.00,Coastal Getaways,665.00,665.00,55.00,0.94617471659709895,Balanced,0,0,NULL,0,NULL,NULL,0,2026-06-08 09:00:00 +02:00,2026-06-08 09:00:00 +02:00,NULL
WG233-YYZ-CUN-20260803,WG233-YYZ-CUN,5,RVM,Riviera Maya,SUNWING,Sunwing,MEXICO,Mexico,WG233,YYZ,Toronto,CUN,OWN,2026-08-02,Wk Aug 2,SUMMER,2026-08-03,13:45:00,189,12,201,146,9,155,46,77.1,81.3,78.0,725.00,725.00,246.50,246.50,0.00,1025.00,1025.00,369.00,369.00,0.00,742.42,3.73,5.00,74.7,Holiday Air,695.00,Resort Direct,670.00,670.00,55.00,0.96985170551606448,Balanced,0,0,NULL,0,NULL,NULL,0,2026-06-08 09:00:00 +02:00,2026-06-08 09:00:00 +02:00,NULL
WG233-YYZ-CUN-20260810,WG233-YYZ-CUN,6,RVM,Riviera Maya,SUNWING,Sunwing,MEXICO,Mexico,WG233,YYZ,Toronto,CUN,OWN,2026-08-09,Wk Aug 9,SUMMER,2026-08-10,13:45:00,220,18,238,176,15,191,47,80.3,82.5,78.0,695.00,695.00,236.30,236.30,0.00,995.00,995.00,358.20,358.20,0.00,718.56,4.81,5.00,96.2,NorthStar Travel,720.00,Coastal Getaways,715.00,715.00,-20.00,0.96265218234735628,Balanced,0,0,NULL,0,NULL,NULL,0,2026-06-08 09:00:00 +02:00,2026-06-08 09:00:00 +02:00,NULL
WG233-YYZ-CUN-20260817,WG233-YYZ-CUN,7,RVM,Riviera Maya,SUNWING,Sunwing,MEXICO,Mexico,WG233,YYZ,Toronto,CUN,OWN,2026-08-16,Wk Aug 16,SUMMER,2026-08-17,13:45:00,189,12,201,136,8,144,57,71.6,73.1,78.0,700.00,700.00,238.00,238.00,0.00,1000.00,1020.00,360.00,380.00,20.00,716.67,3.47,5.00,69.4,SkyHoliday,680.00,Island Escape,735.00,680.00,20.00,0.95283271222150023,Balanced,0,0,NULL,0,NULL,NULL,0,2026-06-08 09:00:00 +02:00,2026-06-08 09:00:00 +02:00,NULL
WG233-YYZ-CUN-20260824,WG233-YYZ-CUN,8,RVM,Riviera Maya,SUNWING,Sunwing,MEXICO,Mexico,WG233,YYZ,Toronto,CUN,OWN,2026-08-23,Wk Aug 23,SUMMER,2026-08-24,13:45:00,210,18,228,174,15,189,39,82.9,83.8,78.0,730.00,710.00,248.20,228.20,-20.00,1030.00,1004.00,370.80,344.80,-26.00,753.81,2.34,5.00,46.7,BlueJet Vacations,685.00,MapleAir Holidays,705.00,685.00,45.00,0.96093400798262785,Balanced,0,1,ROS_BELOW_TARGET,0,NULL,NULL,0,2026-06-08 09:00:00 +02:00,2026-06-08 09:00:00 +02:00,RM Demo User
WG233-YYZ-CUN-20260831,WG233-YYZ-CUN,9,RVM,Riviera Maya,SUNWING,Sunwing,MEXICO,Mexico,WG233,YYZ,Toronto,CUN,OWN,2026-08-30,Wk Aug 30,SUMMER,2026-08-31,13:45:00,210,12,222,136,10,146,76,65.8,67.0,78.0,680.00,665.00,231.20,216.20,-15.00,940.00,920.50,338.40,318.90,-19.50,697.81,2.46,5.00,49.1,BlueJet Vacations,660.00,MapleAir Holidays,655.00,655.00,25.00,0.94339981928206140,Balanced,0,0,NULL,0,NULL,NULL,0,2026-06-08 09:00:00 +02:00,2026-06-08 09:00:00 +02:00,NULL
WG233-YYZ-CUN-20260907,WG233-YYZ-CUN,10,RVM,Riviera Maya,SUNWING,Sunwing,MEXICO,Mexico,WG233,YYZ,Toronto,CUN,OWN,2026-09-06,Wk Sep 6,FALL,2026-09-07,13:45:00,210,12,222,130,7,137,85,61.7,63.6,78.0,605.00,565.00,205.70,165.70,-40.00,1005.00,953.00,361.80,309.80,-52.00,625.44,2.12,5.00,42.4,BlueJet Vacations,620.00,MapleAir Holidays,625.00,620.00,-15.00,0.94313921866051009,Balanced,0,0,NULL,0,NULL,NULL,0,2026-06-08 09:00:00 +02:00,2026-06-08 09:00:00 +02:00,NULL
WG233-YYZ-CUN-20260914,WG233-YYZ-CUN,11,RVM,Riviera Maya,SUNWING,Sunwing,MEXICO,Mexico,WG233,YYZ,Toronto,CUN,OWN,2026-09-13,Wk Sep 13,FALL,2026-09-14,13:45:00,189,18,207,107,11,118,89,57.0,57.9,78.0,585.00,555.00,198.90,168.90,-30.00,885.00,846.00,318.60,279.60,-39.00,612.97,4.07,5.00,81.3,NorthStar Travel,610.00,Coastal Getaways,635.00,610.00,-25.00,0.94998891585982170,Balanced,0,0,NULL,0,NULL,NULL,0,2026-06-08 09:00:00 +02:00,2026-06-08 09:00:00 +02:00,NULL
WG233-YYZ-CUN-20260921,WG233-YYZ-CUN,12,RVM,Riviera Maya,SUNWING,Sunwing,MEXICO,Mexico,WG233,YYZ,Toronto,CUN,OWN,2026-09-20,Wk Sep 20,FALL,2026-09-21,13:45:00,210,16,226,94,8,102,124,45.1,45.5,78.0,555.00,515.00,188.70,148.70,-40.00,855.00,803.00,307.80,255.80,-52.00,578.53,1.03,5.00,20.6,BlueJet Vacations,535.00,MapleAir Holidays,530.00,530.00,25.00,0.96867459695402303,Balanced,0,1,ROS_BELOW_TARGET,0,NULL,NULL,0,2026-06-08 09:00:00 +02:00,2026-06-08 09:00:00 +02:00,NULL
WG233-YYZ-CUN-20260928,WG233-YYZ-CUN,13,RVM,Riviera Maya,SUNWING,Sunwing,MEXICO,Mexico,WG233,YYZ,Toronto,CUN,OWN,2026-09-27,Wk Sep 27,FALL,2026-09-28,13:45:00,220,12,232,94,5,99,133,42.7,42.7,78.0,545.00,530.00,185.30,170.30,-15.00,845.00,825.50,304.20,284.70,-19.50,560.15,3.82,5.00,76.3,NorthStar Travel,570.00,Coastal Getaways,540.00,540.00,5.00,0.96444225793351979,Balanced,0,1,ROS_BELOW_TARGET,0,NULL,NULL,0,2026-06-08 09:00:00 +02:00,2026-06-08 09:00:00 +02:00,RM Demo User
WG233-YYZ-CUN-20261005,WG233-YYZ-CUN,14,RVM,Riviera Maya,SUNWING,Sunwing,MEXICO,Mexico,WG233,YYZ,Toronto,CUN,OWN,2026-10-04,Wk Oct 4,FALL,2026-10-05,13:45:00,220,12,232,87,5,92,140,39.7,39.7,78.0,565.00,545.00,192.10,172.10,-20.00,965.00,939.00,347.40,321.40,-26.00,586.74,3.87,5.00,77.3,Holiday Air,580.00,Resort Direct,510.00,510.00,55.00,0.95491452441436198,Balanced,0,1,ROS_BELOW_TARGET,0,NULL,NULL,0,2026-06-08 09:00:00 +02:00,2026-06-08 09:00:00 +02:00,RM Demo User
WG233-YYZ-CUN-20261012,WG233-YYZ-CUN,15,RVM,Riviera Maya,SUNWING,Sunwing,MEXICO,Mexico,WG233,YYZ,Toronto,CUN,OWN,2026-10-11,Wk Oct 11,FALL,2026-10-12,13:45:00,210,16,226,82,5,87,139,38.5,38.5,78.0,555.00,530.00,188.70,163.70,-25.00,955.00,922.50,343.80,311.30,-32.50,577.99,2.33,5.00,46.7,NorthStar Travel,545.00,Coastal Getaways,530.00,530.00,25.00,0.92729280131399583,Balanced,0,1,ROS_BELOW_TARGET,0,NULL,NULL,0,2026-06-08 09:00:00 +02:00,2026-06-08 09:00:00 +02:00,RM Demo User
WG233-YYZ-CUN-20261019,WG233-YYZ-CUN,16,RVM,Riviera Maya,SUNWING,Sunwing,MEXICO,Mexico,WG233,YYZ,Toronto,CUN,OWN,2026-10-18,Wk Oct 18,FALL,2026-10-19,13:45:00,189,16,205,76,6,82,123,40.0,40.0,78.0,540.00,530.00,183.60,173.60,-10.00,840.00,827.00,302.40,289.40,-13.00,561.95,3.87,5.00,77.4,NorthStar Travel,530.00,Coastal Getaways,515.00,515.00,25.00,0.92922928442574371,Balanced,1,0,NULL,0,NULL,NULL,0,2026-06-08 09:00:00 +02:00,2026-06-08 09:00:00 +02:00,RM Demo User
WG233-YYZ-CUN-20261026,WG233-YYZ-CUN,17,RVM,Riviera Maya,SUNWING,Sunwing,MEXICO,Mexico,WG233,YYZ,Toronto,CUN,OWN,2026-10-25,Wk Oct 25,FALL,2026-10-26,13:45:00,220,16,236,84,7,91,145,38.6,38.6,78.0,535.00,505.00,181.90,151.90,-30.00,795.00,756.00,286.20,247.20,-39.00,555.00,2.15,5.00,43.1,BlueJet Vacations,490.00,MapleAir Holidays,585.00,490.00,45.00,0.94094892862323354,Balanced,0,0,NULL,0,NULL,NULL,0,2026-06-08 09:00:00 +02:00,2026-06-08 09:00:00 +02:00,NULL
WG233-YYZ-CUN-20261102,WG233-YYZ-CUN,18,RVM,Riviera Maya,SUNWING,Sunwing,MEXICO,Mexico,WG233,YYZ,Toronto,CUN,OWN,2026-11-01,Wk Nov 1,FALL,2026-11-02,13:45:00,220,16,236,80,3,83,153,35.2,35.2,78.0,555.00,535.00,188.70,168.70,-20.00,955.00,929.00,343.80,317.80,-26.00,569.46,3.11,5.00,62.1,Holiday Air,510.00,Resort Direct,590.00,510.00,45.00,0.93751805429370649,Balanced,0,1,ROS_BELOW_TARGET,0,NULL,NULL,0,2026-06-08 09:00:00 +02:00,2026-06-08 09:00:00 +02:00,AutoPilot Demo
WG233-YYZ-CUN-20261109,WG233-YYZ-CUN,19,RVM,Riviera Maya,SUNWING,Sunwing,MEXICO,Mexico,WG233,YYZ,Toronto,CUN,OWN,2026-11-08,Wk Nov 8,FALL,2026-11-09,13:45:00,210,12,222,51,3,54,168,24.3,24.3,78.0,515.00,475.00,175.10,135.10,-40.00,855.00,803.00,307.80,255.80,-52.00,533.89,1.22,5.00,24.5,SkyHoliday,540.00,Island Escape,535.00,535.00,-20.00,0.92539308233188622,Balanced,0,1,ROS_BELOW_TARGET,0,NULL,NULL,0,2026-06-08 09:00:00 +02:00,2026-06-08 09:00:00 +02:00,AutoPilot Demo
WG233-YYZ-CUN-20261116,WG233-YYZ-CUN,20,RVM,Riviera Maya,SUNWING,Sunwing,MEXICO,Mexico,WG233,YYZ,Toronto,CUN,OWN,2026-11-15,Wk Nov 15,FALL,2026-11-16,13:45:00,220,18,238,31,7,38,200,16.0,16.0,78.0,500.00,490.00,170.00,160.00,-10.00,900.00,887.00,324.00,311.00,-13.00,573.68,0.80,5.00,15.9,SkyHoliday,515.00,Island Escape,550.00,515.00,-15.00,0.94664473937059246,Balanced,0,0,NULL,0,NULL,NULL,0,2026-06-08 09:00:00 +02:00,2026-06-08 09:00:00 +02:00,NULL
WG233-YYZ-CUN-20261123,WG233-YYZ-CUN,21,RVM,Riviera Maya,SUNWING,Sunwing,MEXICO,Mexico,WG233,YYZ,Toronto,CUN,OWN,2026-11-22,Wk Nov 22,FALL,2026-11-23,13:45:00,220,12,232,42,3,45,187,19.4,19.4,78.0,515.00,475.00,175.10,135.10,-40.00,775.00,723.00,279.00,227.00,-52.00,532.33,0.66,5.00,13.2,NorthStar Travel,495.00,Coastal Getaways,460.00,460.00,55.00,0.96938570188838236,Balanced,1,0,NULL,0,NULL,NULL,0,2026-06-08 09:00:00 +02:00,2026-06-08 09:00:00 +02:00,RM Demo User
WG233-YYZ-CUN-20261130,WG233-YYZ-CUN,22,RVM,Riviera Maya,SUNWING,Sunwing,MEXICO,Mexico,WG233,YYZ,Toronto,CUN,OWN,2026-11-29,Wk Nov 29,FALL,2026-11-30,13:45:00,220,12,232,57,1,58,174,25.0,25.0,78.0,495.00,480.00,168.30,153.30,-15.00,755.00,735.50,271.80,252.30,-19.50,499.48,1.07,5.00,21.3,NorthStar Travel,520.00,Coastal Getaways,545.00,520.00,-25.00,0.94171585862105844,Balanced,0,0,NULL,1,RM review hold,2026-06-29,0,2026-06-08 09:00:00 +02:00,2026-06-08 09:00:00 +02:00,AutoPilot Demo
WG233-YYZ-CUN-20261207,WG233-YYZ-CUN,23,RVM,Riviera Maya,SUNWING,Sunwing,MEXICO,Mexico,WG233,YYZ,Toronto,CUN,OWN,2026-12-06,Wk Dec 6,WINTER,2026-12-07,13:45:00,189,12,201,36,2,38,163,18.9,18.9,78.0,565.00,540.00,192.10,167.10,-25.00,905.00,872.50,325.80,293.30,-32.50,582.89,1.16,5.00,23.3,NorthStar Travel,580.00,Coastal Getaways,540.00,540.00,25.00,0.95915109304000390,Balanced,0,0,NULL,0,NULL,NULL,0,2026-06-08 09:00:00 +02:00,2026-06-08 09:00:00 +02:00,NULL
WG233-YYZ-CUN-20261214,WG233-YYZ-CUN,24,RVM,Riviera Maya,SUNWING,Sunwing,MEXICO,Mexico,WG233,YYZ,Toronto,CUN,OWN,2026-12-13,Wk Dec 13,WINTER,2026-12-14,13:45:00,210,16,226,10,2,12,214,5.3,5.3,78.0,510.00,495.00,173.40,158.40,-15.00,850.00,830.50,306.00,286.50,-19.50,566.67,0.35,5.00,6.9,BlueJet Vacations,500.00,MapleAir Holidays,520.00,500.00,10.00,0.93471939236416424,Balanced,0,0,NULL,0,NULL,NULL,0,2026-06-08 09:00:00 +02:00,2026-06-08 09:00:00 +02:00,NULL
WG240-YUL-CUN-20260708,WG240-YUL-CUN,1,RVM,Riviera Maya,SUNWING,Sunwing,MEXICO,Mexico,WG240,YUL,Montreal,CUN,OWN,2026-07-05,Wk Jul 5,SUMMER,2026-07-08,16:20:00,210,16,226,164,13,177,49,78.3,84.5,78.0,740.00,790.00,251.60,301.60,50.00,1080.00,1145.00,388.80,453.80,65.00,764.97,8.20,5.00,164.0,SkyHoliday,765.00,Island Escape,685.00,685.00,55.00,0.95481463587203186,Balanced,0,0,NULL,0,NULL,NULL,0,2026-06-08 09:00:00 +02:00,2026-06-08 09:00:00 +02:00,NULL
WG240-YUL-CUN-20260715,WG240-YUL-CUN,2,RVM,Riviera Maya,SUNWING,Sunwing,MEXICO,Mexico,WG240,YUL,Montreal,CUN,OWN,2026-07-12,Wk Jul 12,SUMMER,2026-07-15,16:20:00,189,16,205,187,14,201,4,98.0,100.0,78.0,770.00,810.00,261.80,301.80,40.00,1030.00,1082.00,370.80,422.80,52.00,788.11,5.03,5.00,100.6,NorthStar Travel,760.00,Coastal Getaways,765.00,760.00,10.00,0.94609750611774013,Balanced,0,1,LF_ABOVE_TARGET,0,NULL,NULL,1,2026-06-08 09:00:00 +02:00,2026-06-08 09:00:00 +02:00,RM Demo User
WG240-YUL-CUN-20260722,WG240-YUL-CUN,3,RVM,Riviera Maya,SUNWING,Sunwing,MEXICO,Mexico,WG240,YUL,Montreal,CUN,OWN,2026-07-19,Wk Jul 19,SUMMER,2026-07-22,16:20:00,189,12,201,156,8,164,37,81.6,84.3,78.0,755.00,805.00,256.70,306.70,50.00,1055.00,1120.00,379.80,444.80,65.00,769.63,7.57,5.00,151.5,Holiday Air,795.00,Resort Direct,730.00,730.00,25.00,0.94553708717608687,Balanced,1,0,NULL,0,NULL,NULL,0,2026-06-08 09:00:00 +02:00,2026-06-08 09:00:00 +02:00,AutoPilot Demo
WG240-YUL-CUN-20260729,WG240-YUL-CUN,4,RVM,Riviera Maya,SUNWING,Sunwing,MEXICO,Mexico,WG240,YUL,Montreal,CUN,OWN,2026-07-26,Wk Jul 26,SUMMER,2026-07-29,16:20:00,189,16,205,139,14,153,52,74.6,76.9,78.0,725.00,725.00,246.50,246.50,0.00,1065.00,1065.00,383.40,383.40,0.00,756.11,4.77,5.00,95.3,BlueJet Vacations,680.00,MapleAir Holidays,760.00,680.00,45.00,0.95561008923303303,Balanced,0,0,NULL,0,NULL,NULL,0,2026-06-08 09:00:00 +02:00,2026-06-08 09:00:00 +02:00,NULL
WG240-YUL-CUN-20260805,WG240-YUL-CUN,5,RVM,Riviera Maya,SUNWING,Sunwing,MEXICO,Mexico,WG240,YUL,Montreal,CUN,OWN,2026-08-02,Wk Aug 2,SUMMER,2026-08-05,16:20:00,220,12,232,180,11,191,41,82.3,83.7,78.0,740.00,725.00,251.60,236.60,-15.00,1040.00,1020.50,374.40,354.90,-19.50,757.28,1.72,5.00,34.3,BlueJet Vacations,765.00,MapleAir Holidays,790.00,765.00,-25.00,0.96081491508901884,Balanced,0,1,ROS_BELOW_TARGET,0,NULL,NULL,0,2026-06-08 09:00:00 +02:00,2026-06-08 09:00:00 +02:00,AutoPilot Demo
WG240-YUL-CUN-20260812,WG240-YUL-CUN,6,RVM,Riviera Maya,SUNWING,Sunwing,MEXICO,Mexico,WG240,YUL,Montreal,CUN,OWN,2026-08-09,Wk Aug 9,SUMMER,2026-08-12,16:20:00,189,12,201,163,10,173,28,86.1,89.8,78.0,735.00,735.00,249.90,249.90,0.00,1035.00,1035.00,372.60,372.60,0.00,752.34,6.49,5.00,129.7,NorthStar Travel,775.00,Coastal Getaways,680.00,680.00,55.00,0.94035169140008334,Balanced,0,0,NULL,0,NULL,NULL,0,2026-06-08 09:00:00 +02:00,2026-06-08 09:00:00 +02:00,NULL
WG240-YUL-CUN-20260819,WG240-YUL-CUN,7,RVM,Riviera Maya,SUNWING,Sunwing,MEXICO,Mexico,WG240,YUL,Montreal,CUN,OWN,2026-08-16,Wk Aug 16,SUMMER,2026-08-19,16:20:00,189,16,205,142,13,155,50,75.6,79.1,78.0,755.00,755.00,256.70,256.70,0.00,1015.00,1015.00,365.40,365.40,0.00,776.81,5.15,5.00,102.9,Holiday Air,735.00,Resort Direct,805.00,735.00,20.00,0.92746843221773945,Balanced,0,0,NULL,0,NULL,NULL,0,2026-06-08 09:00:00 +02:00,2026-06-08 09:00:00 +02:00,NULL
WG240-YUL-CUN-20260826,WG240-YUL-CUN,8,RVM,Riviera Maya,SUNWING,Sunwing,MEXICO,Mexico,WG240,YUL,Montreal,CUN,OWN,2026-08-23,Wk Aug 23,SUMMER,2026-08-26,16:20:00,220,18,238,118,8,126,112,52.9,55.0,78.0,665.00,645.00,226.10,206.10,-20.00,1005.00,979.00,361.80,335.80,-26.00,686.59,1.59,5.00,31.8,SkyHoliday,635.00,Island Escape,660.00,635.00,30.00,0.97028524238173719,Balanced,0,1,ROS_BELOW_TARGET,0,NULL,NULL,0,2026-06-08 09:00:00 +02:00,2026-06-08 09:00:00 +02:00,AutoPilot Demo
WG240-YUL-CUN-20260902,WG240-YUL-CUN,9,RVM,Riviera Maya,SUNWING,Sunwing,MEXICO,Mexico,WG240,YUL,Montreal,CUN,OWN,2026-08-30,Wk Aug 30,SUMMER,2026-09-02,16:20:00,220,18,238,130,9,139,99,58.4,59.8,78.0,690.00,675.00,234.60,219.60,-15.00,1090.00,1070.50,392.40,372.90,-19.50,715.90,2.10,5.00,41.9,Holiday Air,645.00,Resort Direct,700.00,645.00,45.00,0.96818896034524338,Balanced,0,0,NULL,0,NULL,NULL,0,2026-06-08 09:00:00 +02:00,2026-06-08 09:00:00 +02:00,NULL
WG240-YUL-CUN-20260909,WG240-YUL-CUN,10,RVM,Riviera Maya,SUNWING,Sunwing,MEXICO,Mexico,WG240,YUL,Montreal,CUN,OWN,2026-09-06,Wk Sep 6,FALL,2026-09-09,16:20:00,220,12,232,129,6,135,97,58.2,59.2,78.0,595.00,585.00,202.30,192.30,-10.00,895.00,882.00,322.20,309.20,-13.00,608.33,5.38,5.00,107.6,BlueJet Vacations,550.00,MapleAir Holidays,540.00,540.00,55.00,0.95651750911536648,Balanced,0,1,ROS_BELOW_TARGET,0,NULL,NULL,0,2026-06-08 09:00:00 +02:00,2026-06-08 09:00:00 +02:00,RM Demo User
WG240-YUL-CUN-20260916,WG240-YUL-CUN,11,RVM,Riviera Maya,SUNWING,Sunwing,MEXICO,Mexico,WG240,YUL,Montreal,CUN,OWN,2026-09-13,Wk Sep 13,FALL,2026-09-16,16:20:00,210,16,226,120,9,129,97,57.1,57.9,78.0,635.00,625.00,215.90,205.90,-10.00,975.00,962.00,351.00,338.00,-13.00,658.72,5.75,5.00,115.1,SkyHoliday,650.00,Island Escape,685.00,650.00,-15.00,0.95178640809799209,Balanced,1,0,NULL,0,NULL,NULL,0,2026-06-08 09:00:00 +02:00,2026-06-08 09:00:00 +02:00,RM Demo User
WG240-YUL-CUN-20260923,WG240-YUL-CUN,12,RVM,Riviera Maya,SUNWING,Sunwing,MEXICO,Mexico,WG240,YUL,Montreal,CUN,OWN,2026-09-20,Wk Sep 20,FALL,2026-09-23,16:20:00,220,16,236,86,7,93,143,39.4,39.5,78.0,565.00,540.00,192.10,167.10,-25.00,905.00,872.50,325.80,293.30,-32.50,590.59,0.85,5.00,16.9,BlueJet Vacations,580.00,MapleAir Holidays,575.00,575.00,-10.00,0.93331566063017402,Balanced,0,1,ROS_BELOW_TARGET,0,NULL,NULL,0,2026-06-08 09:00:00 +02:00,2026-06-08 09:00:00 +02:00,NULL
WG240-YUL-CUN-20260930,WG240-YUL-CUN,13,RVM,Riviera Maya,SUNWING,Sunwing,MEXICO,Mexico,WG240,YUL,Montreal,CUN,OWN,2026-09-27,Wk Sep 27,FALL,2026-09-30,16:20:00,189,16,205,88,5,93,112,45.4,45.4,78.0,585.00,570.00,198.90,183.90,-15.00,925.00,905.50,333.00,313.50,-19.50,603.28,3.61,5.00,72.2,Holiday Air,575.00,Resort Direct,595.00,575.00,10.00,0.93314969320058871,Balanced,0,0,NULL,0,NULL,NULL,0,2026-06-08 09:00:00 +02:00,2026-06-08 09:00:00 +02:00,NULL
WG240-YUL-CUN-20261007,WG240-YUL-CUN,14,RVM,Riviera Maya,SUNWING,Sunwing,MEXICO,Mexico,WG240,YUL,Montreal,CUN,OWN,2026-10-04,Wk Oct 4,FALL,2026-10-07,16:20:00,189,16,205,63,5,68,137,33.2,33.2,78.0,540.00,500.00,183.60,143.60,-40.00,880.00,828.00,316.80,264.80,-52.00,565.00,0.85,5.00,16.9,SkyHoliday,520.00,Island Escape,575.00,520.00,20.00,0.94287517497581697,Balanced,0,1,ROS_BELOW_TARGET,0,NULL,NULL,0,2026-06-08 09:00:00 +02:00,2026-06-08 09:00:00 +02:00,AutoPilot Demo
WG240-YUL-CUN-20261014,WG240-YUL-CUN,15,RVM,Riviera Maya,SUNWING,Sunwing,MEXICO,Mexico,WG240,YUL,Montreal,CUN,OWN,2026-10-11,Wk Oct 11,FALL,2026-10-14,16:20:00,210,18,228,58,7,65,163,28.5,28.5,78.0,580.00,540.00,197.20,157.20,-40.00,880.00,828.00,316.80,264.80,-52.00,612.31,0.94,5.00,18.8,SkyHoliday,550.00,Island Escape,575.00,550.00,30.00,0.95766908505759296,Balanced,0,0,NULL,0,NULL,NULL,0,2026-06-08 09:00:00 +02:00,2026-06-08 09:00:00 +02:00,NULL
WG240-YUL-CUN-20261021,WG240-YUL-CUN,16,RVM,Riviera Maya,SUNWING,Sunwing,MEXICO,Mexico,WG240,YUL,Montreal,CUN,OWN,2026-10-18,Wk Oct 18,FALL,2026-10-21,16:20:00,220,16,236,70,8,78,158,33.1,33.1,78.0,550.00,525.00,187.00,162.00,-25.00,890.00,857.50,320.40,287.90,-32.50,584.87,2.30,5.00,46.0,SkyHoliday,530.00,Island Escape,600.00,530.00,20.00,0.94348888658608721,Balanced,0,1,ROS_BELOW_TARGET,0,NULL,NULL,0,2026-06-08 09:00:00 +02:00,2026-06-08 09:00:00 +02:00,NULL
WG240-YUL-CUN-20261028,WG240-YUL-CUN,17,RVM,Riviera Maya,SUNWING,Sunwing,MEXICO,Mexico,WG240,YUL,Montreal,CUN,OWN,2026-10-25,Wk Oct 25,FALL,2026-10-28,16:20:00,220,16,236,74,7,81,155,34.3,34.3,78.0,575.00,550.00,195.50,170.50,-25.00,835.00,802.50,300.60,268.10,-32.50,597.47,0.84,5.00,16.8,SkyHoliday,600.00,Island Escape,550.00,550.00,25.00,0.92583832146210931,Balanced,0,0,NULL,0,NULL,NULL,0,2026-06-08 09:00:00 +02:00,2026-06-08 09:00:00 +02:00,NULL
WG240-YUL-CUN-20261104,WG240-YUL-CUN,18,RVM,Riviera Maya,SUNWING,Sunwing,MEXICO,Mexico,WG240,YUL,Montreal,CUN,OWN,2026-11-01,Wk Nov 1,FALL,2026-11-04,16:20:00,220,12,232,60,3,63,169,27.2,27.2,78.0,550.00,535.00,187.00,172.00,-15.00,950.00,930.50,342.00,322.50,-19.50,569.05,1.74,5.00,34.9,BlueJet Vacations,565.00,MapleAir Holidays,495.00,495.00,55.00,0.97747820069811220,Balanced,0,0,NULL,0,NULL,NULL,0,2026-06-08 09:00:00 +02:00,2026-06-08 09:00:00 +02:00,NULL
WG240-YUL-CUN-20261111,WG240-YUL-CUN,19,RVM,Riviera Maya,SUNWING,Sunwing,MEXICO,Mexico,WG240,YUL,Montreal,CUN,OWN,2026-11-08,Wk Nov 8,FALL,2026-11-11,16:20:00,220,16,236,43,4,47,189,19.9,19.9,78.0,555.00,545.00,188.70,178.70,-10.00,955.00,942.00,343.80,330.80,-13.00,589.04,1.10,5.00,22.1,SkyHoliday,580.00,Island Escape,575.00,575.00,-20.00,0.94654508465875253,Balanced,0,0,NULL,0,NULL,NULL,0,2026-06-08 09:00:00 +02:00,2026-06-08 09:00:00 +02:00,NULL
WG240-YUL-CUN-20261118,WG240-YUL-CUN,20,RVM,Riviera Maya,SUNWING,Sunwing,MEXICO,Mexico,WG240,YUL,Montreal,CUN,OWN,2026-11-15,Wk Nov 15,FALL,2026-11-18,16:20:00,220,12,232,69,5,74,158,31.9,31.9,78.0,545.00,525.00,185.30,165.30,-20.00,845.00,819.00,304.20,278.20,-26.00,565.27,1.15,5.00,23.0,Holiday Air,515.00,Resort Direct,540.00,515.00,30.00,0.94875286300613793,Balanced,0,0,NULL,0,NULL,NULL,0,2026-06-08 09:00:00 +02:00,2026-06-08 09:00:00 +02:00,NULL
WG240-YUL-CUN-20261125,WG240-YUL-CUN,21,RVM,Riviera Maya,SUNWING,Sunwing,MEXICO,Mexico,WG240,YUL,Montreal,CUN,OWN,2026-11-22,Wk Nov 22,FALL,2026-11-25,16:20:00,220,16,236,55,4,59,177,25.0,25.0,78.0,515.00,495.00,175.10,155.10,-20.00,855.00,829.00,307.80,281.80,-26.00,538.05,1.56,5.00,31.2,NorthStar Travel,540.00,Coastal Getaways,535.00,535.00,-20.00,0.96403078162596001,Balanced,0,0,NULL,0,NULL,NULL,0,2026-06-08 09:00:00 +02:00,2026-06-08 09:00:00 +02:00,NULL
WG240-YUL-CUN-20261202,WG240-YUL-CUN,22,RVM,Riviera Maya,SUNWING,Sunwing,MEXICO,Mexico,WG240,YUL,Montreal,CUN,OWN,2026-11-29,Wk Nov 29,FALL,2026-12-02,16:20:00,189,18,207,39,2,41,166,19.8,19.8,78.0,500.00,470.00,170.00,140.00,-30.00,840.00,801.00,302.40,263.40,-39.00,516.59,1.24,5.00,24.9,BlueJet Vacations,525.00,MapleAir Holidays,510.00,510.00,-10.00,0.94015581796278114,Balanced,1,0,NULL,0,NULL,NULL,0,2026-06-08 09:00:00 +02:00,2026-06-08 09:00:00 +02:00,AutoPilot Demo
WG240-YUL-CUN-20261209,WG240-YUL-CUN,23,RVM,Riviera Maya,SUNWING,Sunwing,MEXICO,Mexico,WG240,YUL,Montreal,CUN,OWN,2026-12-06,Wk Dec 6,WINTER,2026-12-09,16:20:00,210,16,226,12,5,17,209,7.5,7.5,78.0,550.00,535.00,187.00,172.00,-15.00,850.00,830.50,306.00,286.50,-19.50,638.24,0.69,5.00,13.7,NorthStar Travel,575.00,Coastal Getaways,585.00,575.00,-25.00,0.95420969085782004,Balanced,0,0,NULL,0,NULL,NULL,0,2026-06-08 09:00:00 +02:00,2026-06-08 09:00:00 +02:00,NULL
WG240-YUL-CUN-20261216,WG240-YUL-CUN,24,RVM,Riviera Maya,SUNWING,Sunwing,MEXICO,Mexico,WG240,YUL,Montreal,CUN,OWN,2026-12-13,Wk Dec 13,WINTER,2026-12-16,16:20:00,189,18,207,26,2,28,179,13.5,13.5,78.0,540.00,530.00,183.60,173.60,-10.00,800.00,787.00,288.00,275.00,-13.00,558.57,0.36,5.00,7.2,Holiday Air,555.00,Resort Direct,515.00,515.00,25.00,0.94597053538676723,Balanced,0,0,NULL,0,NULL,NULL,0,2026-06-08 09:00:00 +02:00,2026-06-08 09:00:00 +02:00,NULL
WG247-YHZ-SJD-20260710,WG247-YHZ-SJD,1,SJD,Los Cabos,SUNWING,Sunwing,MEXICO,Mexico,WG247,YHZ,Halifax,SJD,RSK,2026-07-05,Wk Jul 5,SUMMER,2026-07-10,06:00:00,186,0,186,161,0,161,25,86.6,89.5,78.0,850.00,880.00,255.00,285.00,30.00,NULL,NULL,NULL,NULL,NULL,850.00,7.31,5.00,146.1,Holiday Air,865.00,Resort Direct,825.00,825.00,25.00,1.16178764363645137,Over-bedded,0,0,NULL,0,NULL,NULL,0,2026-06-08 09:00:00 +02:00,2026-06-08 09:00:00 +02:00,NULL
WG247-YHZ-SJD-20260717,WG247-YHZ-SJD,2,SJD,Los Cabos,SUNWING,Sunwing,MEXICO,Mexico,WG247,YHZ,Halifax,SJD,RSK,2026-07-12,Wk Jul 12,SUMMER,2026-07-17,06:00:00,189,0,189,166,0,166,23,87.8,92.9,78.0,875.00,935.00,262.50,322.50,60.00,NULL,NULL,NULL,NULL,NULL,875.00,6.43,5.00,128.6,NorthStar Travel,865.00,Coastal Getaways,885.00,865.00,10.00,1.17221361999430340,Over-bedded,0,1,LF_ABOVE_TARGET,0,NULL,NULL,0,2026-06-08 09:00:00 +02:00,2026-06-08 09:00:00 +02:00,NULL
WG247-YHZ-SJD-20260724,WG247-YHZ-SJD,3,SJD,Los Cabos,SUNWING,Sunwing,MEXICO,Mexico,WG247,YHZ,Halifax,SJD,RSK,2026-07-19,Wk Jul 19,SUMMER,2026-07-24,06:00:00,189,0,189,133,0,133,56,70.4,75.4,78.0,830.00,850.00,249.00,269.00,20.00,NULL,NULL,NULL,NULL,NULL,830.00,7.31,5.00,146.2,Holiday Air,870.00,Resort Direct,825.00,825.00,5.00,1.18039053729748433,Over-bedded,0,0,NULL,0,NULL,NULL,0,2026-06-08 09:00:00 +02:00,2026-06-08 09:00:00 +02:00,NULL
WG247-YHZ-SJD-20260731,WG247-YHZ-SJD,4,SJD,Los Cabos,SUNWING,Sunwing,MEXICO,Mexico,WG247,YHZ,Halifax,SJD,RSK,2026-07-26,Wk Jul 26,SUMMER,2026-07-31,06:00:00,174,0,174,134,0,134,40,77.0,80.3,78.0,850.00,850.00,255.00,255.00,0.00,NULL,NULL,NULL,NULL,NULL,850.00,6.12,5.00,122.4,Holiday Air,820.00,Resort Direct,825.00,820.00,30.00,1.17627922383557415,Over-bedded,0,0,NULL,0,NULL,NULL,0,2026-06-08 09:00:00 +02:00,2026-06-08 09:00:00 +02:00,NULL
WG247-YHZ-SJD-20260807,WG247-YHZ-SJD,5,SJD,Los Cabos,SUNWING,Sunwing,MEXICO,Mexico,WG247,YHZ,Halifax,SJD,RSK,2026-08-02,Wk Aug 2,SUMMER,2026-08-07,06:00:00,180,0,180,130,0,130,50,72.2,75.1,78.0,840.00,840.00,252.00,252.00,0.00,NULL,NULL,NULL,NULL,NULL,840.00,4.96,5.00,99.3,NorthStar Travel,880.00,Coastal Getaways,890.00,880.00,-40.00,1.19000703584009737,Over-bedded,0,0,NULL,0,NULL,NULL,0,2026-06-08 09:00:00 +02:00,2026-06-08 09:00:00 +02:00,NULL
WG247-YHZ-SJD-20260814,WG247-YHZ-SJD,6,SJD,Los Cabos,SUNWING,Sunwing,MEXICO,Mexico,WG247,YHZ,Halifax,SJD,RSK,2026-08-09,Wk Aug 9,SUMMER,2026-08-14,06:00:00,162,0,162,120,0,120,42,74.1,77.5,78.0,815.00,775.00,244.50,204.50,-40.00,NULL,NULL,NULL,NULL,NULL,815.00,2.58,5.00,51.6,NorthStar Travel,770.00,Coastal Getaways,825.00,770.00,45.00,1.19139703033993860,Over-bedded,0,0,NULL,1,RM review hold,2026-06-22,0,2026-06-08 09:00:00 +02:00,2026-06-08 09:00:00 +02:00,RM Demo User
WG247-YHZ-SJD-20260821,WG247-YHZ-SJD,7,SJD,Los Cabos,SUNWING,Sunwing,MEXICO,Mexico,WG247,YHZ,Halifax,SJD,RSK,2026-08-16,Wk Aug 16,SUMMER,2026-08-21,06:00:00,174,0,174,105,0,105,69,60.3,62.2,78.0,815.00,815.00,244.50,244.50,0.00,NULL,NULL,NULL,NULL,NULL,815.00,4.92,5.00,98.5,NorthStar Travel,830.00,Coastal Getaways,790.00,790.00,25.00,1.17728606924664003,Over-bedded,0,0,NULL,0,NULL,NULL,0,2026-06-08 09:00:00 +02:00,2026-06-08 09:00:00 +02:00,NULL
WG247-YHZ-SJD-20260828,WG247-YHZ-SJD,8,SJD,Los Cabos,SUNWING,Sunwing,MEXICO,Mexico,WG247,YHZ,Halifax,SJD,RSK,2026-08-23,Wk Aug 23,SUMMER,2026-08-28,06:00:00,150,0,150,75,0,75,75,50.0,51.2,78.0,785.00,745.00,235.50,195.50,-40.00,NULL,NULL,NULL,NULL,NULL,785.00,1.58,5.00,31.6,SkyHoliday,740.00,Island Escape,760.00,740.00,45.00,1.16487358089465420,Over-bedded,0,1,ROS_BELOW_TARGET,0,NULL,NULL,0,2026-06-08 09:00:00 +02:00,2026-06-08 09:00:00 +02:00,RM Demo User
WG247-YHZ-SJD-20260904,WG247-YHZ-SJD,9,SJD,Los Cabos,SUNWING,Sunwing,MEXICO,Mexico,WG247,YHZ,Halifax,SJD,RSK,2026-08-30,Wk Aug 30,SUMMER,2026-09-04,06:00:00,189,0,189,108,0,108,81,57.1,58.2,78.0,810.00,795.00,243.00,228.00,-15.00,NULL,NULL,NULL,NULL,NULL,810.00,1.89,5.00,37.8,BlueJet Vacations,765.00,MapleAir Holidays,845.00,765.00,45.00,1.18110284960765877,Over-bedded,0,0,NULL,0,NULL,NULL,0,2026-06-08 09:00:00 +02:00,2026-06-08 09:00:00 +02:00,NULL
WG247-YHZ-SJD-20260911,WG247-YHZ-SJD,10,SJD,Los Cabos,SUNWING,Sunwing,MEXICO,Mexico,WG247,YHZ,Halifax,SJD,RSK,2026-09-06,Wk Sep 6,FALL,2026-09-11,06:00:00,186,0,186,81,0,81,105,43.5,44.2,78.0,655.00,645.00,196.50,186.50,-10.00,NULL,NULL,NULL,NULL,NULL,655.00,1.08,5.00,21.5,BlueJet Vacations,680.00,MapleAir Holidays,630.00,630.00,25.00,1.18538451640954667,Over-bedded,0,0,NULL,1,RM review hold,2026-06-15,0,2026-06-08 09:00:00 +02:00,2026-06-08 09:00:00 +02:00,NULL
WG247-YHZ-SJD-20260918,WG247-YHZ-SJD,11,SJD,Los Cabos,SUNWING,Sunwing,MEXICO,Mexico,WG247,YHZ,Halifax,SJD,RSK,2026-09-13,Wk Sep 13,FALL,2026-09-18,06:00:00,150,0,150,60,0,60,90,40.0,40.3,78.0,675.00,650.00,202.50,177.50,-25.00,NULL,NULL,NULL,NULL,NULL,675.00,3.23,5.00,64.6,BlueJet Vacations,700.00,MapleAir Holidays,710.00,700.00,-25.00,1.20684193925190453,Over-bedded,0,0,NULL,0,NULL,NULL,0,2026-06-08 09:00:00 +02:00,2026-06-08 09:00:00 +02:00,NULL
WG247-YHZ-SJD-20260925,WG247-YHZ-SJD,12,SJD,Los Cabos,SUNWING,Sunwing,MEXICO,Mexico,WG247,YHZ,Halifax,SJD,RSK,2026-09-20,Wk Sep 20,FALL,2026-09-25,06:00:00,174,0,174,65,0,65,109,37.4,37.4,78.0,695.00,670.00,208.50,183.50,-25.00,NULL,NULL,NULL,NULL,NULL,695.00,3.69,5.00,73.9,BlueJet Vacations,665.00,MapleAir Holidays,670.00,665.00,30.00,1.18372121727653656,Over-bedded,0,0,NULL,0,NULL,NULL,0,2026-06-08 09:00:00 +02:00,2026-06-08 09:00:00 +02:00,NULL
WG247-YHZ-SJD-20261002,WG247-YHZ-SJD,13,SJD,Los Cabos,SUNWING,Sunwing,MEXICO,Mexico,WG247,YHZ,Halifax,SJD,RSK,2026-09-27,Wk Sep 27,FALL,2026-10-02,06:00:00,174,0,174,47,0,47,127,27.0,27.0,78.0,655.00,640.00,196.50,181.50,-15.00,NULL,NULL,NULL,NULL,NULL,655.00,2.69,5.00,53.7,SkyHoliday,695.00,Island Escape,665.00,665.00,-10.00,1.17764500477125589,Over-bedded,0,0,NULL,0,NULL,NULL,0,2026-06-08 09:00:00 +02:00,2026-06-08 09:00:00 +02:00,NULL
WG247-YHZ-SJD-20261009,WG247-YHZ-SJD,14,SJD,Los Cabos,SUNWING,Sunwing,MEXICO,Mexico,WG247,YHZ,Halifax,SJD,RSK,2026-10-04,Wk Oct 4,FALL,2026-10-09,06:00:00,174,0,174,57,0,57,117,32.8,32.8,78.0,660.00,620.00,198.00,158.00,-40.00,NULL,NULL,NULL,NULL,NULL,660.00,1.33,5.00,26.5,BlueJet Vacations,700.00,MapleAir Holidays,605.00,605.00,55.00,1.20634165346977640,Over-bedded,0,0,NULL,0,NULL,NULL,0,2026-06-08 09:00:00 +02:00,2026-06-08 09:00:00 +02:00,NULL
WG247-YHZ-SJD-20261016,WG247-YHZ-SJD,15,SJD,Los Cabos,SUNWING,Sunwing,MEXICO,Mexico,WG247,YHZ,Halifax,SJD,RSK,2026-10-11,Wk Oct 11,FALL,2026-10-16,06:00:00,174,0,174,46,0,46,128,26.4,26.4,78.0,690.00,675.00,207.00,192.00,-15.00,NULL,NULL,NULL,NULL,NULL,690.00,2.56,5.00,51.2,BlueJet Vacations,730.00,MapleAir Holidays,725.00,725.00,-35.00,1.19084682151390275,Over-bedded,0,1,ROS_BELOW_TARGET,0,NULL,NULL,0,2026-06-08 09:00:00 +02:00,2026-06-08 09:00:00 +02:00,NULL
WG247-YHZ-SJD-20261023,WG247-YHZ-SJD,16,SJD,Los Cabos,SUNWING,Sunwing,MEXICO,Mexico,WG247,YHZ,Halifax,SJD,RSK,2026-10-18,Wk Oct 18,FALL,2026-10-23,06:00:00,174,0,174,36,0,36,138,20.7,20.7,78.0,640.00,615.00,192.00,167.00,-25.00,NULL,NULL,NULL,NULL,NULL,640.00,1.63,5.00,32.6,Holiday Air,665.00,Resort Direct,585.00,585.00,55.00,1.17305405478209779,Over-bedded,0,0,NULL,0,NULL,NULL,0,2026-06-08 09:00:00 +02:00,2026-06-08 09:00:00 +02:00,NULL
WG247-YHZ-SJD-20261030,WG247-YHZ-SJD,17,SJD,Los Cabos,SUNWING,Sunwing,MEXICO,Mexico,WG247,YHZ,Halifax,SJD,RSK,2026-10-25,Wk Oct 25,FALL,2026-10-30,06:00:00,180,0,180,44,0,44,136,24.4,24.4,78.0,655.00,640.00,196.50,181.50,-15.00,NULL,NULL,NULL,NULL,NULL,655.00,0.65,5.00,13.1,SkyHoliday,645.00,Island Escape,650.00,645.00,10.00,1.16233789978353785,Over-bedded,0,1,ROS_BELOW_TARGET,0,NULL,NULL,0,2026-06-08 09:00:00 +02:00,2026-06-08 09:00:00 +02:00,AutoPilot Demo
WG247-YHZ-SJD-20261106,WG247-YHZ-SJD,18,SJD,Los Cabos,SUNWING,Sunwing,MEXICO,Mexico,WG247,YHZ,Halifax,SJD,RSK,2026-11-01,Wk Nov 1,FALL,2026-11-06,06:00:00,174,0,174,33,0,33,141,19.0,19.0,78.0,625.00,600.00,187.50,162.50,-25.00,NULL,NULL,NULL,NULL,NULL,625.00,1.57,5.00,31.3,Holiday Air,640.00,Resort Direct,675.00,640.00,-15.00,1.19937910172010720,Over-bedded,0,1,ROS_BELOW_TARGET,0,NULL,NULL,0,2026-06-08 09:00:00 +02:00,2026-06-08 09:00:00 +02:00,AutoPilot Demo
WG247-YHZ-SJD-20261113,WG247-YHZ-SJD,19,SJD,Los Cabos,SUNWING,Sunwing,MEXICO,Mexico,WG247,YHZ,Halifax,SJD,RSK,2026-11-08,Wk Nov 8,FALL,2026-11-13,06:00:00,150,0,150,28,0,28,122,18.7,18.7,78.0,645.00,630.00,193.50,178.50,-15.00,NULL,NULL,NULL,NULL,NULL,645.00,0.88,5.00,17.6,BlueJet Vacations,600.00,MapleAir Holidays,680.00,600.00,45.00,1.19518817234948305,Over-bedded,0,1,ROS_BELOW_TARGET,0,NULL,NULL,0,2026-06-08 09:00:00 +02:00,2026-06-08 09:00:00 +02:00,NULL
WG247-YHZ-SJD-20261120,WG247-YHZ-SJD,20,SJD,Los Cabos,SUNWING,Sunwing,MEXICO,Mexico,WG247,YHZ,Halifax,SJD,RSK,2026-11-15,Wk Nov 15,FALL,2026-11-20,06:00:00,150,0,150,26,0,26,124,17.3,17.3,78.0,615.00,575.00,184.50,144.50,-40.00,NULL,NULL,NULL,NULL,NULL,615.00,1.03,5.00,20.6,Holiday Air,655.00,Resort Direct,590.00,590.00,25.00,1.17823992665649935,Over-bedded,0,0,NULL,0,NULL,NULL,0,2026-06-08 09:00:00 +02:00,2026-06-08 09:00:00 +02:00,NULL
WG247-YHZ-SJD-20261127,WG247-YHZ-SJD,21,SJD,Los Cabos,SUNWING,Sunwing,MEXICO,Mexico,WG247,YHZ,Halifax,SJD,RSK,2026-11-22,Wk Nov 22,FALL,2026-11-27,06:00:00,162,0,162,21,0,21,141,13.0,13.0,78.0,590.00,580.00,177.00,167.00,-10.00,NULL,NULL,NULL,NULL,NULL,590.00,0.80,5.00,16.0,NorthStar Travel,545.00,Coastal Getaways,640.00,545.00,45.00,1.18848032566016903,Over-bedded,0,0,NULL,1,RM review hold,2026-07-06,0,2026-06-08 09:00:00 +02:00,2026-06-08 09:00:00 +02:00,RM Demo User
WG247-YHZ-SJD-20261204,WG247-YHZ-SJD,22,SJD,Los Cabos,SUNWING,Sunwing,MEXICO,Mexico,WG247,YHZ,Halifax,SJD,RSK,2026-11-29,Wk Nov 29,FALL,2026-12-04,06:00:00,174,0,174,41,0,41,133,23.6,23.6,78.0,615.00,605.00,184.50,174.50,-10.00,NULL,NULL,NULL,NULL,NULL,615.00,0.92,5.00,18.5,NorthStar Travel,595.00,Coastal Getaways,610.00,595.00,20.00,1.16548121545983352,Over-bedded,0,1,ROS_BELOW_TARGET,0,NULL,NULL,0,2026-06-08 09:00:00 +02:00,2026-06-08 09:00:00 +02:00,AutoPilot Demo
WG247-YHZ-SJD-20261211,WG247-YHZ-SJD,23,SJD,Los Cabos,SUNWING,Sunwing,MEXICO,Mexico,WG247,YHZ,Halifax,SJD,RSK,2026-12-06,Wk Dec 6,WINTER,2026-12-11,06:00:00,174,0,174,14,0,14,160,8.0,8.0,78.0,665.00,655.00,199.50,189.50,-10.00,NULL,NULL,NULL,NULL,NULL,665.00,0.80,5.00,16.0,NorthStar Travel,635.00,Coastal Getaways,675.00,635.00,30.00,1.18555733070107450,Over-bedded,0,0,NULL,0,NULL,NULL,0,2026-06-08 09:00:00 +02:00,2026-06-08 09:00:00 +02:00,NULL
WG247-YHZ-SJD-20261218,WG247-YHZ-SJD,24,SJD,Los Cabos,SUNWING,Sunwing,MEXICO,Mexico,WG247,YHZ,Halifax,SJD,RSK,2026-12-13,Wk Dec 13,WINTER,2026-12-18,06:00:00,186,0,186,18,0,18,168,9.7,9.7,78.0,635.00,620.00,190.50,175.50,-15.00,NULL,NULL,NULL,NULL,NULL,635.00,0.54,5.00,10.8,NorthStar Travel,650.00,Coastal Getaways,610.00,610.00,25.00,1.17327776308300957,Over-bedded,0,0,NULL,0,NULL,NULL,0,2026-06-08 09:00:00 +02:00,2026-06-08 09:00:00 +02:00,NULL
WG254-YYZ-SJD-20260705,WG254-YYZ-SJD,1,SJD,Los Cabos,SUNWING,Sunwing,MEXICO,Mexico,WG254,YYZ,Toronto,SJD,OWN,2026-07-05,Wk Jul 5,SUMMER,2026-07-05,06:00:00,174,12,186,147,9,156,30,83.9,85.9,78.0,805.00,830.00,273.70,298.70,25.00,1205.00,1237.50,433.80,466.30,32.50,828.08,7.36,5.00,147.3,BlueJet Vacations,795.00,MapleAir Holidays,800.00,795.00,10.00,1.17222790809740629,Over-bedded,1,0,NULL,0,NULL,NULL,0,2026-06-08 09:00:00 +02:00,2026-06-08 09:00:00 +02:00,NULL
WG254-YYZ-SJD-20260712,WG254-YYZ-SJD,2,SJD,Los Cabos,SUNWING,Sunwing,MEXICO,Mexico,WG254,YYZ,Toronto,SJD,OWN,2026-07-12,Wk Jul 12,SUMMER,2026-07-12,06:00:00,174,18,192,150,16,166,26,86.5,93.5,78.0,810.00,870.00,275.40,335.40,60.00,1210.00,1288.00,435.60,513.60,78.00,848.55,8.68,5.00,173.7,Holiday Air,765.00,Resort Direct,845.00,765.00,45.00,1.19646970291633670,Over-bedded,0,0,NULL,0,NULL,NULL,0,2026-06-08 09:00:00 +02:00,2026-06-08 09:00:00 +02:00,NULL
WG254-YYZ-SJD-20260719,WG254-YYZ-SJD,3,SJD,Los Cabos,SUNWING,Sunwing,MEXICO,Mexico,WG254,YYZ,Toronto,SJD,OWN,2026-07-19,Wk Jul 19,SUMMER,2026-07-19,06:00:00,162,18,180,134,13,147,33,81.7,86.0,78.0,805.00,790.00,273.70,258.70,-15.00,1145.00,1125.50,412.20,392.70,-19.50,835.07,2.10,5.00,42.1,BlueJet Vacations,820.00,MapleAir Holidays,750.00,750.00,55.00,1.17565686127930147,Over-bedded,0,1,ROS_BELOW_TARGET,0,NULL,NULL,0,2026-06-08 09:00:00 +02:00,2026-06-08 09:00:00 +02:00,RM Demo User
WG254-YYZ-SJD-20260726,WG254-YYZ-SJD,4,SJD,Los Cabos,SUNWING,Sunwing,MEXICO,Mexico,WG254,YYZ,Toronto,SJD,OWN,2026-07-26,Wk Jul 26,SUMMER,2026-07-26,06:00:00,174,18,192,134,12,146,46,76.0,78.3,78.0,810.00,810.00,275.40,275.40,0.00,1110.00,1110.00,399.60,399.60,0.00,834.66,5.78,5.00,115.7,BlueJet Vacations,790.00,MapleAir Holidays,755.00,755.00,55.00,1.20370588365690900,Over-bedded,0,0,NULL,0,NULL,NULL,0,2026-06-08 09:00:00 +02:00,2026-06-08 09:00:00 +02:00,NULL
WG254-YYZ-SJD-20260802,WG254-YYZ-SJD,5,SJD,Los Cabos,SUNWING,Sunwing,MEXICO,Mexico,WG254,YYZ,Toronto,SJD,OWN,2026-08-02,Wk Aug 2,SUMMER,2026-08-02,06:00:00,162,12,174,149,11,160,14,92.0,96.8,78.0,855.00,890.00,290.70,325.70,35.00,1115.00,1160.50,401.40,446.90,45.50,872.88,8.63,5.00,172.7,BlueJet Vacations,870.00,MapleAir Holidays,850.00,850.00,5.00,1.18590773732370747,Over-bedded,0,0,NULL,0,NULL,NULL,0,2026-06-08 09:00:00 +02:00,2026-06-08 09:00:00 +02:00,NULL
WG254-YYZ-SJD-20260809,WG254-YYZ-SJD,6,SJD,Los Cabos,SUNWING,Sunwing,MEXICO,Mexico,WG254,YYZ,Toronto,SJD,OWN,2026-08-09,Wk Aug 9,SUMMER,2026-08-09,06:00:00,174,12,186,125,9,134,52,72.0,76.8,78.0,800.00,810.00,272.00,282.00,10.00,1060.00,1073.00,381.60,394.60,13.00,817.46,6.42,5.00,128.3,NorthStar Travel,780.00,Coastal Getaways,850.00,780.00,20.00,1.16428739572915085,Over-bedded,0,0,NULL,0,NULL,NULL,0,2026-06-08 09:00:00 +02:00,2026-06-08 09:00:00 +02:00,NULL
WG254-YYZ-SJD-20260816,WG254-YYZ-SJD,7,SJD,Los Cabos,SUNWING,Sunwing,MEXICO,Mexico,WG254,YYZ,Toronto,SJD,OWN,2026-08-16,Wk Aug 16,SUMMER,2026-08-16,06:00:00,174,18,192,119,14,133,59,69.3,72.6,78.0,790.00,790.00,268.60,268.60,0.00,1190.00,1190.00,428.40,428.40,0.00,832.11,5.79,5.00,115.8,NorthStar Travel,830.00,Coastal Getaways,810.00,810.00,-20.00,1.17603035865418293,Over-bedded,0,0,NULL,0,NULL,NULL,0,2026-06-08 09:00:00 +02:00,2026-06-08 09:00:00 +02:00,NULL
WG254-YYZ-SJD-20260823,WG254-YYZ-SJD,8,SJD,Los Cabos,SUNWING,Sunwing,MEXICO,Mexico,WG254,YYZ,Toronto,SJD,OWN,2026-08-23,Wk Aug 23,SUMMER,2026-08-23,06:00:00,162,12,174,92,6,98,76,56.3,58.3,78.0,765.00,735.00,260.10,230.10,-30.00,1025.00,986.00,369.00,330.00,-39.00,780.92,3.70,5.00,74.0,SkyHoliday,735.00,Island Escape,740.00,735.00,30.00,1.16740782096762796,Over-bedded,1,0,NULL,0,NULL,NULL,0,2026-06-08 09:00:00 +02:00,2026-06-08 09:00:00 +02:00,AutoPilot Demo
WG254-YYZ-SJD-20260830,WG254-YYZ-SJD,9,SJD,Los Cabos,SUNWING,Sunwing,MEXICO,Mexico,WG254,YYZ,Toronto,SJD,OWN,2026-08-30,Wk Aug 30,SUMMER,2026-08-30,06:00:00,189,12,201,113,7,120,81,59.7,61.6,78.0,780.00,750.00,265.20,235.20,-30.00,1180.00,1141.00,424.80,385.80,-39.00,803.33,1.23,5.00,24.7,SkyHoliday,805.00,Island Escape,775.00,775.00,5.00,1.17821867115062817,Over-bedded,0,0,NULL,0,NULL,NULL,0,2026-06-08 09:00:00 +02:00,2026-06-08 09:00:00 +02:00,NULL
WG254-YYZ-SJD-20260906,WG254-YYZ-SJD,10,SJD,Los Cabos,SUNWING,Sunwing,MEXICO,Mexico,WG254,YYZ,Toronto,SJD,OWN,2026-09-06,Wk Sep 6,FALL,2026-09-06,06:00:00,189,12,201,112,6,118,83,58.7,59.9,78.0,685.00,675.00,232.90,222.90,-10.00,985.00,972.00,354.60,341.60,-13.00,700.25,2.21,5.00,44.1,BlueJet Vacations,665.00,MapleAir Holidays,680.00,665.00,20.00,1.17595031928452931,Over-bedded,0,0,NULL,0,NULL,NULL,0,2026-06-08 09:00:00 +02:00,2026-06-08 09:00:00 +02:00,NULL
WG254-YYZ-SJD-20260913,WG254-YYZ-SJD,11,SJD,Los Cabos,SUNWING,Sunwing,MEXICO,Mexico,WG254,YYZ,Toronto,SJD,OWN,2026-09-13,Wk Sep 13,FALL,2026-09-13,06:00:00,180,16,196,112,9,121,75,61.7,62.9,78.0,695.00,680.00,236.30,221.30,-15.00,1035.00,1015.50,372.60,353.10,-19.50,720.29,2.53,5.00,50.7,BlueJet Vacations,665.00,MapleAir Holidays,670.00,665.00,30.00,1.19652836398279927,Over-bedded,0,1,ROS_BELOW_TARGET,0,NULL,NULL,0,2026-06-08 09:00:00 +02:00,2026-06-08 09:00:00 +02:00,RM Demo User
WG254-YYZ-SJD-20260920,WG254-YYZ-SJD,12,SJD,Los Cabos,SUNWING,Sunwing,MEXICO,Mexico,WG254,YYZ,Toronto,SJD,OWN,2026-09-20,Wk Sep 20,FALL,2026-09-20,06:00:00,189,12,201,93,6,99,102,49.3,49.5,78.0,640.00,615.00,217.60,192.60,-25.00,1040.00,1007.50,374.40,341.90,-32.50,664.24,1.32,5.00,26.4,NorthStar Travel,680.00,Coastal Getaways,615.00,615.00,25.00,1.18831678819386966,Over-bedded,0,1,ROS_BELOW_TARGET,0,NULL,NULL,0,2026-06-08 09:00:00 +02:00,2026-06-08 09:00:00 +02:00,NULL
WG254-YYZ-SJD-20260927,WG254-YYZ-SJD,13,SJD,Los Cabos,SUNWING,Sunwing,MEXICO,Mexico,WG254,YYZ,Toronto,SJD,OWN,2026-09-27,Wk Sep 27,FALL,2026-09-27,06:00:00,186,16,202,68,4,72,130,35.6,35.6,78.0,640.00,615.00,217.60,192.60,-25.00,980.00,947.50,352.80,320.30,-32.50,658.89,1.05,5.00,21.1,SkyHoliday,680.00,Island Escape,635.00,635.00,5.00,1.17695711032124462,Over-bedded,0,1,ROS_BELOW_TARGET,0,NULL,NULL,0,2026-06-08 09:00:00 +02:00,2026-06-08 09:00:00 +02:00,AutoPilot Demo
WG254-YYZ-SJD-20261004,WG254-YYZ-SJD,14,SJD,Los Cabos,SUNWING,Sunwing,MEXICO,Mexico,WG254,YYZ,Toronto,SJD,OWN,2026-10-04,Wk Oct 4,FALL,2026-10-04,06:00:00,162,16,178,62,5,67,111,37.6,37.6,78.0,630.00,610.00,214.20,194.20,-20.00,1030.00,1004.00,370.80,344.80,-26.00,659.85,3.56,5.00,71.1,Holiday Air,585.00,Resort Direct,575.00,575.00,55.00,1.16085140785117802,Over-bedded,0,0,NULL,0,NULL,NULL,0,2026-06-08 09:00:00 +02:00,2026-06-08 09:00:00 +02:00,NULL
WG254-YYZ-SJD-20261011,WG254-YYZ-SJD,15,SJD,Los Cabos,SUNWING,Sunwing,MEXICO,Mexico,WG254,YYZ,Toronto,SJD,OWN,2026-10-11,Wk Oct 11,FALL,2026-10-11,06:00:00,162,18,180,37,7,44,136,24.4,24.4,78.0,585.00,555.00,198.90,168.90,-30.00,885.00,846.00,318.60,279.60,-39.00,632.73,2.26,5.00,45.2,SkyHoliday,540.00,Island Escape,580.00,540.00,45.00,1.16960846981548428,Over-bedded,0,0,NULL,0,NULL,NULL,0,2026-06-08 09:00:00 +02:00,2026-06-08 09:00:00 +02:00,NULL
WG254-YYZ-SJD-20261018,WG254-YYZ-SJD,16,SJD,Los Cabos,SUNWING,Sunwing,MEXICO,Mexico,WG254,YYZ,Toronto,SJD,OWN,2026-10-18,Wk Oct 18,FALL,2026-10-18,06:00:00,189,18,207,64,7,71,136,34.3,34.3,78.0,600.00,585.00,204.00,189.00,-15.00,1000.00,980.50,360.00,340.50,-19.50,639.44,0.89,5.00,17.7,BlueJet Vacations,625.00,MapleAir Holidays,610.00,610.00,-10.00,1.16746983557716910,Over-bedded,0,0,NULL,0,NULL,NULL,0,2026-06-08 09:00:00 +02:00,2026-06-08 09:00:00 +02:00,NULL
WG254-YYZ-SJD-20261025,WG254-YYZ-SJD,17,SJD,Los Cabos,SUNWING,Sunwing,MEXICO,Mexico,WG254,YYZ,Toronto,SJD,OWN,2026-10-25,Wk Oct 25,FALL,2026-10-25,06:00:00,189,18,207,42,2,44,163,21.3,21.3,78.0,580.00,550.00,197.20,167.20,-30.00,980.00,941.00,352.80,313.80,-39.00,598.18,1.43,5.00,28.6,SkyHoliday,550.00,Island Escape,600.00,550.00,30.00,1.17945342258599295,Over-bedded,0,0,NULL,0,NULL,NULL,0,2026-06-08 09:00:00 +02:00,2026-06-08 09:00:00 +02:00,NULL
WG254-YYZ-SJD-20261101,WG254-YYZ-SJD,18,SJD,Los Cabos,SUNWING,Sunwing,MEXICO,Mexico,WG254,YYZ,Toronto,SJD,OWN,2026-11-01,Wk Nov 1,FALL,2026-11-01,06:00:00,189,12,201,46,1,47,154,23.4,23.4,78.0,575.00,535.00,195.50,155.50,-40.00,875.00,823.00,315.00,263.00,-52.00,581.38,1.82,5.00,36.4,Holiday Air,615.00,Resort Direct,570.00,570.00,5.00,1.15999999999999992,Over-bedded,0,1,ROS_BELOW_TARGET,0,NULL,NULL,0,2026-06-08 09:00:00 +02:00,2026-06-08 09:00:00 +02:00,RM Demo User
WG254-YYZ-SJD-20261108,WG254-YYZ-SJD,19,SJD,Los Cabos,SUNWING,Sunwing,MEXICO,Mexico,WG254,YYZ,Toronto,SJD,OWN,2026-11-08,Wk Nov 8,FALL,2026-11-08,06:00:00,186,12,198,40,2,42,156,21.2,21.2,78.0,595.00,585.00,202.30,192.30,-10.00,935.00,922.00,336.60,323.60,-13.00,611.19,2.00,5.00,40.0,SkyHoliday,575.00,Island Escape,615.00,575.00,20.00,1.18239141686600635,Over-bedded,0,0,NULL,0,NULL,NULL,0,2026-06-08 09:00:00 +02:00,2026-06-08 09:00:00 +02:00,NULL
WG254-YYZ-SJD-20261115,WG254-YYZ-SJD,20,SJD,Los Cabos,SUNWING,Sunwing,MEXICO,Mexico,WG254,YYZ,Toronto,SJD,OWN,2026-11-15,Wk Nov 15,FALL,2026-11-15,06:00:00,174,12,186,17,1,18,168,9.7,9.7,78.0,595.00,565.00,202.30,172.30,-30.00,995.00,956.00,358.20,319.20,-39.00,617.22,0.38,5.00,7.7,SkyHoliday,610.00,Island Escape,540.00,540.00,55.00,1.19887098421640048,Over-bedded,0,0,NULL,0,NULL,NULL,0,2026-06-08 09:00:00 +02:00,2026-06-08 09:00:00 +02:00,NULL
WG254-YYZ-SJD-20261122,WG254-YYZ-SJD,21,SJD,Los Cabos,SUNWING,Sunwing,MEXICO,Mexico,WG254,YYZ,Toronto,SJD,OWN,2026-11-22,Wk Nov 22,FALL,2026-11-22,06:00:00,162,16,178,26,3,29,149,16.3,16.3,78.0,595.00,565.00,202.30,172.30,-30.00,895.00,856.00,322.20,283.20,-39.00,626.03,0.81,5.00,16.2,BlueJet Vacations,565.00,MapleAir Holidays,570.00,565.00,30.00,1.18432624379761720,Over-bedded,0,0,NULL,0,NULL,NULL,0,2026-06-08 09:00:00 +02:00,2026-06-08 09:00:00 +02:00,NULL
WG254-YYZ-SJD-20261129,WG254-YYZ-SJD,22,SJD,Los Cabos,SUNWING,Sunwing,MEXICO,Mexico,WG254,YYZ,Toronto,SJD,OWN,2026-11-29,Wk Nov 29,FALL,2026-11-29,06:00:00,174,18,192,23,4,27,165,14.1,14.1,78.0,570.00,555.00,193.80,178.80,-15.00,910.00,890.50,327.60,308.10,-19.50,620.37,0.48,5.00,9.7,NorthStar Travel,540.00,Coastal Getaways,580.00,540.00,30.00,1.18959842731170351,Over-bedded,0,1,ROS_BELOW_TARGET,0,NULL,NULL,0,2026-06-08 09:00:00 +02:00,2026-06-08 09:00:00 +02:00,RM Demo User
WG254-YYZ-SJD-20261206,WG254-YYZ-SJD,23,SJD,Los Cabos,SUNWING,Sunwing,MEXICO,Mexico,WG254,YYZ,Toronto,SJD,OWN,2026-12-06,Wk Dec 6,WINTER,2026-12-06,06:00:00,174,16,190,46,4,50,140,26.3,26.3,78.0,660.00,620.00,224.40,184.40,-40.00,1060.00,1008.00,381.60,329.60,-52.00,692.00,2.26,5.00,45.3,Holiday Air,650.00,Resort Direct,680.00,650.00,10.00,1.18224360375383597,Over-bedded,0,0,NULL,0,NULL,NULL,0,2026-06-08 09:00:00 +02:00,2026-06-08 09:00:00 +02:00,NULL
WG254-YYZ-SJD-20261213,WG254-YYZ-SJD,24,SJD,Los Cabos,SUNWING,Sunwing,MEXICO,Mexico,WG254,YYZ,Toronto,SJD,OWN,2026-12-13,Wk Dec 13,WINTER,2026-12-13,06:00:00,180,18,198,39,7,46,152,23.2,23.2,78.0,695.00,685.00,236.30,226.30,-10.00,995.00,982.00,358.20,345.20,-13.00,740.65,2.15,5.00,43.0,SkyHoliday,650.00,Island Escape,670.00,650.00,45.00,1.17657212579413684,Over-bedded,0,0,NULL,0,NULL,NULL,0,2026-06-08 09:00:00 +02:00,2026-06-08 09:00:00 +02:00,NULL
WG261-YUL-SJD-20260707,WG261-YUL-SJD,1,SJD,Los Cabos,SUNWING,Sunwing,MEXICO,Mexico,WG261,YUL,Montreal,SJD,OWN,2026-07-05,Wk Jul 5,SUMMER,2026-07-07,07:15:00,180,18,198,176,16,192,6,97.0,100.0,78.0,820.00,860.00,278.80,318.80,40.00,1120.00,1172.00,403.20,455.20,52.00,845.00,9.61,5.00,192.3,Holiday Air,845.00,Resort Direct,830.00,830.00,-10.00,1.16382089165761626,Over-bedded,0,0,NULL,0,NULL,NULL,1,2026-06-08 09:00:00 +02:00,2026-06-08 09:00:00 +02:00,NULL
WG261-YUL-SJD-20260714,WG261-YUL-SJD,2,SJD,Los Cabos,SUNWING,Sunwing,MEXICO,Mexico,WG261,YUL,Montreal,SJD,OWN,2026-07-12,Wk Jul 12,SUMMER,2026-07-14,07:15:00,150,12,162,115,11,126,36,77.8,80.3,78.0,825.00,825.00,280.50,280.50,0.00,1125.00,1125.00,405.00,405.00,0.00,851.19,6.33,5.00,126.7,SkyHoliday,795.00,Island Escape,770.00,770.00,55.00,1.17381156777324192,Over-bedded,0,0,NULL,0,NULL,NULL,0,2026-06-08 09:00:00 +02:00,2026-06-08 09:00:00 +02:00,NULL
WG261-YUL-SJD-20260721,WG261-YUL-SJD,3,SJD,Los Cabos,SUNWING,Sunwing,MEXICO,Mexico,WG261,YUL,Montreal,SJD,OWN,2026-07-19,Wk Jul 19,SUMMER,2026-07-21,07:15:00,150,12,162,140,11,151,11,93.2,95.3,78.0,880.00,920.00,299.20,339.20,40.00,1140.00,1192.00,410.40,462.40,52.00,898.94,2.56,5.00,51.2,Holiday Air,920.00,Resort Direct,875.00,875.00,5.00,1.17689622873045008,Over-bedded,0,1,LF_ABOVE_TARGET,0,NULL,NULL,1,2026-06-08 09:00:00 +02:00,2026-06-08 09:00:00 +02:00,NULL
WG261-YUL-SJD-20260728,WG261-YUL-SJD,4,SJD,Los Cabos,SUNWING,Sunwing,MEXICO,Mexico,WG261,YUL,Montreal,SJD,OWN,2026-07-26,Wk Jul 26,SUMMER,2026-07-28,07:15:00,189,18,207,145,15,160,47,77.3,82.2,78.0,825.00,825.00,280.50,280.50,0.00,1225.00,1245.00,441.00,461.00,20.00,862.50,4.66,5.00,93.2,BlueJet Vacations,805.00,MapleAir Holidays,835.00,805.00,20.00,1.17639956550102043,Over-bedded,0,0,NULL,0,NULL,NULL,0,2026-06-08 09:00:00 +02:00,2026-06-08 09:00:00 +02:00,NULL
WG261-YUL-SJD-20260804,WG261-YUL-SJD,5,SJD,Los Cabos,SUNWING,Sunwing,MEXICO,Mexico,WG261,YUL,Montreal,SJD,OWN,2026-08-02,Wk Aug 2,SUMMER,2026-08-04,07:15:00,189,12,201,141,9,150,51,74.6,78.1,78.0,820.00,805.00,278.80,263.80,-15.00,1120.00,1100.50,403.20,383.70,-19.50,838.00,1.78,5.00,35.7,BlueJet Vacations,810.00,MapleAir Holidays,855.00,810.00,10.00,1.16544609885526462,Over-bedded,0,0,NULL,0,NULL,NULL,0,2026-06-08 09:00:00 +02:00,2026-06-08 09:00:00 +02:00,NULL
WG261-YUL-SJD-20260811,WG261-YUL-SJD,6,SJD,Los Cabos,SUNWING,Sunwing,MEXICO,Mexico,WG261,YUL,Montreal,SJD,OWN,2026-08-09,Wk Aug 9,SUMMER,2026-08-11,07:15:00,189,16,205,151,11,162,43,79.0,81.7,78.0,870.00,870.00,295.80,295.80,0.00,1270.00,1270.00,457.20,457.20,0.00,897.16,5.42,5.00,108.5,NorthStar Travel,850.00,Coastal Getaways,905.00,850.00,20.00,1.15999999999999992,Over-bedded,0,0,NULL,0,NULL,NULL,0,2026-06-08 09:00:00 +02:00,2026-06-08 09:00:00 +02:00,NULL
WG261-YUL-SJD-20260818,WG261-YUL-SJD,7,SJD,Los Cabos,SUNWING,Sunwing,MEXICO,Mexico,WG261,YUL,Montreal,SJD,OWN,2026-08-16,Wk Aug 16,SUMMER,2026-08-18,07:15:00,162,18,180,105,10,115,65,63.9,66.0,78.0,785.00,765.00,266.90,246.90,-20.00,1045.00,1019.00,376.20,350.20,-26.00,807.61,1.44,5.00,28.8,SkyHoliday,765.00,Island Escape,820.00,765.00,20.00,1.16328867581687234,Over-bedded,0,0,NULL,0,NULL,NULL,0,2026-06-08 09:00:00 +02:00,2026-06-08 09:00:00 +02:00,NULL
WG261-YUL-SJD-20260825,WG261-YUL-SJD,8,SJD,Los Cabos,SUNWING,Sunwing,MEXICO,Mexico,WG261,YUL,Montreal,SJD,OWN,2026-08-23,Wk Aug 23,SUMMER,2026-08-25,07:15:00,180,18,198,97,12,109,89,55.1,58.2,78.0,750.00,735.00,255.00,240.00,-15.00,1050.00,1030.50,378.00,358.50,-19.50,783.03,3.54,5.00,70.9,BlueJet Vacations,740.00,MapleAir Holidays,725.00,725.00,25.00,1.19075398091328166,Over-bedded,0,1,ROS_BELOW_TARGET,0,NULL,NULL,0,2026-06-08 09:00:00 +02:00,2026-06-08 09:00:00 +02:00,RM Demo User
WG261-YUL-SJD-20260901,WG261-YUL-SJD,9,SJD,Los Cabos,SUNWING,Sunwing,MEXICO,Mexico,WG261,YUL,Montreal,SJD,OWN,2026-08-30,Wk Aug 30,SUMMER,2026-09-01,07:15:00,162,18,180,87,10,97,83,53.9,55.1,78.0,770.00,755.00,261.80,246.80,-15.00,1110.00,1090.50,399.60,380.10,-19.50,805.05,1.49,5.00,29.8,Holiday Air,810.00,Resort Direct,805.00,805.00,-35.00,1.17847432132413132,Over-bedded,0,0,NULL,0,NULL,NULL,0,2026-06-08 09:00:00 +02:00,2026-06-08 09:00:00 +02:00,NULL
WG261-YUL-SJD-20260908,WG261-YUL-SJD,10,SJD,Los Cabos,SUNWING,Sunwing,MEXICO,Mexico,WG261,YUL,Montreal,SJD,OWN,2026-09-06,Wk Sep 6,FALL,2026-09-08,07:15:00,150,12,162,86,8,94,68,58.0,58.5,78.0,700.00,685.00,238.00,223.00,-15.00,1100.00,1080.50,396.00,376.50,-19.50,734.04,5.33,5.00,106.6,NorthStar Travel,670.00,Coastal Getaways,750.00,670.00,30.00,1.17687721930151157,Over-bedded,0,0,NULL,0,NULL,NULL,0,2026-06-08 09:00:00 +02:00,2026-06-08 09:00:00 +02:00,NULL
WG261-YUL-SJD-20260915,WG261-YUL-SJD,11,SJD,Los Cabos,SUNWING,Sunwing,MEXICO,Mexico,WG261,YUL,Montreal,SJD,OWN,2026-09-13,Wk Sep 13,FALL,2026-09-15,07:15:00,180,12,192,100,8,108,84,56.2,57.3,78.0,680.00,665.00,231.20,216.20,-15.00,980.00,960.50,352.80,333.30,-19.50,702.22,1.88,5.00,37.6,NorthStar Travel,695.00,Coastal Getaways,675.00,675.00,5.00,1.16315389847178108,Over-bedded,0,0,NULL,0,NULL,NULL,0,2026-06-08 09:00:00 +02:00,2026-06-08 09:00:00 +02:00,NULL
WG261-YUL-SJD-20260922,WG261-YUL-SJD,12,SJD,Los Cabos,SUNWING,Sunwing,MEXICO,Mexico,WG261,YUL,Montreal,SJD,OWN,2026-09-20,Wk Sep 20,FALL,2026-09-22,07:15:00,189,12,201,90,4,94,107,46.8,47.0,78.0,690.00,670.00,234.60,214.60,-20.00,990.00,964.00,356.40,330.40,-26.00,702.77,3.27,5.00,65.4,Holiday Air,730.00,Resort Direct,725.00,725.00,-35.00,1.16553526617183323,Over-bedded,0,1,ROS_BELOW_TARGET,0,NULL,NULL,0,2026-06-08 09:00:00 +02:00,2026-06-08 09:00:00 +02:00,AutoPilot Demo
WG261-YUL-SJD-20260929,WG261-YUL-SJD,13,SJD,Los Cabos,SUNWING,Sunwing,MEXICO,Mexico,WG261,YUL,Montreal,SJD,OWN,2026-09-27,Wk Sep 27,FALL,2026-09-29,07:15:00,174,18,192,73,7,80,112,41.7,41.7,78.0,680.00,640.00,231.20,191.20,-40.00,940.00,888.00,338.40,286.40,-52.00,702.75,1.93,5.00,38.6,Holiday Air,695.00,Resort Direct,730.00,695.00,-15.00,1.22184905076663286,Over-bedded,0,0,NULL,0,NULL,NULL,0,2026-06-08 09:00:00 +02:00,2026-06-08 09:00:00 +02:00,NULL
WG261-YUL-SJD-20261006,WG261-YUL-SJD,14,SJD,Los Cabos,SUNWING,Sunwing,MEXICO,Mexico,WG261,YUL,Montreal,SJD,OWN,2026-10-04,Wk Oct 4,FALL,2026-10-06,07:15:00,189,18,207,57,5,62,145,30.0,30.0,78.0,635.00,615.00,215.90,195.90,-20.00,935.00,909.00,336.60,310.60,-26.00,659.19,0.62,5.00,12.4,SkyHoliday,625.00,Island Escape,685.00,625.00,10.00,1.16444038015541951,Over-bedded,0,1,ROS_BELOW_TARGET,0,NULL,NULL,0,2026-06-08 09:00:00 +02:00,2026-06-08 09:00:00 +02:00,NULL
WG261-YUL-SJD-20261013,WG261-YUL-SJD,15,SJD,Los Cabos,SUNWING,Sunwing,MEXICO,Mexico,WG261,YUL,Montreal,SJD,OWN,2026-10-11,Wk Oct 11,FALL,2026-10-13,07:15:00,150,18,168,36,6,42,126,25.0,25.0,78.0,575.00,560.00,195.50,180.50,-15.00,975.00,955.50,351.00,331.50,-19.50,632.14,1.97,5.00,39.3,SkyHoliday,590.00,Island Escape,550.00,550.00,25.00,1.19768781565543758,Over-bedded,0,0,NULL,0,NULL,NULL,0,2026-06-08 09:00:00 +02:00,2026-06-08 09:00:00 +02:00,NULL
WG261-YUL-SJD-20261020,WG261-YUL-SJD,16,SJD,Los Cabos,SUNWING,Sunwing,MEXICO,Mexico,WG261,YUL,Montreal,SJD,OWN,2026-10-18,Wk Oct 18,FALL,2026-10-20,07:15:00,162,16,178,52,6,58,120,32.6,32.6,78.0,655.00,645.00,222.70,212.70,-10.00,915.00,902.00,329.40,316.40,-13.00,681.90,2.34,5.00,46.7,BlueJet Vacations,610.00,MapleAir Holidays,690.00,610.00,45.00,1.19196529432355081,Over-bedded,0,0,NULL,0,NULL,NULL,0,2026-06-08 09:00:00 +02:00,2026-06-08 09:00:00 +02:00,NULL
WG261-YUL-SJD-20261027,WG261-YUL-SJD,17,SJD,Los Cabos,SUNWING,Sunwing,MEXICO,Mexico,WG261,YUL,Montreal,SJD,OWN,2026-10-25,Wk Oct 25,FALL,2026-10-27,07:15:00,189,16,205,40,4,44,161,21.5,21.5,78.0,625.00,610.00,212.50,197.50,-15.00,965.00,945.50,347.40,327.90,-19.50,655.91,0.52,5.00,10.5,SkyHoliday,580.00,Island Escape,570.00,570.00,55.00,1.15999999999999992,Over-bedded,0,1,ROS_BELOW_TARGET,0,NULL,NULL,0,2026-06-08 09:00:00 +02:00,2026-06-08 09:00:00 +02:00,NULL
WG261-YUL-SJD-20261103,WG261-YUL-SJD,18,SJD,Los Cabos,SUNWING,Sunwing,MEXICO,Mexico,WG261,YUL,Montreal,SJD,OWN,2026-11-01,Wk Nov 1,FALL,2026-11-03,07:15:00,189,16,205,44,2,46,159,22.4,22.4,78.0,625.00,595.00,212.50,182.50,-30.00,925.00,886.00,333.00,294.00,-39.00,638.04,1.14,5.00,22.8,Holiday Air,595.00,Resort Direct,660.00,595.00,30.00,1.19313659553172502,Over-bedded,0,0,NULL,0,NULL,NULL,0,2026-06-08 09:00:00 +02:00,2026-06-08 09:00:00 +02:00,NULL
WG261-YUL-SJD-20261110,WG261-YUL-SJD,19,SJD,Los Cabos,SUNWING,Sunwing,MEXICO,Mexico,WG261,YUL,Montreal,SJD,OWN,2026-11-08,Wk Nov 8,FALL,2026-11-10,07:15:00,162,18,180,25,4,29,151,16.1,16.1,78.0,615.00,590.00,209.10,184.10,-25.00,915.00,882.50,329.40,296.90,-32.50,656.38,0.71,5.00,14.2,Holiday Air,585.00,Resort Direct,625.00,585.00,30.00,1.21367597113882630,Over-bedded,0,0,NULL,0,NULL,NULL,0,2026-06-08 09:00:00 +02:00,2026-06-08 09:00:00 +02:00,NULL
WG261-YUL-SJD-20261117,WG261-YUL-SJD,20,SJD,Los Cabos,SUNWING,Sunwing,MEXICO,Mexico,WG261,YUL,Montreal,SJD,OWN,2026-11-15,Wk Nov 15,FALL,2026-11-17,07:15:00,189,16,205,40,3,43,162,21.0,21.0,78.0,615.00,605.00,209.10,199.10,-10.00,955.00,942.00,343.80,330.80,-13.00,638.72,0.55,5.00,11.1,SkyHoliday,605.00,Island Escape,590.00,590.00,25.00,1.19562683042533457,Over-bedded,0,0,NULL,0,NULL,NULL,0,2026-06-08 09:00:00 +02:00,2026-06-08 09:00:00 +02:00,NULL
WG261-YUL-SJD-20261124,WG261-YUL-SJD,21,SJD,Los Cabos,SUNWING,Sunwing,MEXICO,Mexico,WG261,YUL,Montreal,SJD,OWN,2026-11-22,Wk Nov 22,FALL,2026-11-24,07:15:00,174,18,192,23,2,25,167,13.0,13.0,78.0,575.00,550.00,195.50,170.50,-25.00,835.00,802.50,300.60,268.10,-32.50,595.80,0.96,5.00,19.2,NorthStar Travel,615.00,Coastal Getaways,625.00,615.00,-40.00,1.17022214799024238,Over-bedded,0,0,NULL,0,NULL,NULL,0,2026-06-08 09:00:00 +02:00,2026-06-08 09:00:00 +02:00,NULL
WG261-YUL-SJD-20261201,WG261-YUL-SJD,22,SJD,Los Cabos,SUNWING,Sunwing,MEXICO,Mexico,WG261,YUL,Montreal,SJD,OWN,2026-11-29,Wk Nov 29,FALL,2026-12-01,07:15:00,186,12,198,10,1,11,187,5.6,5.6,78.0,580.00,555.00,197.20,172.20,-25.00,840.00,807.50,302.40,269.90,-32.50,603.64,0.28,5.00,5.5,Holiday Air,605.00,Resort Direct,630.00,605.00,-25.00,1.18667659534885606,Over-bedded,0,1,ROS_BELOW_TARGET,0,NULL,NULL,0,2026-06-08 09:00:00 +02:00,2026-06-08 09:00:00 +02:00,AutoPilot Demo
WG261-YUL-SJD-20261208,WG261-YUL-SJD,23,SJD,Los Cabos,SUNWING,Sunwing,MEXICO,Mexico,WG261,YUL,Montreal,SJD,OWN,2026-12-06,Wk Dec 6,WINTER,2026-12-08,07:15:00,162,12,174,25,3,28,146,16.1,16.1,78.0,665.00,645.00,226.10,206.10,-20.00,1005.00,979.00,361.80,335.80,-26.00,701.43,0.37,5.00,7.4,NorthStar Travel,655.00,Coastal Getaways,700.00,655.00,10.00,1.18026693896908075,Over-bedded,0,0,NULL,0,NULL,NULL,0,2026-06-08 09:00:00 +02:00,2026-06-08 09:00:00 +02:00,NULL
WG261-YUL-SJD-20261215,WG261-YUL-SJD,24,SJD,Los Cabos,SUNWING,Sunwing,MEXICO,Mexico,WG261,YUL,Montreal,SJD,OWN,2026-12-13,Wk Dec 13,WINTER,2026-12-15,07:15:00,162,16,178,15,2,17,161,9.6,9.6,78.0,630.00,600.00,214.20,184.20,-30.00,1030.00,991.00,370.80,331.80,-39.00,677.06,0.60,5.00,12.1,NorthStar Travel,620.00,Coastal Getaways,665.00,620.00,10.00,1.18484891134872439,Over-bedded,0,0,NULL,0,NULL,NULL,0,2026-06-08 09:00:00 +02:00,2026-06-08 09:00:00 +02:00,NULL
WG268-YYC-SJD-20260709,WG268-YYC-SJD,1,SJD,Los Cabos,SUNWING,Sunwing,MEXICO,Mexico,WG268,YYC,Calgary,SJD,RSK,2026-07-05,Wk Jul 5,SUMMER,2026-07-09,22:10:00,189,12,201,154,10,164,37,81.6,86.6,78.0,860.00,860.00,258.00,258.00,0.00,1200.00,1200.00,432.00,432.00,0.00,880.73,6.41,5.00,128.3,SkyHoliday,815.00,Island Escape,880.00,815.00,45.00,1.17982820989495285,Over-bedded,0,0,NULL,0,NULL,NULL,0,2026-06-08 09:00:00 +02:00,2026-06-08 09:00:00 +02:00,NULL
WG268-YYC-SJD-20260716,WG268-YYC-SJD,2,SJD,Los Cabos,SUNWING,Sunwing,MEXICO,Mexico,WG268,YYC,Calgary,SJD,RSK,2026-07-12,Wk Jul 12,SUMMER,2026-07-16,22:10:00,174,18,192,145,16,161,31,83.9,88.2,78.0,895.00,905.00,268.50,278.50,10.00,1195.00,1208.00,430.20,443.20,13.00,924.81,3.66,5.00,73.2,SkyHoliday,875.00,Island Escape,930.00,875.00,20.00,1.16438799642303259,Over-bedded,0,0,NULL,0,NULL,NULL,0,2026-06-08 09:00:00 +02:00,2026-06-08 09:00:00 +02:00,NULL
WG268-YYC-SJD-20260723,WG268-YYC-SJD,3,SJD,Los Cabos,SUNWING,Sunwing,MEXICO,Mexico,WG268,YYC,Calgary,SJD,RSK,2026-07-19,Wk Jul 19,SUMMER,2026-07-23,22:10:00,150,18,168,117,13,130,38,77.4,81.8,78.0,870.00,870.00,261.00,261.00,0.00,1130.00,1150.00,406.80,426.80,20.00,896.00,5.46,5.00,109.3,SkyHoliday,860.00,Island Escape,905.00,860.00,10.00,1.16467351207932723,Over-bedded,0,0,NULL,0,NULL,NULL,0,2026-06-08 09:00:00 +02:00,2026-06-08 09:00:00 +02:00,NULL
WG268-YYC-SJD-20260730,WG268-YYC-SJD,4,SJD,Los Cabos,SUNWING,Sunwing,MEXICO,Mexico,WG268,YYC,Calgary,SJD,RSK,2026-07-26,Wk Jul 26,SUMMER,2026-07-30,22:10:00,180,16,196,139,14,153,43,78.1,82.5,78.0,885.00,935.00,265.50,315.50,50.00,1145.00,1210.00,412.20,477.20,65.00,908.79,7.28,5.00,145.6,Holiday Air,840.00,Resort Direct,935.00,840.00,45.00,1.16263607266081359,Over-bedded,0,0,NULL,0,NULL,NULL,0,2026-06-08 09:00:00 +02:00,2026-06-08 09:00:00 +02:00,NULL
WG268-YYC-SJD-20260806,WG268-YYC-SJD,5,SJD,Los Cabos,SUNWING,Sunwing,MEXICO,Mexico,WG268,YYC,Calgary,SJD,RSK,2026-08-02,Wk Aug 2,SUMMER,2026-08-06,22:10:00,162,16,178,124,10,134,44,75.3,79.8,78.0,825.00,835.00,247.50,257.50,10.00,1125.00,1138.00,405.00,418.00,13.00,847.39,7.18,5.00,143.5,Holiday Air,805.00,Resort Direct,820.00,805.00,20.00,1.18128862662805245,Over-bedded,0,1,LF_ABOVE_TARGET,0,NULL,NULL,0,2026-06-08 09:00:00 +02:00,2026-06-08 09:00:00 +02:00,RM Demo User
WG268-YYC-SJD-20260813,WG268-YYC-SJD,6,SJD,Los Cabos,SUNWING,Sunwing,MEXICO,Mexico,WG268,YYC,Calgary,SJD,RSK,2026-08-09,Wk Aug 9,SUMMER,2026-08-13,22:10:00,186,18,204,134,13,147,57,72.1,75.6,78.0,870.00,870.00,261.00,261.00,0.00,1210.00,1210.00,435.60,435.60,0.00,900.07,5.78,5.00,115.7,NorthStar Travel,850.00,Coastal Getaways,890.00,850.00,20.00,1.18596313666670405,Over-bedded,0,0,NULL,0,NULL,NULL,0,2026-06-08 09:00:00 +02:00,2026-06-08 09:00:00 +02:00,NULL
WG268-YYC-SJD-20260820,WG268-YYC-SJD,7,SJD,Los Cabos,SUNWING,Sunwing,MEXICO,Mexico,WG268,YYC,Calgary,SJD,RSK,2026-08-16,Wk Aug 16,SUMMER,2026-08-20,22:10:00,150,12,162,101,8,109,53,67.3,69.3,78.0,830.00,830.00,249.00,249.00,0.00,1170.00,1190.00,421.20,441.20,20.00,854.95,5.72,5.00,114.4,BlueJet Vacations,845.00,MapleAir Holidays,850.00,845.00,-15.00,1.17657048131923014,Over-bedded,0,0,NULL,0,NULL,NULL,0,2026-06-08 09:00:00 +02:00,2026-06-08 09:00:00 +02:00,NULL
WG268-YYC-SJD-20260827,WG268-YYC-SJD,8,SJD,Los Cabos,SUNWING,Sunwing,MEXICO,Mexico,WG268,YYC,Calgary,SJD,RSK,2026-08-23,Wk Aug 23,SUMMER,2026-08-27,22:10:00,150,16,166,88,8,96,70,57.8,59.1,78.0,835.00,805.00,250.50,220.50,-30.00,1095.00,1056.00,394.20,355.20,-39.00,856.67,3.38,5.00,67.7,Holiday Air,860.00,Resort Direct,885.00,860.00,-25.00,1.19588695429394476,Over-bedded,0,0,NULL,0,NULL,NULL,0,2026-06-08 09:00:00 +02:00,2026-06-08 09:00:00 +02:00,NULL
WG268-YYC-SJD-20260903,WG268-YYC-SJD,9,SJD,Los Cabos,SUNWING,Sunwing,MEXICO,Mexico,WG268,YYC,Calgary,SJD,RSK,2026-08-30,Wk Aug 30,SUMMER,2026-09-03,22:10:00,186,18,204,94,12,106,98,52.0,53.1,78.0,825.00,785.00,247.50,207.50,-40.00,1225.00,1173.00,441.00,389.00,-52.00,870.28,3.56,5.00,71.1,BlueJet Vacations,850.00,MapleAir Holidays,800.00,800.00,25.00,1.17371698497133914,Over-bedded,0,0,NULL,0,NULL,NULL,0,2026-06-08 09:00:00 +02:00,2026-06-08 09:00:00 +02:00,NULL
WG268-YYC-SJD-20260910,WG268-YYC-SJD,10,SJD,Los Cabos,SUNWING,Sunwing,MEXICO,Mexico,WG268,YYC,Calgary,SJD,RSK,2026-09-06,Wk Sep 6,FALL,2026-09-10,22:10:00,189,12,201,101,9,110,91,54.7,55.4,78.0,745.00,715.00,223.50,193.50,-30.00,1085.00,1046.00,390.60,351.60,-39.00,772.82,4.33,5.00,86.6,BlueJet Vacations,725.00,MapleAir Holidays,795.00,725.00,20.00,1.18909567450592224,Over-bedded,0,0,NULL,0,NULL,NULL,0,2026-06-08 09:00:00 +02:00,2026-06-08 09:00:00 +02:00,NULL
WG268-YYC-SJD-20260917,WG268-YYC-SJD,11,SJD,Los Cabos,SUNWING,Sunwing,MEXICO,Mexico,WG268,YYC,Calgary,SJD,RSK,2026-09-13,Wk Sep 13,FALL,2026-09-17,22:10:00,189,18,207,76,8,84,123,40.6,41.2,78.0,730.00,700.00,219.00,189.00,-30.00,1070.00,1031.00,385.20,346.20,-39.00,762.38,0.92,5.00,18.4,BlueJet Vacations,685.00,MapleAir Holidays,740.00,685.00,45.00,1.18360114107223713,Over-bedded,0,0,NULL,0,NULL,NULL,0,2026-06-08 09:00:00 +02:00,2026-06-08 09:00:00 +02:00,NULL
WG268-YYC-SJD-20260924,WG268-YYC-SJD,12,SJD,Los Cabos,SUNWING,Sunwing,MEXICO,Mexico,WG268,YYC,Calgary,SJD,RSK,2026-09-20,Wk Sep 20,FALL,2026-09-24,22:10:00,174,18,192,69,11,80,112,41.7,41.9,78.0,710.00,690.00,213.00,193.00,-20.00,1010.00,984.00,363.60,337.60,-26.00,751.25,3.20,5.00,64.1,NorthStar Travel,725.00,Coastal Getaways,720.00,720.00,-10.00,1.17514079596544163,Over-bedded,1,0,NULL,0,NULL,NULL,0,2026-06-08 09:00:00 +02:00,2026-06-08 09:00:00 +02:00,RM Demo User
WG268-YYC-SJD-20261001,WG268-YYC-SJD,13,SJD,Los Cabos,SUNWING,Sunwing,MEXICO,Mexico,WG268,YYC,Calgary,SJD,RSK,2026-09-27,Wk Sep 27,FALL,2026-10-01,22:10:00,189,16,205,66,4,70,135,34.1,34.1,78.0,670.00,650.00,201.00,181.00,-20.00,930.00,904.00,334.80,308.80,-26.00,684.86,2.65,5.00,53.1,SkyHoliday,685.00,Island Escape,680.00,680.00,-10.00,1.18911750815518147,Over-bedded,0,0,NULL,0,NULL,NULL,0,2026-06-08 09:00:00 +02:00,2026-06-08 09:00:00 +02:00,NULL
WG268-YYC-SJD-20261008,WG268-YYC-SJD,14,SJD,Los Cabos,SUNWING,Sunwing,MEXICO,Mexico,WG268,YYC,Calgary,SJD,RSK,2026-10-04,Wk Oct 4,FALL,2026-10-08,22:10:00,162,16,178,42,2,44,134,24.7,24.7,78.0,660.00,635.00,198.00,173.00,-25.00,960.00,927.50,345.60,313.10,-32.50,673.64,1.48,5.00,29.6,SkyHoliday,675.00,Island Escape,670.00,670.00,-10.00,1.16797185022995409,Over-bedded,0,1,ROS_BELOW_TARGET,0,NULL,NULL,0,2026-06-08 09:00:00 +02:00,2026-06-08 09:00:00 +02:00,NULL
WG268-YYC-SJD-20261015,WG268-YYC-SJD,15,SJD,Los Cabos,SUNWING,Sunwing,MEXICO,Mexico,WG268,YYC,Calgary,SJD,RSK,2026-10-11,Wk Oct 11,FALL,2026-10-15,22:10:00,186,16,202,64,4,68,134,33.7,33.7,78.0,700.00,670.00,210.00,180.00,-30.00,1000.00,961.00,360.00,321.00,-39.00,717.65,2.73,5.00,54.7,BlueJet Vacations,680.00,MapleAir Holidays,645.00,645.00,55.00,1.16597145313845396,Over-bedded,0,0,NULL,0,NULL,NULL,0,2026-06-08 09:00:00 +02:00,2026-06-08 09:00:00 +02:00,NULL
WG268-YYC-SJD-20261022,WG268-YYC-SJD,16,SJD,Los Cabos,SUNWING,Sunwing,MEXICO,Mexico,WG268,YYC,Calgary,SJD,RSK,2026-10-18,Wk Oct 18,FALL,2026-10-22,22:10:00,186,18,204,62,5,67,137,32.8,32.8,78.0,705.00,685.00,211.50,191.50,-20.00,1105.00,1079.00,397.80,371.80,-26.00,734.85,1.08,5.00,21.6,BlueJet Vacations,730.00,MapleAir Holidays,700.00,700.00,5.00,1.17361081485100982,Over-bedded,0,0,NULL,0,NULL,NULL,0,2026-06-08 09:00:00 +02:00,2026-06-08 09:00:00 +02:00,NULL
WG268-YYC-SJD-20261029,WG268-YYC-SJD,17,SJD,Los Cabos,SUNWING,Sunwing,MEXICO,Mexico,WG268,YYC,Calgary,SJD,RSK,2026-10-25,Wk Oct 25,FALL,2026-10-29,22:10:00,174,18,192,30,6,36,156,18.8,18.8,78.0,645.00,615.00,193.50,163.50,-30.00,985.00,946.00,354.60,315.60,-39.00,701.67,1.44,5.00,28.9,SkyHoliday,685.00,Island Escape,695.00,685.00,-40.00,1.18815315692777790,Over-bedded,0,0,NULL,0,NULL,NULL,0,2026-06-08 09:00:00 +02:00,2026-06-08 09:00:00 +02:00,NULL
WG268-YYC-SJD-20261105,WG268-YYC-SJD,18,SJD,Los Cabos,SUNWING,Sunwing,MEXICO,Mexico,WG268,YYC,Calgary,SJD,RSK,2026-11-01,Wk Nov 1,FALL,2026-11-05,22:10:00,174,16,190,36,2,38,152,20.0,20.0,78.0,670.00,655.00,201.00,186.00,-15.00,1010.00,990.50,363.60,344.10,-19.50,687.89,0.46,5.00,9.3,SkyHoliday,650.00,Island Escape,615.00,615.00,55.00,1.16551604589430280,Over-bedded,0,0,NULL,0,NULL,NULL,0,2026-06-08 09:00:00 +02:00,2026-06-08 09:00:00 +02:00,NULL
WG268-YYC-SJD-20261112,WG268-YYC-SJD,19,SJD,Los Cabos,SUNWING,Sunwing,MEXICO,Mexico,WG268,YYC,Calgary,SJD,RSK,2026-11-08,Wk Nov 8,FALL,2026-11-12,22:10:00,150,16,166,28,5,33,133,19.9,19.9,78.0,640.00,600.00,192.00,152.00,-40.00,940.00,888.00,338.40,286.40,-52.00,685.45,1.75,5.00,35.1,NorthStar Travel,665.00,Coastal Getaways,660.00,660.00,-20.00,1.16983650220328883,Over-bedded,0,0,NULL,0,NULL,NULL,0,2026-06-08 09:00:00 +02:00,2026-06-08 09:00:00 +02:00,NULL
WG268-YYC-SJD-20261119,WG268-YYC-SJD,20,SJD,Los Cabos,SUNWING,Sunwing,MEXICO,Mexico,WG268,YYC,Calgary,SJD,RSK,2026-11-15,Wk Nov 15,FALL,2026-11-19,22:10:00,150,12,162,28,2,30,132,18.5,18.5,78.0,615.00,595.00,184.50,164.50,-20.00,955.00,929.00,343.80,317.80,-26.00,637.67,1.13,5.00,22.6,Holiday Air,605.00,Resort Direct,560.00,560.00,55.00,1.20832014614552929,Over-bedded,0,1,ROS_BELOW_TARGET,0,NULL,NULL,0,2026-06-08 09:00:00 +02:00,2026-06-08 09:00:00 +02:00,AutoPilot Demo
WG268-YYC-SJD-20261126,WG268-YYC-SJD,21,SJD,Los Cabos,SUNWING,Sunwing,MEXICO,Mexico,WG268,YYC,Calgary,SJD,RSK,2026-11-22,Wk Nov 22,FALL,2026-11-26,22:10:00,189,16,205,43,5,48,157,23.4,23.4,78.0,655.00,630.00,196.50,171.50,-25.00,1055.00,1022.50,379.80,347.30,-32.50,696.67,1.80,5.00,36.0,SkyHoliday,645.00,Island Escape,665.00,645.00,10.00,1.16937141970631875,Over-bedded,0,0,NULL,0,NULL,NULL,0,2026-06-08 09:00:00 +02:00,2026-06-08 09:00:00 +02:00,NULL
WG268-YYC-SJD-20261203,WG268-YYC-SJD,22,SJD,Los Cabos,SUNWING,Sunwing,MEXICO,Mexico,WG268,YYC,Calgary,SJD,RSK,2026-11-29,Wk Nov 29,FALL,2026-12-03,22:10:00,162,16,178,35,5,40,138,22.5,22.5,78.0,650.00,635.00,195.00,180.00,-15.00,910.00,890.50,327.60,308.10,-19.50,682.50,2.13,5.00,42.6,Holiday Air,640.00,Resort Direct,625.00,625.00,25.00,1.19027947656506594,Over-bedded,0,1,ROS_BELOW_TARGET,0,NULL,NULL,0,2026-06-08 09:00:00 +02:00,2026-06-08 09:00:00 +02:00,AutoPilot Demo
WG268-YYC-SJD-20261210,WG268-YYC-SJD,23,SJD,Los Cabos,SUNWING,Sunwing,MEXICO,Mexico,WG268,YYC,Calgary,SJD,RSK,2026-12-06,Wk Dec 6,WINTER,2026-12-10,22:10:00,186,18,204,16,2,18,186,8.8,8.8,78.0,690.00,650.00,207.00,167.00,-40.00,990.00,938.00,356.40,304.40,-52.00,723.33,0.64,5.00,12.7,NorthStar Travel,670.00,Coastal Getaways,635.00,635.00,55.00,1.16341271782143529,Over-bedded,0,0,NULL,1,RM review hold,2026-06-15,0,2026-06-08 09:00:00 +02:00,2026-06-08 09:00:00 +02:00,RM Demo User
WG268-YYC-SJD-20261217,WG268-YYC-SJD,24,SJD,Los Cabos,SUNWING,Sunwing,MEXICO,Mexico,WG268,YYC,Calgary,SJD,RSK,2026-12-13,Wk Dec 13,WINTER,2026-12-17,22:10:00,162,12,174,15,2,17,157,9.8,9.8,78.0,720.00,705.00,216.00,201.00,-15.00,1020.00,1000.50,367.20,347.70,-19.50,755.29,0.96,5.00,19.2,BlueJet Vacations,735.00,MapleAir Holidays,740.00,735.00,-15.00,1.18252730150292318,Over-bedded,0,0,NULL,0,NULL,NULL,0,2026-06-08 09:00:00 +02:00,2026-06-08 09:00:00 +02:00,NULL
WG275-YYZ-BGI-20260711,WG275-YYZ-BGI,1,BGI,Barbados,SUNWING,Sunwing,CARIBBEAN,Caribbean,WG275,YYZ,Toronto,BGI,OWN,2026-07-05,Wk Jul 5,SUMMER,2026-07-11,16:20:00,162,12,174,142,11,153,21,87.9,91.6,78.0,840.00,900.00,285.60,345.60,60.00,1180.00,1258.00,424.80,502.80,78.00,864.44,3.13,5.00,62.6,SkyHoliday,795.00,Island Escape,875.00,795.00,45.00,0.89391485222871148,Balanced,0,0,NULL,1,RM review hold,2026-06-29,0,2026-06-08 09:00:00 +02:00,2026-06-08 09:00:00 +02:00,AutoPilot Demo
WG275-YYZ-BGI-20260718,WG275-YYZ-BGI,2,BGI,Barbados,SUNWING,Sunwing,CARIBBEAN,Caribbean,WG275,YYZ,Toronto,BGI,OWN,2026-07-12,Wk Jul 12,SUMMER,2026-07-18,16:20:00,189,12,201,155,9,164,37,81.6,86.8,78.0,840.00,840.00,285.60,285.60,0.00,1100.00,1120.00,396.00,416.00,20.00,854.27,3.39,5.00,67.7,BlueJet Vacations,810.00,MapleAir Holidays,890.00,810.00,30.00,0.86895482260214407,Balanced,0,0,NULL,0,NULL,NULL,0,2026-06-08 09:00:00 +02:00,2026-06-08 09:00:00 +02:00,NULL
WG275-YYZ-BGI-20260725,WG275-YYZ-BGI,3,BGI,Barbados,SUNWING,Sunwing,CARIBBEAN,Caribbean,WG275,YYZ,Toronto,BGI,OWN,2026-07-19,Wk Jul 19,SUMMER,2026-07-25,16:20:00,180,18,198,163,16,179,19,90.4,93.0,78.0,860.00,875.00,292.40,307.40,15.00,1160.00,1179.50,417.60,437.10,19.50,886.82,8.95,5.00,178.9,NorthStar Travel,900.00,Coastal Getaways,835.00,835.00,25.00,0.88013213145129054,Balanced,0,0,NULL,0,NULL,NULL,0,2026-06-08 09:00:00 +02:00,2026-06-08 09:00:00 +02:00,NULL
WG275-YYZ-BGI-20260801,WG275-YYZ-BGI,4,BGI,Barbados,SUNWING,Sunwing,CARIBBEAN,Caribbean,WG275,YYZ,Toronto,BGI,OWN,2026-07-26,Wk Jul 26,SUMMER,2026-08-01,16:20:00,162,16,178,134,14,148,30,83.1,85.8,78.0,825.00,810.00,280.50,265.50,-15.00,1165.00,1145.50,419.40,399.90,-19.50,857.16,1.97,5.00,39.4,BlueJet Vacations,840.00,MapleAir Holidays,875.00,840.00,-15.00,0.87308100535873301,Balanced,0,0,NULL,0,NULL,NULL,0,2026-06-08 09:00:00 +02:00,2026-06-08 09:00:00 +02:00,NULL
WG275-YYZ-BGI-20260808,WG275-YYZ-BGI,5,BGI,Barbados,SUNWING,Sunwing,CARIBBEAN,Caribbean,WG275,YYZ,Toronto,BGI,OWN,2026-08-02,Wk Aug 2,SUMMER,2026-08-08,16:20:00,186,18,204,147,15,162,42,79.4,83.8,78.0,835.00,860.00,283.90,308.90,25.00,1135.00,1167.50,408.60,441.10,32.50,862.78,8.05,5.00,161.0,Holiday Air,790.00,Resort Direct,830.00,790.00,45.00,0.87471005034331129,Balanced,0,1,LF_ABOVE_TARGET,0,NULL,NULL,0,2026-06-08 09:00:00 +02:00,2026-06-08 09:00:00 +02:00,NULL
WG275-YYZ-BGI-20260815,WG275-YYZ-BGI,6,BGI,Barbados,SUNWING,Sunwing,CARIBBEAN,Caribbean,WG275,YYZ,Toronto,BGI,OWN,2026-08-09,Wk Aug 9,SUMMER,2026-08-15,16:20:00,186,18,204,139,12,151,53,74.0,75.9,78.0,810.00,810.00,275.40,275.40,0.00,1070.00,1070.00,385.20,385.20,0.00,830.66,4.57,5.00,91.4,Holiday Air,835.00,Resort Direct,845.00,835.00,-25.00,0.90709431257748951,Balanced,0,0,NULL,0,NULL,NULL,0,2026-06-08 09:00:00 +02:00,2026-06-08 09:00:00 +02:00,NULL
WG275-YYZ-BGI-20260822,WG275-YYZ-BGI,7,BGI,Barbados,SUNWING,Sunwing,CARIBBEAN,Caribbean,WG275,YYZ,Toronto,BGI,OWN,2026-08-16,Wk Aug 16,SUMMER,2026-08-22,16:20:00,186,16,202,118,10,128,74,63.4,64.3,78.0,760.00,760.00,258.40,258.40,0.00,1100.00,1100.00,396.00,396.00,0.00,786.56,3.61,5.00,72.2,SkyHoliday,715.00,Island Escape,770.00,715.00,45.00,0.87992460542682838,Balanced,0,0,NULL,0,NULL,NULL,0,2026-06-08 09:00:00 +02:00,2026-06-08 09:00:00 +02:00,NULL
WG275-YYZ-BGI-20260829,WG275-YYZ-BGI,8,BGI,Barbados,SUNWING,Sunwing,CARIBBEAN,Caribbean,WG275,YYZ,Toronto,BGI,OWN,2026-08-23,Wk Aug 23,SUMMER,2026-08-29,16:20:00,150,18,168,96,7,103,65,61.3,64.0,78.0,790.00,805.00,268.60,283.60,15.00,1090.00,1109.50,392.40,411.90,19.50,810.39,5.27,5.00,105.4,NorthStar Travel,760.00,Coastal Getaways,785.00,760.00,30.00,0.88909654640017100,Balanced,0,1,LF_ABOVE_TARGET,0,NULL,NULL,0,2026-06-08 09:00:00 +02:00,2026-06-08 09:00:00 +02:00,NULL
WG275-YYZ-BGI-20260905,WG275-YYZ-BGI,9,BGI,Barbados,SUNWING,Sunwing,CARIBBEAN,Caribbean,WG275,YYZ,Toronto,BGI,OWN,2026-08-30,Wk Aug 30,SUMMER,2026-09-05,16:20:00,180,12,192,111,7,118,74,61.5,62.5,78.0,800.00,780.00,272.00,252.00,-20.00,1200.00,1174.00,432.00,406.00,-26.00,823.73,1.86,5.00,37.1,Holiday Air,840.00,Resort Direct,775.00,775.00,25.00,0.86434554474327074,Balanced,0,1,ROS_BELOW_TARGET,0,NULL,NULL,0,2026-06-08 09:00:00 +02:00,2026-06-08 09:00:00 +02:00,NULL
WG275-YYZ-BGI-20260912,WG275-YYZ-BGI,10,BGI,Barbados,SUNWING,Sunwing,CARIBBEAN,Caribbean,WG275,YYZ,Toronto,BGI,OWN,2026-09-06,Wk Sep 6,FALL,2026-09-12,16:20:00,174,16,190,93,8,101,89,53.2,53.8,78.0,705.00,665.00,239.70,199.70,-40.00,965.00,913.00,347.40,295.40,-52.00,725.59,5.26,5.00,105.2,SkyHoliday,730.00,Island Escape,715.00,715.00,-10.00,0.87940106614893687,Balanced,0,1,ROS_BELOW_TARGET,0,NULL,NULL,0,2026-06-08 09:00:00 +02:00,2026-06-08 09:00:00 +02:00,AutoPilot Demo
WG275-YYZ-BGI-20260919,WG275-YYZ-BGI,11,BGI,Barbados,SUNWING,Sunwing,CARIBBEAN,Caribbean,WG275,YYZ,Toronto,BGI,OWN,2026-09-13,Wk Sep 13,FALL,2026-09-19,16:20:00,174,12,186,80,5,85,101,45.7,46.0,78.0,645.00,605.00,219.30,179.30,-40.00,945.00,893.00,340.20,288.20,-52.00,662.65,1.85,5.00,37.0,Holiday Air,635.00,Resort Direct,620.00,620.00,25.00,0.89669501196739498,Balanced,0,0,NULL,0,NULL,NULL,0,2026-06-08 09:00:00 +02:00,2026-06-08 09:00:00 +02:00,NULL
WG275-YYZ-BGI-20260926,WG275-YYZ-BGI,12,BGI,Barbados,SUNWING,Sunwing,CARIBBEAN,Caribbean,WG275,YYZ,Toronto,BGI,OWN,2026-09-20,Wk Sep 20,FALL,2026-09-26,16:20:00,150,18,168,46,4,50,118,29.8,29.8,78.0,640.00,625.00,217.60,202.60,-15.00,980.00,960.50,352.80,333.30,-19.50,667.20,2.02,5.00,40.4,NorthStar Travel,595.00,Coastal Getaways,585.00,585.00,55.00,0.85999999999999999,Balanced,0,1,ROS_BELOW_TARGET,0,NULL,NULL,0,2026-06-08 09:00:00 +02:00,2026-06-08 09:00:00 +02:00,RM Demo User
WG275-YYZ-BGI-20261003,WG275-YYZ-BGI,13,BGI,Barbados,SUNWING,Sunwing,CARIBBEAN,Caribbean,WG275,YYZ,Toronto,BGI,OWN,2026-09-27,Wk Sep 27,FALL,2026-10-03,16:20:00,174,12,186,68,4,72,114,38.7,38.7,78.0,645.00,625.00,219.30,199.30,-20.00,1045.00,1019.00,376.20,350.20,-26.00,667.22,1.62,5.00,32.5,BlueJet Vacations,615.00,MapleAir Holidays,665.00,615.00,30.00,0.89706950561395760,Balanced,0,0,NULL,0,NULL,NULL,0,2026-06-08 09:00:00 +02:00,2026-06-08 09:00:00 +02:00,NULL
WG275-YYZ-BGI-20261010,WG275-YYZ-BGI,14,BGI,Barbados,SUNWING,Sunwing,CARIBBEAN,Caribbean,WG275,YYZ,Toronto,BGI,OWN,2026-10-04,Wk Oct 4,FALL,2026-10-10,16:20:00,180,16,196,64,7,71,125,36.2,36.2,78.0,665.00,650.00,226.10,211.10,-15.00,965.00,945.50,347.40,327.90,-19.50,694.58,3.01,5.00,60.1,NorthStar Travel,620.00,Coastal Getaways,675.00,620.00,45.00,0.88831399566981739,Balanced,1,0,NULL,0,NULL,NULL,0,2026-06-08 09:00:00 +02:00,2026-06-08 09:00:00 +02:00,RM Demo User
WG275-YYZ-BGI-20261017,WG275-YYZ-BGI,15,BGI,Barbados,SUNWING,Sunwing,CARIBBEAN,Caribbean,WG275,YYZ,Toronto,BGI,OWN,2026-10-11,Wk Oct 11,FALL,2026-10-17,16:20:00,162,18,180,32,6,38,142,21.1,21.1,78.0,635.00,620.00,215.90,200.90,-15.00,895.00,875.50,322.20,302.70,-19.50,676.05,1.79,5.00,35.9,NorthStar Travel,660.00,Coastal Getaways,685.00,660.00,-25.00,0.89761017207403049,Balanced,0,0,NULL,0,NULL,NULL,0,2026-06-08 09:00:00 +02:00,2026-06-08 09:00:00 +02:00,NULL
WG275-YYZ-BGI-20261024,WG275-YYZ-BGI,16,BGI,Barbados,SUNWING,Sunwing,CARIBBEAN,Caribbean,WG275,YYZ,Toronto,BGI,OWN,2026-10-18,Wk Oct 18,FALL,2026-10-24,16:20:00,186,18,204,28,2,30,174,14.7,14.7,78.0,615.00,605.00,209.10,199.10,-10.00,875.00,862.00,315.00,302.00,-13.00,632.33,0.85,5.00,16.9,Holiday Air,585.00,Resort Direct,590.00,585.00,30.00,0.88216004779258772,Balanced,0,1,ROS_BELOW_TARGET,0,NULL,NULL,0,2026-06-08 09:00:00 +02:00,2026-06-08 09:00:00 +02:00,NULL
WG275-YYZ-BGI-20261031,WG275-YYZ-BGI,17,BGI,Barbados,SUNWING,Sunwing,CARIBBEAN,Caribbean,WG275,YYZ,Toronto,BGI,OWN,2026-10-25,Wk Oct 25,FALL,2026-10-31,16:20:00,150,18,168,35,2,37,131,22.0,22.0,78.0,635.00,615.00,215.90,195.90,-20.00,895.00,869.00,322.20,296.20,-26.00,649.05,1.30,5.00,26.0,Holiday Air,650.00,Resort Direct,580.00,580.00,55.00,0.87821311113749712,Balanced,1,0,NULL,0,NULL,NULL,0,2026-06-08 09:00:00 +02:00,2026-06-08 09:00:00 +02:00,NULL
WG275-YYZ-BGI-20261107,WG275-YYZ-BGI,18,BGI,Barbados,SUNWING,Sunwing,CARIBBEAN,Caribbean,WG275,YYZ,Toronto,BGI,OWN,2026-11-01,Wk Nov 1,FALL,2026-11-07,16:20:00,189,18,207,39,4,43,164,20.8,20.8,78.0,620.00,595.00,210.80,185.80,-25.00,880.00,847.50,316.80,284.30,-32.50,644.19,1.00,5.00,20.0,BlueJet Vacations,610.00,MapleAir Holidays,615.00,610.00,10.00,0.88307385503191782,Balanced,0,0,NULL,0,NULL,NULL,0,2026-06-08 09:00:00 +02:00,2026-06-08 09:00:00 +02:00,NULL
WG275-YYZ-BGI-20261114,WG275-YYZ-BGI,19,BGI,Barbados,SUNWING,Sunwing,CARIBBEAN,Caribbean,WG275,YYZ,Toronto,BGI,OWN,2026-11-08,Wk Nov 8,FALL,2026-11-14,16:20:00,180,16,196,32,2,34,162,17.3,17.3,78.0,580.00,570.00,197.20,187.20,-10.00,980.00,967.00,352.80,339.80,-13.00,603.53,1.06,5.00,21.1,SkyHoliday,550.00,Island Escape,600.00,550.00,30.00,0.89068835219302767,Balanced,0,0,NULL,0,NULL,NULL,0,2026-06-08 09:00:00 +02:00,2026-06-08 09:00:00 +02:00,NULL
WG275-YYZ-BGI-20261121,WG275-YYZ-BGI,20,BGI,Barbados,SUNWING,Sunwing,CARIBBEAN,Caribbean,WG275,YYZ,Toronto,BGI,OWN,2026-11-15,Wk Nov 15,FALL,2026-11-21,16:20:00,186,18,204,20,2,22,182,10.8,10.8,78.0,555.00,525.00,188.70,158.70,-30.00,895.00,856.00,322.20,283.20,-39.00,585.91,0.67,5.00,13.3,NorthStar Travel,535.00,Coastal Getaways,500.00,500.00,55.00,0.88608139884002712,Balanced,0,1,ROS_BELOW_TARGET,0,NULL,NULL,0,2026-06-08 09:00:00 +02:00,2026-06-08 09:00:00 +02:00,NULL
WG275-YYZ-BGI-20261128,WG275-YYZ-BGI,21,BGI,Barbados,SUNWING,Sunwing,CARIBBEAN,Caribbean,WG275,YYZ,Toronto,BGI,OWN,2026-11-22,Wk Nov 22,FALL,2026-11-28,16:20:00,180,12,192,24,2,26,166,13.5,13.5,78.0,600.00,580.00,204.00,184.00,-20.00,940.00,914.00,338.40,312.40,-26.00,626.15,0.47,5.00,9.5,BlueJet Vacations,590.00,MapleAir Holidays,620.00,590.00,10.00,0.87796730069890982,Balanced,0,1,ROS_BELOW_TARGET,0,NULL,NULL,0,2026-06-08 09:00:00 +02:00,2026-06-08 09:00:00 +02:00,AutoPilot Demo
WG275-YYZ-BGI-20261205,WG275-YYZ-BGI,22,BGI,Barbados,SUNWING,Sunwing,CARIBBEAN,Caribbean,WG275,YYZ,Toronto,BGI,OWN,2026-11-29,Wk Nov 29,FALL,2026-12-05,16:20:00,150,16,166,32,2,34,132,20.5,20.5,78.0,600.00,580.00,204.00,184.00,-20.00,1000.00,974.00,360.00,334.00,-26.00,623.53,1.87,5.00,37.5,NorthStar Travel,580.00,Coastal Getaways,595.00,580.00,20.00,0.90509919148952100,Balanced,0,0,NULL,0,NULL,NULL,0,2026-06-08 09:00:00 +02:00,2026-06-08 09:00:00 +02:00,NULL
WG275-YYZ-BGI-20261212,WG275-YYZ-BGI,23,BGI,Barbados,SUNWING,Sunwing,CARIBBEAN,Caribbean,WG275,YYZ,Toronto,BGI,OWN,2026-12-06,Wk Dec 6,WINTER,2026-12-12,16:20:00,186,18,204,26,3,29,175,14.2,14.2,78.0,670.00,655.00,227.80,212.80,-15.00,1070.00,1050.50,385.20,365.70,-19.50,711.38,0.37,5.00,7.3,Holiday Air,685.00,Resort Direct,705.00,685.00,-15.00,0.86475076733787792,Balanced,0,0,NULL,0,NULL,NULL,0,2026-06-08 09:00:00 +02:00,2026-06-08 09:00:00 +02:00,NULL
WG275-YYZ-BGI-20261219,WG275-YYZ-BGI,24,BGI,Barbados,SUNWING,Sunwing,CARIBBEAN,Caribbean,WG275,YYZ,Toronto,BGI,OWN,2026-12-13,Wk Dec 13,WINTER,2026-12-19,16:20:00,174,16,190,33,5,38,152,20.0,20.0,78.0,690.00,670.00,234.60,214.60,-20.00,1030.00,1004.00,370.80,344.80,-26.00,734.74,1.30,5.00,26.0,NorthStar Travel,670.00,Coastal Getaways,665.00,665.00,25.00,0.88282593495216732,Balanced,0,0,NULL,0,NULL,NULL,0,2026-06-08 09:00:00 +02:00,2026-06-08 09:00:00 +02:00,NULL
WG282-YUL-BGI-20260706,WG282-YUL-BGI,1,BGI,Barbados,SUNWING,Sunwing,CARIBBEAN,Caribbean,WG282,YUL,Montreal,BGI,OWN,2026-07-05,Wk Jul 5,SUMMER,2026-07-06,09:30:00,150,16,166,143,14,157,9,94.6,100.0,78.0,875.00,910.00,297.50,332.50,35.00,1275.00,1320.50,459.00,504.50,45.50,910.67,9.91,5.00,198.2,BlueJet Vacations,865.00,MapleAir Holidays,895.00,865.00,10.00,0.85999999999999999,Balanced,0,0,NULL,1,RM review hold,2026-06-29,1,2026-06-08 09:00:00 +02:00,2026-06-08 09:00:00 +02:00,AutoPilot Demo
WG282-YUL-BGI-20260713,WG282-YUL-BGI,2,BGI,Barbados,SUNWING,Sunwing,CARIBBEAN,Caribbean,WG282,YUL,Montreal,BGI,OWN,2026-07-12,Wk Jul 12,SUMMER,2026-07-13,09:30:00,162,12,174,142,10,152,22,87.4,92.5,78.0,860.00,880.00,292.40,312.40,20.00,1200.00,1226.00,432.00,458.00,26.00,882.37,5.59,5.00,111.8,BlueJet Vacations,830.00,MapleAir Holidays,805.00,805.00,55.00,0.87556108193754001,Balanced,0,1,LF_ABOVE_TARGET,0,NULL,NULL,0,2026-06-08 09:00:00 +02:00,2026-06-08 09:00:00 +02:00,AutoPilot Demo
WG282-YUL-BGI-20260720,WG282-YUL-BGI,3,BGI,Barbados,SUNWING,Sunwing,CARIBBEAN,Caribbean,WG282,YUL,Montreal,BGI,OWN,2026-07-19,Wk Jul 19,SUMMER,2026-07-20,09:30:00,180,18,198,140,9,149,49,75.3,79.1,78.0,820.00,820.00,278.80,278.80,0.00,1220.00,1220.00,439.20,439.20,0.00,844.16,3.90,5.00,78.0,BlueJet Vacations,835.00,MapleAir Holidays,870.00,835.00,-15.00,0.86688007870821504,Balanced,0,0,NULL,0,NULL,NULL,0,2026-06-08 09:00:00 +02:00,2026-06-08 09:00:00 +02:00,NULL
WG282-YUL-BGI-20260727,WG282-YUL-BGI,4,BGI,Barbados,SUNWING,Sunwing,CARIBBEAN,Caribbean,WG282,YUL,Montreal,BGI,OWN,2026-07-26,Wk Jul 26,SUMMER,2026-07-27,09:30:00,186,12,198,152,11,163,35,82.3,85.5,78.0,865.00,875.00,294.10,304.10,10.00,1265.00,1278.00,455.40,468.40,13.00,891.99,4.46,5.00,89.2,Holiday Air,855.00,Resort Direct,840.00,840.00,25.00,0.87666486623716955,Balanced,0,1,LF_ABOVE_TARGET,0,NULL,NULL,0,2026-06-08 09:00:00 +02:00,2026-06-08 09:00:00 +02:00,NULL
WG282-YUL-BGI-20260803,WG282-YUL-BGI,5,BGI,Barbados,SUNWING,Sunwing,CARIBBEAN,Caribbean,WG282,YUL,Montreal,BGI,OWN,2026-08-02,Wk Aug 2,SUMMER,2026-08-03,09:30:00,189,16,205,152,14,166,39,81.0,83.8,78.0,840.00,840.00,285.60,285.60,0.00,1240.00,1240.00,446.40,446.40,0.00,873.73,4.50,5.00,90.0,NorthStar Travel,880.00,Coastal Getaways,835.00,835.00,5.00,0.89010081599649160,Balanced,0,0,NULL,0,NULL,NULL,0,2026-06-08 09:00:00 +02:00,2026-06-08 09:00:00 +02:00,NULL
WG282-YUL-BGI-20260810,WG282-YUL-BGI,6,BGI,Barbados,SUNWING,Sunwing,CARIBBEAN,Caribbean,WG282,YUL,Montreal,BGI,OWN,2026-08-09,Wk Aug 9,SUMMER,2026-08-10,09:30:00,174,18,192,117,15,132,60,68.8,70.1,78.0,825.00,815.00,280.50,270.50,-10.00,1225.00,1212.00,441.00,428.00,-13.00,870.45,6.88,5.00,137.7,SkyHoliday,815.00,Island Escape,770.00,770.00,55.00,0.86414406757648299,Balanced,0,0,NULL,0,NULL,NULL,0,2026-06-08 09:00:00 +02:00,2026-06-08 09:00:00 +02:00,NULL
WG282-YUL-BGI-20260817,WG282-YUL-BGI,7,BGI,Barbados,SUNWING,Sunwing,CARIBBEAN,Caribbean,WG282,YUL,Montreal,BGI,OWN,2026-08-16,Wk Aug 16,SUMMER,2026-08-17,09:30:00,189,12,201,131,9,140,61,69.7,70.9,78.0,845.00,830.00,287.30,272.30,-15.00,1185.00,1165.50,426.60,407.10,-19.50,866.86,2.21,5.00,44.1,NorthStar Travel,800.00,Coastal Getaways,895.00,800.00,45.00,0.87274139584404953,Balanced,0,0,NULL,0,NULL,NULL,0,2026-06-08 09:00:00 +02:00,2026-06-08 09:00:00 +02:00,NULL
WG282-YUL-BGI-20260824,WG282-YUL-BGI,8,BGI,Barbados,SUNWING,Sunwing,CARIBBEAN,Caribbean,WG282,YUL,Montreal,BGI,OWN,2026-08-23,Wk Aug 23,SUMMER,2026-08-24,09:30:00,174,16,190,119,10,129,61,67.9,69.7,78.0,820.00,795.00,278.80,253.80,-25.00,1120.00,1087.50,403.20,370.70,-32.50,843.26,2.29,5.00,45.9,BlueJet Vacations,835.00,MapleAir Holidays,840.00,835.00,-15.00,0.90865828966590168,Balanced,0,1,ROS_BELOW_TARGET,0,NULL,NULL,0,2026-06-08 09:00:00 +02:00,2026-06-08 09:00:00 +02:00,AutoPilot Demo
WG282-YUL-BGI-20260831,WG282-YUL-BGI,9,BGI,Barbados,SUNWING,Sunwing,CARIBBEAN,Caribbean,WG282,YUL,Montreal,BGI,OWN,2026-08-30,Wk Aug 30,SUMMER,2026-08-31,09:30:00,189,16,205,109,8,117,88,57.1,58.5,78.0,785.00,755.00,266.90,236.90,-30.00,1045.00,1006.00,376.20,337.20,-39.00,802.78,4.73,5.00,94.7,SkyHoliday,825.00,Island Escape,805.00,805.00,-20.00,0.88682389216922519,Balanced,0,0,NULL,0,NULL,NULL,0,2026-06-08 09:00:00 +02:00,2026-06-08 09:00:00 +02:00,NULL
WG282-YUL-BGI-20260907,WG282-YUL-BGI,10,BGI,Barbados,SUNWING,Sunwing,CARIBBEAN,Caribbean,WG282,YUL,Montreal,BGI,OWN,2026-09-06,Wk Sep 6,FALL,2026-09-07,09:30:00,189,12,201,107,6,113,88,56.2,58.1,78.0,705.00,680.00,239.70,214.70,-25.00,1005.00,972.50,361.80,329.30,-32.50,720.93,2.46,5.00,49.1,SkyHoliday,685.00,Island Escape,755.00,685.00,20.00,0.88704966833764209,Balanced,0,0,NULL,0,NULL,NULL,0,2026-06-08 09:00:00 +02:00,2026-06-08 09:00:00 +02:00,NULL
WG282-YUL-BGI-20260914,WG282-YUL-BGI,11,BGI,Barbados,SUNWING,Sunwing,CARIBBEAN,Caribbean,WG282,YUL,Montreal,BGI,OWN,2026-09-13,Wk Sep 13,FALL,2026-09-14,09:30:00,180,16,196,97,9,106,90,54.1,54.8,78.0,730.00,705.00,248.20,223.20,-25.00,1130.00,1097.50,406.80,374.30,-32.50,763.96,3.19,5.00,63.8,BlueJet Vacations,720.00,MapleAir Holidays,765.00,720.00,10.00,0.88285327353085941,Balanced,0,0,NULL,0,NULL,NULL,0,2026-06-08 09:00:00 +02:00,2026-06-08 09:00:00 +02:00,NULL
WG282-YUL-BGI-20260921,WG282-YUL-BGI,12,BGI,Barbados,SUNWING,Sunwing,CARIBBEAN,Caribbean,WG282,YUL,Montreal,BGI,OWN,2026-09-20,Wk Sep 20,FALL,2026-09-21,09:30:00,174,16,190,77,6,83,107,43.7,43.8,78.0,670.00,655.00,227.80,212.80,-15.00,930.00,910.50,334.80,315.30,-19.50,688.80,1.24,5.00,24.9,BlueJet Vacations,640.00,MapleAir Holidays,690.00,640.00,30.00,0.89897991903757002,Balanced,0,0,NULL,0,NULL,NULL,0,2026-06-08 09:00:00 +02:00,2026-06-08 09:00:00 +02:00,NULL
WG282-YUL-BGI-20260928,WG282-YUL-BGI,13,BGI,Barbados,SUNWING,Sunwing,CARIBBEAN,Caribbean,WG282,YUL,Montreal,BGI,OWN,2026-09-27,Wk Sep 27,FALL,2026-09-28,09:30:00,186,12,198,72,3,75,123,37.9,37.9,78.0,680.00,650.00,231.20,201.20,-30.00,940.00,901.00,338.40,299.40,-39.00,690.40,1.81,5.00,36.3,NorthStar Travel,705.00,Coastal Getaways,715.00,705.00,-25.00,0.88346877168763926,Balanced,0,0,NULL,0,NULL,NULL,0,2026-06-08 09:00:00 +02:00,2026-06-08 09:00:00 +02:00,NULL
WG282-YUL-BGI-20261005,WG282-YUL-BGI,14,BGI,Barbados,SUNWING,Sunwing,CARIBBEAN,Caribbean,WG282,YUL,Montreal,BGI,OWN,2026-10-04,Wk Oct 4,FALL,2026-10-05,09:30:00,189,18,207,75,11,86,121,41.5,41.5,78.0,650.00,635.00,221.00,206.00,-15.00,910.00,890.50,327.60,308.10,-19.50,683.26,3.42,5.00,68.4,BlueJet Vacations,690.00,MapleAir Holidays,625.00,625.00,25.00,0.87650933060255110,Balanced,0,0,NULL,0,NULL,NULL,0,2026-06-08 09:00:00 +02:00,2026-06-08 09:00:00 +02:00,NULL
WG282-YUL-BGI-20261012,WG282-YUL-BGI,15,BGI,Barbados,SUNWING,Sunwing,CARIBBEAN,Caribbean,WG282,YUL,Montreal,BGI,OWN,2026-10-11,Wk Oct 11,FALL,2026-10-12,09:30:00,174,16,190,61,6,67,123,35.3,35.3,78.0,640.00,600.00,217.60,177.60,-40.00,980.00,928.00,352.80,300.80,-52.00,670.45,3.29,5.00,65.9,Holiday Air,595.00,Resort Direct,635.00,595.00,45.00,0.86730851176427293,Balanced,0,0,NULL,0,NULL,NULL,0,2026-06-08 09:00:00 +02:00,2026-06-08 09:00:00 +02:00,NULL
WG282-YUL-BGI-20261019,WG282-YUL-BGI,16,BGI,Barbados,SUNWING,Sunwing,CARIBBEAN,Caribbean,WG282,YUL,Montreal,BGI,OWN,2026-10-18,Wk Oct 18,FALL,2026-10-19,09:30:00,150,12,162,37,2,39,123,24.1,24.1,78.0,625.00,615.00,212.50,202.50,-10.00,885.00,872.00,318.60,305.60,-13.00,638.33,0.61,5.00,12.2,SkyHoliday,595.00,Island Escape,600.00,595.00,30.00,0.88109575205869517,Balanced,0,0,NULL,0,NULL,NULL,0,2026-06-08 09:00:00 +02:00,2026-06-08 09:00:00 +02:00,NULL
WG282-YUL-BGI-20261026,WG282-YUL-BGI,17,BGI,Barbados,SUNWING,Sunwing,CARIBBEAN,Caribbean,WG282,YUL,Montreal,BGI,OWN,2026-10-25,Wk Oct 25,FALL,2026-10-26,09:30:00,174,16,190,53,7,60,130,31.6,31.6,78.0,680.00,665.00,231.20,216.20,-15.00,980.00,960.50,352.80,333.30,-19.50,715.00,2.61,5.00,52.2,BlueJet Vacations,650.00,MapleAir Holidays,690.00,650.00,30.00,0.85999999999999999,Balanced,0,0,NULL,0,NULL,NULL,0,2026-06-08 09:00:00 +02:00,2026-06-08 09:00:00 +02:00,NULL
WG282-YUL-BGI-20261102,WG282-YUL-BGI,18,BGI,Barbados,SUNWING,Sunwing,CARIBBEAN,Caribbean,WG282,YUL,Montreal,BGI,OWN,2026-11-01,Wk Nov 1,FALL,2026-11-02,09:30:00,189,12,201,44,2,46,155,22.9,22.9,78.0,640.00,630.00,217.60,207.60,-10.00,980.00,967.00,352.80,339.80,-13.00,654.78,1.13,5.00,22.6,NorthStar Travel,630.00,Coastal Getaways,635.00,630.00,10.00,0.89623495772121065,Balanced,0,0,NULL,0,NULL,NULL,0,2026-06-08 09:00:00 +02:00,2026-06-08 09:00:00 +02:00,NULL
WG282-YUL-BGI-20261109,WG282-YUL-BGI,19,BGI,Barbados,SUNWING,Sunwing,CARIBBEAN,Caribbean,WG282,YUL,Montreal,BGI,OWN,2026-11-08,Wk Nov 8,FALL,2026-11-09,09:30:00,189,12,201,32,3,35,166,17.4,17.4,78.0,625.00,605.00,212.50,192.50,-20.00,1025.00,999.00,369.00,343.00,-26.00,659.29,0.92,5.00,18.4,SkyHoliday,665.00,Island Escape,620.00,620.00,5.00,0.86980752620220259,Balanced,0,0,NULL,0,NULL,NULL,0,2026-06-08 09:00:00 +02:00,2026-06-08 09:00:00 +02:00,NULL
WG282-YUL-BGI-20261116,WG282-YUL-BGI,20,BGI,Barbados,SUNWING,Sunwing,CARIBBEAN,Caribbean,WG282,YUL,Montreal,BGI,OWN,2026-11-15,Wk Nov 15,FALL,2026-11-16,09:30:00,186,12,198,37,3,40,158,20.2,20.2,78.0,660.00,650.00,224.40,214.40,-10.00,1000.00,987.00,360.00,347.00,-13.00,685.50,0.81,5.00,16.1,NorthStar Travel,615.00,Coastal Getaways,655.00,615.00,45.00,0.86294499543437730,Balanced,0,0,NULL,0,NULL,NULL,0,2026-06-08 09:00:00 +02:00,2026-06-08 09:00:00 +02:00,NULL
WG282-YUL-BGI-20261123,WG282-YUL-BGI,21,BGI,Barbados,SUNWING,Sunwing,CARIBBEAN,Caribbean,WG282,YUL,Montreal,BGI,OWN,2026-11-22,Wk Nov 22,FALL,2026-11-23,09:30:00,150,16,166,17,2,19,147,11.4,11.4,78.0,600.00,590.00,204.00,194.00,-10.00,860.00,847.00,309.60,296.60,-13.00,627.37,0.80,5.00,16.0,SkyHoliday,580.00,Island Escape,545.00,545.00,55.00,0.87121582207164683,Balanced,0,0,NULL,0,NULL,NULL,0,2026-06-08 09:00:00 +02:00,2026-06-08 09:00:00 +02:00,NULL
WG282-YUL-BGI-20261130,WG282-YUL-BGI,22,BGI,Barbados,SUNWING,Sunwing,CARIBBEAN,Caribbean,WG282,YUL,Montreal,BGI,OWN,2026-11-29,Wk Nov 29,FALL,2026-11-30,09:30:00,180,12,192,29,3,32,160,16.7,16.7,78.0,635.00,615.00,215.90,195.90,-20.00,935.00,909.00,336.60,310.60,-26.00,663.12,0.82,5.00,16.5,Holiday Air,660.00,Resort Direct,630.00,630.00,5.00,0.89134653007513742,Balanced,0,1,ROS_BELOW_TARGET,0,NULL,NULL,0,2026-06-08 09:00:00 +02:00,2026-06-08 09:00:00 +02:00,AutoPilot Demo
WG282-YUL-BGI-20261207,WG282-YUL-BGI,23,BGI,Barbados,SUNWING,Sunwing,CARIBBEAN,Caribbean,WG282,YUL,Montreal,BGI,OWN,2026-12-06,Wk Dec 6,WINTER,2026-12-07,09:30:00,174,18,192,28,3,31,161,16.1,16.1,78.0,695.00,675.00,236.30,216.30,-20.00,1035.00,1009.00,372.60,346.60,-26.00,727.90,1.23,5.00,24.6,SkyHoliday,650.00,Island Escape,715.00,650.00,45.00,0.87454171114821511,Balanced,0,0,NULL,0,NULL,NULL,0,2026-06-08 09:00:00 +02:00,2026-06-08 09:00:00 +02:00,NULL
WG282-YUL-BGI-20261214,WG282-YUL-BGI,24,BGI,Barbados,SUNWING,Sunwing,CARIBBEAN,Caribbean,WG282,YUL,Montreal,BGI,OWN,2026-12-13,Wk Dec 13,WINTER,2026-12-14,09:30:00,174,12,186,13,1,14,172,7.5,7.5,78.0,685.00,645.00,232.90,192.90,-40.00,945.00,893.00,340.20,288.20,-52.00,703.57,0.61,5.00,12.1,NorthStar Travel,675.00,Coastal Getaways,735.00,675.00,10.00,0.88493690017506532,Balanced,0,0,NULL,0,NULL,NULL,0,2026-06-08 09:00:00 +02:00,2026-06-08 09:00:00 +02:00,NULL
WG289-YYC-BGI-20260708,WG289-YYC-BGI,1,BGI,Barbados,SUNWING,Sunwing,CARIBBEAN,Caribbean,WG289,YYC,Calgary,BGI,RSK,2026-07-05,Wk Jul 5,SUMMER,2026-07-08,06:00:00,150,12,162,120,8,128,34,79.0,82.7,78.0,900.00,900.00,270.00,270.00,0.00,1160.00,1180.00,417.60,437.60,20.00,916.25,4.19,5.00,83.9,NorthStar Travel,925.00,Coastal Getaways,910.00,910.00,-10.00,0.87980594183271599,Balanced,0,0,NULL,0,NULL,NULL,0,2026-06-08 09:00:00 +02:00,2026-06-08 09:00:00 +02:00,NULL
WG289-YYC-BGI-20260715,WG289-YYC-BGI,2,BGI,Barbados,SUNWING,Sunwing,CARIBBEAN,Caribbean,WG289,YYC,Calgary,BGI,RSK,2026-07-12,Wk Jul 12,SUMMER,2026-07-15,06:00:00,186,16,202,140,13,153,49,75.7,80.2,78.0,865.00,855.00,259.50,249.50,-10.00,1265.00,1252.00,455.40,442.40,-13.00,898.99,2.58,5.00,51.6,BlueJet Vacations,845.00,MapleAir Holidays,860.00,845.00,20.00,0.89918783427894922,Balanced,0,0,NULL,0,NULL,NULL,0,2026-06-08 09:00:00 +02:00,2026-06-08 09:00:00 +02:00,NULL
WG289-YYC-BGI-20260722,WG289-YYC-BGI,3,BGI,Barbados,SUNWING,Sunwing,CARIBBEAN,Caribbean,WG289,YYC,Calgary,BGI,RSK,2026-07-19,Wk Jul 19,SUMMER,2026-07-22,06:00:00,186,16,202,147,13,160,42,79.2,84.3,78.0,900.00,890.00,270.00,260.00,-10.00,1160.00,1147.00,417.60,404.60,-13.00,921.12,2.04,5.00,40.7,Holiday Air,855.00,Resort Direct,895.00,855.00,45.00,0.85999999999999999,Balanced,0,0,NULL,0,NULL,NULL,0,2026-06-08 09:00:00 +02:00,2026-06-08 09:00:00 +02:00,NULL
WG289-YYC-BGI-20260729,WG289-YYC-BGI,4,BGI,Barbados,SUNWING,Sunwing,CARIBBEAN,Caribbean,WG289,YYC,Calgary,BGI,RSK,2026-07-26,Wk Jul 26,SUMMER,2026-07-29,06:00:00,162,12,174,122,10,132,42,75.9,77.5,78.0,865.00,880.00,259.50,274.50,15.00,1265.00,1284.50,455.40,474.90,19.50,895.30,7.28,5.00,145.6,BlueJet Vacations,845.00,MapleAir Holidays,810.00,810.00,55.00,0.86114148668334800,Balanced,0,0,NULL,0,NULL,NULL,0,2026-06-08 09:00:00 +02:00,2026-06-08 09:00:00 +02:00,NULL
WG289-YYC-BGI-20260805,WG289-YYC-BGI,5,BGI,Barbados,SUNWING,Sunwing,CARIBBEAN,Caribbean,WG289,YYC,Calgary,BGI,RSK,2026-08-02,Wk Aug 2,SUMMER,2026-08-05,06:00:00,150,16,166,103,14,117,49,70.5,71.7,78.0,885.00,885.00,265.50,265.50,0.00,1225.00,1225.00,441.00,441.00,0.00,925.68,2.93,5.00,58.6,Holiday Air,865.00,Resort Direct,830.00,830.00,55.00,0.86930941037136711,Balanced,0,0,NULL,0,NULL,NULL,0,2026-06-08 09:00:00 +02:00,2026-06-08 09:00:00 +02:00,NULL
WG289-YYC-BGI-20260812,WG289-YYC-BGI,6,BGI,Barbados,SUNWING,Sunwing,CARIBBEAN,Caribbean,WG289,YYC,Calgary,BGI,RSK,2026-08-09,Wk Aug 9,SUMMER,2026-08-12,06:00:00,150,18,168,107,14,121,47,72.0,74.0,78.0,855.00,855.00,256.50,256.50,0.00,1155.00,1155.00,415.80,415.80,0.00,889.71,6.75,5.00,134.9,NorthStar Travel,845.00,Coastal Getaways,890.00,845.00,10.00,0.88026528317540698,Balanced,0,0,NULL,0,NULL,NULL,0,2026-06-08 09:00:00 +02:00,2026-06-08 09:00:00 +02:00,NULL
WG289-YYC-BGI-20260819,WG289-YYC-BGI,7,BGI,Barbados,SUNWING,Sunwing,CARIBBEAN,Caribbean,WG289,YYC,Calgary,BGI,RSK,2026-08-16,Wk Aug 16,SUMMER,2026-08-19,06:00:00,162,12,174,104,10,114,60,65.5,67.7,78.0,845.00,805.00,253.50,213.50,-40.00,1185.00,1133.00,426.60,374.60,-52.00,874.82,2.58,5.00,51.5,NorthStar Travel,870.00,Coastal Getaways,790.00,790.00,55.00,0.87998048938260043,Balanced,0,0,NULL,0,NULL,NULL,0,2026-06-08 09:00:00 +02:00,2026-06-08 09:00:00 +02:00,NULL
WG289-YYC-BGI-20260826,WG289-YYC-BGI,8,BGI,Barbados,SUNWING,Sunwing,CARIBBEAN,Caribbean,WG289,YYC,Calgary,BGI,RSK,2026-08-23,Wk Aug 23,SUMMER,2026-08-26,06:00:00,180,16,196,134,12,146,50,74.5,77.3,78.0,880.00,880.00,264.00,264.00,0.00,1180.00,1200.00,424.80,444.80,20.00,904.66,6.21,5.00,124.1,Holiday Air,895.00,Resort Direct,890.00,890.00,-10.00,0.87722132095478611,Balanced,0,0,NULL,0,NULL,NULL,0,2026-06-08 09:00:00 +02:00,2026-06-08 09:00:00 +02:00,NULL
WG289-YYC-BGI-20260902,WG289-YYC-BGI,9,BGI,Barbados,SUNWING,Sunwing,CARIBBEAN,Caribbean,WG289,YYC,Calgary,BGI,RSK,2026-08-30,Wk Aug 30,SUMMER,2026-09-02,06:00:00,174,12,186,121,8,129,57,69.4,71.0,78.0,865.00,875.00,259.50,269.50,10.00,1265.00,1278.00,455.40,468.40,13.00,889.81,4.70,5.00,94.0,Holiday Air,820.00,Resort Direct,875.00,820.00,45.00,0.88541121454873795,Balanced,0,0,NULL,0,NULL,NULL,0,2026-06-08 09:00:00 +02:00,2026-06-08 09:00:00 +02:00,NULL
WG289-YYC-BGI-20260909,WG289-YYC-BGI,10,BGI,Barbados,SUNWING,Sunwing,CARIBBEAN,Caribbean,WG289,YYC,Calgary,BGI,RSK,2026-09-06,Wk Sep 6,FALL,2026-09-09,06:00:00,189,16,205,95,7,102,103,49.8,51.3,78.0,740.00,730.00,222.00,212.00,-10.00,1080.00,1067.00,388.80,375.80,-13.00,763.33,4.34,5.00,86.7,BlueJet Vacations,730.00,MapleAir Holidays,715.00,715.00,25.00,0.86334281675066427,Balanced,0,0,NULL,0,NULL,NULL,0,2026-06-08 09:00:00 +02:00,2026-06-08 09:00:00 +02:00,NULL
WG289-YYC-BGI-20260916,WG289-YYC-BGI,11,BGI,Barbados,SUNWING,Sunwing,CARIBBEAN,Caribbean,WG289,YYC,Calgary,BGI,RSK,2026-09-13,Wk Sep 13,FALL,2026-09-16,06:00:00,150,16,166,66,6,72,94,43.4,44.4,78.0,705.00,695.00,211.50,201.50,-10.00,1105.00,1092.00,397.80,384.80,-13.00,738.33,2.54,5.00,50.8,BlueJet Vacations,685.00,MapleAir Holidays,725.00,685.00,20.00,0.89226219287625563,Balanced,0,0,NULL,0,NULL,NULL,0,2026-06-08 09:00:00 +02:00,2026-06-08 09:00:00 +02:00,NULL
WG289-YYC-BGI-20260923,WG289-YYC-BGI,12,BGI,Barbados,SUNWING,Sunwing,CARIBBEAN,Caribbean,WG289,YYC,Calgary,BGI,RSK,2026-09-20,Wk Sep 20,FALL,2026-09-23,06:00:00,186,12,198,64,1,65,133,32.8,33.1,78.0,710.00,680.00,213.00,183.00,-30.00,1050.00,1011.00,378.00,339.00,-39.00,715.23,1.05,5.00,21.1,SkyHoliday,750.00,Island Escape,655.00,655.00,55.00,0.89864833861844085,Balanced,0,1,ROS_BELOW_TARGET,0,NULL,NULL,0,2026-06-08 09:00:00 +02:00,2026-06-08 09:00:00 +02:00,NULL
WG289-YYC-BGI-20260930,WG289-YYC-BGI,13,BGI,Barbados,SUNWING,Sunwing,CARIBBEAN,Caribbean,WG289,YYC,Calgary,BGI,RSK,2026-09-27,Wk Sep 27,FALL,2026-09-30,06:00:00,162,16,178,65,7,72,106,40.4,40.4,78.0,725.00,710.00,217.50,202.50,-15.00,1125.00,1105.50,405.00,385.50,-19.50,763.89,3.84,5.00,76.8,Holiday Air,750.00,Resort Direct,745.00,745.00,-20.00,0.85999999999999999,Balanced,0,0,NULL,0,NULL,NULL,0,2026-06-08 09:00:00 +02:00,2026-06-08 09:00:00 +02:00,NULL
WG289-YYC-BGI-20261007,WG289-YYC-BGI,14,BGI,Barbados,SUNWING,Sunwing,CARIBBEAN,Caribbean,WG289,YYC,Calgary,BGI,RSK,2026-10-04,Wk Oct 4,FALL,2026-10-07,06:00:00,180,18,198,57,7,64,134,32.3,32.3,78.0,705.00,680.00,211.50,186.50,-25.00,1005.00,972.50,361.80,329.30,-32.50,737.81,0.71,5.00,14.2,SkyHoliday,720.00,Island Escape,755.00,720.00,-15.00,0.89393354530464930,Balanced,0,0,NULL,0,NULL,NULL,0,2026-06-08 09:00:00 +02:00,2026-06-08 09:00:00 +02:00,NULL
WG289-YYC-BGI-20261014,WG289-YYC-BGI,15,BGI,Barbados,SUNWING,Sunwing,CARIBBEAN,Caribbean,WG289,YYC,Calgary,BGI,RSK,2026-10-11,Wk Oct 11,FALL,2026-10-14,06:00:00,189,16,205,47,4,51,154,24.9,24.9,78.0,715.00,705.00,214.50,204.50,-10.00,1115.00,1102.00,401.40,388.40,-13.00,746.37,0.73,5.00,14.6,NorthStar Travel,740.00,Coastal Getaways,660.00,660.00,55.00,0.89712133256798654,Balanced,0,0,NULL,0,NULL,NULL,0,2026-06-08 09:00:00 +02:00,2026-06-08 09:00:00 +02:00,NULL
WG289-YYC-BGI-20261021,WG289-YYC-BGI,16,BGI,Barbados,SUNWING,Sunwing,CARIBBEAN,Caribbean,WG289,YYC,Calgary,BGI,RSK,2026-10-18,Wk Oct 18,FALL,2026-10-21,06:00:00,186,16,202,55,7,62,140,30.7,30.7,78.0,700.00,670.00,210.00,180.00,-30.00,960.00,921.00,345.60,306.60,-39.00,729.35,2.46,5.00,49.3,Holiday Air,740.00,Resort Direct,750.00,740.00,-40.00,0.89119947508427266,Balanced,0,0,NULL,0,NULL,NULL,0,2026-06-08 09:00:00 +02:00,2026-06-08 09:00:00 +02:00,NULL
WG289-YYC-BGI-20261028,WG289-YYC-BGI,17,BGI,Barbados,SUNWING,Sunwing,CARIBBEAN,Caribbean,WG289,YYC,Calgary,BGI,RSK,2026-10-25,Wk Oct 25,FALL,2026-10-28,06:00:00,186,18,204,44,7,51,153,25.0,25.0,78.0,710.00,690.00,213.00,193.00,-20.00,1010.00,984.00,363.60,337.60,-26.00,751.18,2.47,5.00,49.5,SkyHoliday,750.00,Island Escape,705.00,705.00,5.00,0.86164618645353575,Balanced,0,0,NULL,0,NULL,NULL,0,2026-06-08 09:00:00 +02:00,2026-06-08 09:00:00 +02:00,NULL
WG289-YYC-BGI-20261104,WG289-YYC-BGI,18,BGI,Barbados,SUNWING,Sunwing,CARIBBEAN,Caribbean,WG289,YYC,Calgary,BGI,RSK,2026-11-01,Wk Nov 1,FALL,2026-11-04,06:00:00,189,18,207,22,5,27,180,13.0,13.0,78.0,680.00,650.00,204.00,174.00,-30.00,940.00,901.00,338.40,299.40,-39.00,728.15,0.59,5.00,11.8,BlueJet Vacations,660.00,MapleAir Holidays,655.00,655.00,25.00,0.89927328246265215,Balanced,0,0,NULL,0,NULL,NULL,0,2026-06-08 09:00:00 +02:00,2026-06-08 09:00:00 +02:00,NULL
WG289-YYC-BGI-20261111,WG289-YYC-BGI,19,BGI,Barbados,SUNWING,Sunwing,CARIBBEAN,Caribbean,WG289,YYC,Calgary,BGI,RSK,2026-11-08,Wk Nov 8,FALL,2026-11-11,06:00:00,174,16,190,14,2,16,174,8.4,8.4,78.0,660.00,640.00,198.00,178.00,-20.00,920.00,894.00,331.20,305.20,-26.00,692.50,0.52,5.00,10.5,SkyHoliday,630.00,Island Escape,695.00,630.00,30.00,0.85999999999999999,Balanced,0,0,NULL,0,NULL,NULL,0,2026-06-08 09:00:00 +02:00,2026-06-08 09:00:00 +02:00,NULL
WG289-YYC-BGI-20261118,WG289-YYC-BGI,20,BGI,Barbados,SUNWING,Sunwing,CARIBBEAN,Caribbean,WG289,YYC,Calgary,BGI,RSK,2026-11-15,Wk Nov 15,FALL,2026-11-18,06:00:00,174,18,192,25,3,28,164,14.6,14.6,78.0,675.00,635.00,202.50,162.50,-40.00,1015.00,963.00,365.40,313.40,-52.00,711.43,0.72,5.00,14.5,SkyHoliday,665.00,Island Escape,685.00,665.00,10.00,0.87690819968834388,Balanced,0,0,NULL,0,NULL,NULL,0,2026-06-08 09:00:00 +02:00,2026-06-08 09:00:00 +02:00,NULL
WG289-YYC-BGI-20261125,WG289-YYC-BGI,21,BGI,Barbados,SUNWING,Sunwing,CARIBBEAN,Caribbean,WG289,YYC,Calgary,BGI,RSK,2026-11-22,Wk Nov 22,FALL,2026-11-25,06:00:00,150,12,162,16,1,17,145,10.5,10.5,78.0,635.00,595.00,190.50,150.50,-40.00,975.00,923.00,351.00,299.00,-52.00,655.00,0.51,5.00,10.2,BlueJet Vacations,650.00,MapleAir Holidays,630.00,630.00,5.00,0.89448175919519946,Balanced,0,0,NULL,0,NULL,NULL,0,2026-06-08 09:00:00 +02:00,2026-06-08 09:00:00 +02:00,NULL
WG289-YYC-BGI-20261202,WG289-YYC-BGI,22,BGI,Barbados,SUNWING,Sunwing,CARIBBEAN,Caribbean,WG289,YYC,Calgary,BGI,RSK,2026-11-29,Wk Nov 29,FALL,2026-12-02,06:00:00,162,18,180,14,2,16,164,8.9,8.9,78.0,665.00,655.00,199.50,189.50,-10.00,1005.00,992.00,361.80,348.80,-13.00,707.50,0.31,5.00,6.2,NorthStar Travel,690.00,Coastal Getaways,660.00,660.00,5.00,0.88018540110625243,Balanced,0,0,NULL,0,NULL,NULL,0,2026-06-08 09:00:00 +02:00,2026-06-08 09:00:00 +02:00,NULL
WG289-YYC-BGI-20261209,WG289-YYC-BGI,23,BGI,Barbados,SUNWING,Sunwing,CARIBBEAN,Caribbean,WG289,YYC,Calgary,BGI,RSK,2026-12-06,Wk Dec 6,WINTER,2026-12-09,06:00:00,162,18,180,26,4,30,150,16.7,16.7,78.0,700.00,690.00,210.00,200.00,-10.00,960.00,947.00,345.60,332.60,-13.00,734.67,0.65,5.00,13.0,BlueJet Vacations,655.00,MapleAir Holidays,645.00,645.00,55.00,0.91024345676310958,Balanced,0,0,NULL,0,NULL,NULL,0,2026-06-08 09:00:00 +02:00,2026-06-08 09:00:00 +02:00,NULL
WG289-YYC-BGI-20261216,WG289-YYC-BGI,24,BGI,Barbados,SUNWING,Sunwing,CARIBBEAN,Caribbean,WG289,YYC,Calgary,BGI,RSK,2026-12-13,Wk Dec 13,WINTER,2026-12-16,06:00:00,174,16,190,9,3,12,178,6.3,6.3,78.0,690.00,650.00,207.00,167.00,-40.00,950.00,898.00,342.00,290.00,-52.00,755.00,0.27,5.00,5.5,BlueJet Vacations,645.00,MapleAir Holidays,665.00,645.00,45.00,0.88890983185816463,Balanced,0,0,NULL,0,NULL,NULL,0,2026-06-08 09:00:00 +02:00,2026-06-08 09:00:00 +02:00,NULL
WG296-YVR-BGI-20260710,WG296-YVR-BGI,1,BGI,Barbados,SUNWING,Sunwing,CARIBBEAN,Caribbean,WG296,YVR,Vancouver,BGI,OWN,2026-07-05,Wk Jul 5,SUMMER,2026-07-10,09:30:00,189,16,205,177,14,191,14,93.2,98.3,78.0,920.00,970.00,312.80,362.80,50.00,1320.00,1385.00,475.20,540.20,65.00,949.32,4.97,5.00,99.4,Holiday Air,960.00,Resort Direct,915.00,915.00,5.00,0.88186896651827318,Balanced,0,1,LF_ABOVE_TARGET,0,NULL,NULL,0,2026-06-08 09:00:00 +02:00,2026-06-08 09:00:00 +02:00,NULL
WG296-YVR-BGI-20260717,WG296-YVR-BGI,2,BGI,Barbados,SUNWING,Sunwing,CARIBBEAN,Caribbean,WG296,YVR,Vancouver,BGI,OWN,2026-07-12,Wk Jul 12,SUMMER,2026-07-17,09:30:00,162,12,174,155,11,166,8,95.4,100.0,78.0,920.00,940.00,312.80,332.80,20.00,1180.00,1206.00,424.80,450.80,26.00,937.23,8.41,5.00,168.2,SkyHoliday,890.00,Island Escape,915.00,890.00,30.00,0.88567358637347959,Balanced,1,1,LF_ABOVE_TARGET,0,NULL,NULL,1,2026-06-08 09:00:00 +02:00,2026-06-08 09:00:00 +02:00,AutoPilot Demo
WG296-YVR-BGI-20260724,WG296-YVR-BGI,3,BGI,Barbados,SUNWING,Sunwing,CARIBBEAN,Caribbean,WG296,YVR,Vancouver,BGI,OWN,2026-07-19,Wk Jul 19,SUMMER,2026-07-24,09:30:00,189,18,207,160,12,172,35,83.1,87.4,78.0,900.00,935.00,306.00,341.00,35.00,1240.00,1285.50,446.40,491.90,45.50,923.72,7.36,5.00,147.2,NorthStar Travel,855.00,Coastal Getaways,950.00,855.00,45.00,0.90131749308129383,Balanced,1,0,NULL,0,NULL,NULL,0,2026-06-08 09:00:00 +02:00,2026-06-08 09:00:00 +02:00,RM Demo User
WG296-YVR-BGI-20260731,WG296-YVR-BGI,4,BGI,Barbados,SUNWING,Sunwing,CARIBBEAN,Caribbean,WG296,YVR,Vancouver,BGI,OWN,2026-07-26,Wk Jul 26,SUMMER,2026-07-31,09:30:00,174,12,186,124,9,133,53,71.5,74.9,78.0,865.00,865.00,294.10,294.10,0.00,1165.00,1185.00,419.40,439.40,20.00,885.30,3.60,5.00,72.0,NorthStar Travel,845.00,Coastal Getaways,885.00,845.00,20.00,0.90322936259875253,Balanced,0,0,NULL,0,NULL,NULL,0,2026-06-08 09:00:00 +02:00,2026-06-08 09:00:00 +02:00,NULL
WG296-YVR-BGI-20260807,WG296-YVR-BGI,5,BGI,Barbados,SUNWING,Sunwing,CARIBBEAN,Caribbean,WG296,YVR,Vancouver,BGI,OWN,2026-08-02,Wk Aug 2,SUMMER,2026-08-07,09:30:00,174,16,190,115,11,126,64,66.3,71.2,78.0,855.00,815.00,290.70,250.70,-40.00,1155.00,1103.00,415.80,363.80,-52.00,881.19,1.46,5.00,29.2,BlueJet Vacations,880.00,MapleAir Holidays,850.00,850.00,5.00,0.85999999999999999,Balanced,0,0,NULL,0,NULL,NULL,0,2026-06-08 09:00:00 +02:00,2026-06-08 09:00:00 +02:00,NULL
WG296-YVR-BGI-20260814,WG296-YVR-BGI,6,BGI,Barbados,SUNWING,Sunwing,CARIBBEAN,Caribbean,WG296,YVR,Vancouver,BGI,OWN,2026-08-09,Wk Aug 9,SUMMER,2026-08-14,09:30:00,189,12,201,137,9,146,55,72.6,74.4,78.0,890.00,860.00,302.60,272.60,-30.00,1230.00,1191.00,442.80,403.80,-39.00,910.96,2.57,5.00,51.5,NorthStar Travel,930.00,Coastal Getaways,865.00,865.00,25.00,0.85999999999999999,Balanced,0,1,ROS_BELOW_TARGET,0,NULL,NULL,0,2026-06-08 09:00:00 +02:00,2026-06-08 09:00:00 +02:00,RM Demo User
WG296-YVR-BGI-20260821,WG296-YVR-BGI,7,BGI,Barbados,SUNWING,Sunwing,CARIBBEAN,Caribbean,WG296,YVR,Vancouver,BGI,OWN,2026-08-16,Wk Aug 16,SUMMER,2026-08-21,09:30:00,162,16,178,90,10,100,78,56.2,57.7,78.0,865.00,855.00,294.10,284.10,-10.00,1125.00,1112.00,405.00,392.00,-13.00,891.00,1.38,5.00,27.7,Holiday Air,890.00,Resort Direct,860.00,860.00,5.00,0.87916731904075818,Balanced,0,0,NULL,0,NULL,NULL,0,2026-06-08 09:00:00 +02:00,2026-06-08 09:00:00 +02:00,NULL
WG296-YVR-BGI-20260828,WG296-YVR-BGI,8,BGI,Barbados,SUNWING,Sunwing,CARIBBEAN,Caribbean,WG296,YVR,Vancouver,BGI,OWN,2026-08-23,Wk Aug 23,SUMMER,2026-08-28,09:30:00,174,12,186,98,6,104,82,55.9,57.1,78.0,820.00,795.00,278.80,253.80,-25.00,1080.00,1047.50,388.80,356.30,-32.50,835.00,2.81,5.00,56.1,SkyHoliday,800.00,Island Escape,840.00,800.00,20.00,0.86940371378080661,Balanced,0,0,NULL,0,NULL,NULL,0,2026-06-08 09:00:00 +02:00,2026-06-08 09:00:00 +02:00,NULL
WG296-YVR-BGI-20260904,WG296-YVR-BGI,9,BGI,Barbados,SUNWING,Sunwing,CARIBBEAN,Caribbean,WG296,YVR,Vancouver,BGI,OWN,2026-08-30,Wk Aug 30,SUMMER,2026-09-04,09:30:00,180,12,192,107,7,114,78,59.4,60.0,78.0,865.00,835.00,294.10,264.10,-30.00,1165.00,1126.00,419.40,380.40,-39.00,883.42,2.13,5.00,42.5,NorthStar Travel,835.00,Coastal Getaways,875.00,835.00,30.00,0.89708429507632470,Balanced,0,0,NULL,0,NULL,NULL,0,2026-06-08 09:00:00 +02:00,2026-06-08 09:00:00 +02:00,NULL
WG296-YVR-BGI-20260911,WG296-YVR-BGI,10,BGI,Barbados,SUNWING,Sunwing,CARIBBEAN,Caribbean,WG296,YVR,Vancouver,BGI,OWN,2026-09-06,Wk Sep 6,FALL,2026-09-11,09:30:00,174,12,186,84,5,89,97,47.8,49.1,78.0,730.00,705.00,248.20,223.20,-25.00,1130.00,1097.50,406.80,374.30,-32.50,752.47,2.99,5.00,59.8,BlueJet Vacations,720.00,MapleAir Holidays,780.00,720.00,10.00,0.89293728926179983,Balanced,0,0,NULL,0,NULL,NULL,0,2026-06-08 09:00:00 +02:00,2026-06-08 09:00:00 +02:00,NULL
WG296-YVR-BGI-20260918,WG296-YVR-BGI,11,BGI,Barbados,SUNWING,Sunwing,CARIBBEAN,Caribbean,WG296,YVR,Vancouver,BGI,OWN,2026-09-13,Wk Sep 13,FALL,2026-09-18,09:30:00,174,12,186,86,4,90,96,48.4,48.6,78.0,745.00,735.00,253.30,243.30,-10.00,1145.00,1132.00,412.20,399.20,-13.00,762.78,3.28,5.00,65.5,BlueJet Vacations,725.00,MapleAir Holidays,780.00,725.00,20.00,0.90973488167038141,Balanced,0,0,NULL,0,NULL,NULL,0,2026-06-08 09:00:00 +02:00,2026-06-08 09:00:00 +02:00,NULL
WG296-YVR-BGI-20260925,WG296-YVR-BGI,12,BGI,Barbados,SUNWING,Sunwing,CARIBBEAN,Caribbean,WG296,YVR,Vancouver,BGI,OWN,2026-09-20,Wk Sep 20,FALL,2026-09-25,09:30:00,150,16,166,82,7,89,77,53.6,53.7,78.0,760.00,720.00,258.40,218.40,-40.00,1020.00,968.00,367.20,315.20,-52.00,780.45,1.50,5.00,29.9,NorthStar Travel,740.00,Coastal Getaways,770.00,740.00,20.00,0.89578467101638137,Balanced,0,0,NULL,1,RM review hold,2026-06-22,0,2026-06-08 09:00:00 +02:00,2026-06-08 09:00:00 +02:00,AutoPilot Demo
WG296-YVR-BGI-20261002,WG296-YVR-BGI,13,BGI,Barbados,SUNWING,Sunwing,CARIBBEAN,Caribbean,WG296,YVR,Vancouver,BGI,OWN,2026-09-27,Wk Sep 27,FALL,2026-10-02,09:30:00,174,16,190,54,6,60,130,31.6,31.6,78.0,710.00,700.00,241.40,231.40,-10.00,1110.00,1097.00,399.60,386.60,-13.00,750.00,3.13,5.00,62.6,NorthStar Travel,735.00,Coastal Getaways,705.00,705.00,5.00,0.87537596131584627,Balanced,0,1,ROS_BELOW_TARGET,0,NULL,NULL,0,2026-06-08 09:00:00 +02:00,2026-06-08 09:00:00 +02:00,RM Demo User
WG296-YVR-BGI-20261009,WG296-YVR-BGI,14,BGI,Barbados,SUNWING,Sunwing,CARIBBEAN,Caribbean,WG296,YVR,Vancouver,BGI,OWN,2026-10-04,Wk Oct 4,FALL,2026-10-09,09:30:00,174,16,190,62,6,68,122,35.8,35.8,78.0,695.00,655.00,236.30,196.30,-40.00,995.00,943.00,358.20,306.20,-52.00,721.47,0.88,5.00,17.7,SkyHoliday,685.00,Island Escape,745.00,685.00,10.00,0.89088269627249461,Balanced,0,0,NULL,0,NULL,NULL,0,2026-06-08 09:00:00 +02:00,2026-06-08 09:00:00 +02:00,NULL
WG296-YVR-BGI-20261016,WG296-YVR-BGI,15,BGI,Barbados,SUNWING,Sunwing,CARIBBEAN,Caribbean,WG296,YVR,Vancouver,BGI,OWN,2026-10-11,Wk Oct 11,FALL,2026-10-16,09:30:00,150,18,168,44,9,53,115,31.5,31.5,78.0,725.00,695.00,246.50,216.50,-30.00,1025.00,986.00,369.00,330.00,-39.00,775.94,2.94,5.00,58.7,SkyHoliday,695.00,Island Escape,745.00,695.00,30.00,0.87278009958698533,Balanced,1,0,NULL,0,NULL,NULL,0,2026-06-08 09:00:00 +02:00,2026-06-08 09:00:00 +02:00,AutoPilot Demo
WG296-YVR-BGI-20261023,WG296-YVR-BGI,16,BGI,Barbados,SUNWING,Sunwing,CARIBBEAN,Caribbean,WG296,YVR,Vancouver,BGI,OWN,2026-10-18,Wk Oct 18,FALL,2026-10-23,09:30:00,186,16,202,50,3,53,149,26.2,26.2,78.0,665.00,645.00,226.10,206.10,-20.00,965.00,939.00,347.40,321.40,-26.00,681.98,2.16,5.00,43.3,SkyHoliday,705.00,Island Escape,700.00,700.00,-35.00,0.88025377585780817,Balanced,0,0,NULL,0,NULL,NULL,0,2026-06-08 09:00:00 +02:00,2026-06-08 09:00:00 +02:00,NULL
WG296-YVR-BGI-20261030,WG296-YVR-BGI,17,BGI,Barbados,SUNWING,Sunwing,CARIBBEAN,Caribbean,WG296,YVR,Vancouver,BGI,OWN,2026-10-25,Wk Oct 25,FALL,2026-10-30,09:30:00,150,18,168,32,3,35,133,20.8,20.8,78.0,680.00,665.00,231.20,216.20,-15.00,1080.00,1060.50,388.80,369.30,-19.50,714.29,0.59,5.00,11.7,Holiday Air,720.00,Resort Direct,700.00,700.00,-20.00,0.88185102270872051,Balanced,0,0,NULL,0,NULL,NULL,0,2026-06-08 09:00:00 +02:00,2026-06-08 09:00:00 +02:00,NULL
WG296-YVR-BGI-20261106,WG296-YVR-BGI,18,BGI,Barbados,SUNWING,Sunwing,CARIBBEAN,Caribbean,WG296,YVR,Vancouver,BGI,OWN,2026-11-01,Wk Nov 1,FALL,2026-11-06,09:30:00,186,12,198,33,4,37,161,18.7,18.7,78.0,640.00,625.00,217.60,202.60,-15.00,980.00,960.50,352.80,333.30,-19.50,676.76,1.62,5.00,32.4,Holiday Air,665.00,Resort Direct,650.00,650.00,-10.00,0.88495559687626490,Balanced,0,0,NULL,0,NULL,NULL,0,2026-06-08 09:00:00 +02:00,2026-06-08 09:00:00 +02:00,NULL
WG296-YVR-BGI-20261113,WG296-YVR-BGI,19,BGI,Barbados,SUNWING,Sunwing,CARIBBEAN,Caribbean,WG296,YVR,Vancouver,BGI,OWN,2026-11-08,Wk Nov 8,FALL,2026-11-13,09:30:00,174,18,192,40,5,45,147,23.4,23.4,78.0,675.00,650.00,229.50,204.50,-25.00,1075.00,1042.50,387.00,354.50,-32.50,719.44,2.30,5.00,46.0,BlueJet Vacations,645.00,MapleAir Holidays,695.00,645.00,30.00,0.87467335035172999,Balanced,0,0,NULL,0,NULL,NULL,0,2026-06-08 09:00:00 +02:00,2026-06-08 09:00:00 +02:00,NULL
WG296-YVR-BGI-20261120,WG296-YVR-BGI,20,BGI,Barbados,SUNWING,Sunwing,CARIBBEAN,Caribbean,WG296,YVR,Vancouver,BGI,OWN,2026-11-15,Wk Nov 15,FALL,2026-11-20,09:30:00,174,18,192,37,2,39,153,20.3,20.3,78.0,665.00,640.00,226.10,201.10,-25.00,965.00,932.50,347.40,314.90,-32.50,680.38,1.91,5.00,38.2,Holiday Air,620.00,Resort Direct,715.00,620.00,45.00,0.86629788875110392,Balanced,0,1,ROS_BELOW_TARGET,0,NULL,NULL,0,2026-06-08 09:00:00 +02:00,2026-06-08 09:00:00 +02:00,AutoPilot Demo
WG296-YVR-BGI-20261127,WG296-YVR-BGI,21,BGI,Barbados,SUNWING,Sunwing,CARIBBEAN,Caribbean,WG296,YVR,Vancouver,BGI,OWN,2026-11-22,Wk Nov 22,FALL,2026-11-27,09:30:00,180,12,192,26,3,29,163,15.1,15.1,78.0,700.00,690.00,238.00,228.00,-10.00,960.00,947.00,345.60,332.60,-13.00,726.90,0.36,5.00,7.1,Holiday Air,715.00,Resort Direct,645.00,645.00,55.00,0.88629895616644283,Balanced,0,1,ROS_BELOW_TARGET,0,NULL,NULL,0,2026-06-08 09:00:00 +02:00,2026-06-08 09:00:00 +02:00,NULL
WG296-YVR-BGI-20261204,WG296-YVR-BGI,22,BGI,Barbados,SUNWING,Sunwing,CARIBBEAN,Caribbean,WG296,YVR,Vancouver,BGI,OWN,2026-11-29,Wk Nov 29,FALL,2026-12-04,09:30:00,150,12,162,11,2,13,149,8.0,8.0,78.0,660.00,635.00,224.40,199.40,-25.00,1060.00,1027.50,381.60,349.10,-32.50,721.54,0.20,5.00,3.9,BlueJet Vacations,675.00,MapleAir Holidays,695.00,675.00,-15.00,0.89453547120348698,Balanced,0,0,NULL,0,NULL,NULL,0,2026-06-08 09:00:00 +02:00,2026-06-08 09:00:00 +02:00,NULL
WG296-YVR-BGI-20261211,WG296-YVR-BGI,23,BGI,Barbados,SUNWING,Sunwing,CARIBBEAN,Caribbean,WG296,YVR,Vancouver,BGI,OWN,2026-12-06,Wk Dec 6,WINTER,2026-12-11,09:30:00,162,12,174,29,3,32,142,18.4,18.4,78.0,765.00,755.00,260.10,250.10,-10.00,1025.00,1012.00,369.00,356.00,-13.00,789.38,1.21,5.00,24.2,NorthStar Travel,790.00,Coastal Getaways,740.00,740.00,25.00,0.85999999999999999,Balanced,0,0,NULL,0,NULL,NULL,0,2026-06-08 09:00:00 +02:00,2026-06-08 09:00:00 +02:00,NULL
WG296-YVR-BGI-20261218,WG296-YVR-BGI,24,BGI,Barbados,SUNWING,Sunwing,CARIBBEAN,Caribbean,WG296,YVR,Vancouver,BGI,OWN,2026-12-13,Wk Dec 13,WINTER,2026-12-18,09:30:00,186,16,202,43,2,45,157,22.3,22.3,78.0,735.00,725.00,249.90,239.90,-10.00,1135.00,1122.00,408.60,395.60,-13.00,752.78,2.21,5.00,44.2,SkyHoliday,775.00,Island Escape,770.00,770.00,-35.00,0.87546987015687250,Balanced,0,0,NULL,0,NULL,NULL,0,2026-06-08 09:00:00 +02:00,2026-06-08 09:00:00 +02:00,NULL
WG303-YUL-NAS-20260705,WG303-YUL-NAS,1,NAS,Nassau,SUNWING,Sunwing,CARIBBEAN,Caribbean,WG303,YUL,Montreal,NAS,OWN,2026-07-05,Wk Jul 5,SUMMER,2026-07-05,09:30:00,162,18,180,148,15,163,17,90.6,94.3,78.0,685.00,725.00,232.90,272.90,40.00,1025.00,1077.00,369.00,421.00,52.00,716.29,7.95,5.00,158.9,NorthStar Travel,665.00,Coastal Getaways,695.00,665.00,20.00,0.75523026310861086,Under-bedded,0,0,NULL,0,NULL,NULL,0,2026-06-08 09:00:00 +02:00,2026-06-08 09:00:00 +02:00,NULL
WG303-YUL-NAS-20260712,WG303-YUL-NAS,2,NAS,Nassau,SUNWING,Sunwing,CARIBBEAN,Caribbean,WG303,YUL,Montreal,NAS,OWN,2026-07-12,Wk Jul 12,SUMMER,2026-07-12,09:30:00,150,16,166,130,12,142,24,85.5,90.3,78.0,695.00,730.00,236.30,271.30,35.00,955.00,1000.50,343.80,389.30,45.50,716.97,6.02,5.00,120.3,SkyHoliday,720.00,Island Escape,730.00,720.00,-25.00,0.73825976139816019,Under-bedded,1,0,NULL,0,NULL,NULL,0,2026-06-08 09:00:00 +02:00,2026-06-08 09:00:00 +02:00,AutoPilot Demo
WG303-YUL-NAS-20260719,WG303-YUL-NAS,3,NAS,Nassau,SUNWING,Sunwing,CARIBBEAN,Caribbean,WG303,YUL,Montreal,NAS,OWN,2026-07-19,Wk Jul 19,SUMMER,2026-07-19,09:30:00,174,16,190,174,14,188,2,98.9,100.0,78.0,700.00,725.00,238.00,263.00,25.00,1000.00,1032.50,360.00,392.50,32.50,722.34,3.07,5.00,61.4,Holiday Air,680.00,Resort Direct,750.00,680.00,20.00,0.75117318391847243,Under-bedded,0,0,NULL,0,NULL,NULL,1,2026-06-08 09:00:00 +02:00,2026-06-08 09:00:00 +02:00,NULL
WG303-YUL-NAS-20260726,WG303-YUL-NAS,4,NAS,Nassau,SUNWING,Sunwing,CARIBBEAN,Caribbean,WG303,YUL,Montreal,NAS,OWN,2026-07-26,Wk Jul 26,SUMMER,2026-07-26,09:30:00,189,18,207,148,12,160,47,77.3,81.4,78.0,655.00,655.00,222.70,222.70,0.00,955.00,955.00,343.80,343.80,0.00,677.50,5.30,5.00,106.0,Holiday Air,680.00,Resort Direct,665.00,665.00,-10.00,0.73614014371046965,Under-bedded,0,0,NULL,0,NULL,NULL,0,2026-06-08 09:00:00 +02:00,2026-06-08 09:00:00 +02:00,NULL
WG303-YUL-NAS-20260802,WG303-YUL-NAS,5,NAS,Nassau,SUNWING,Sunwing,CARIBBEAN,Caribbean,WG303,YUL,Montreal,NAS,OWN,2026-08-02,Wk Aug 2,SUMMER,2026-08-02,09:30:00,180,12,192,139,9,148,44,77.1,79.8,78.0,660.00,635.00,224.40,199.40,-25.00,1060.00,1027.50,381.60,349.10,-32.50,684.32,2.58,5.00,51.7,SkyHoliday,700.00,Island Escape,670.00,670.00,-10.00,0.74022563370218286,Under-bedded,0,0,NULL,0,NULL,NULL,0,2026-06-08 09:00:00 +02:00,2026-06-08 09:00:00 +02:00,NULL
WG303-YUL-NAS-20260809,WG303-YUL-NAS,6,NAS,Nassau,SUNWING,Sunwing,CARIBBEAN,Caribbean,WG303,YUL,Montreal,NAS,OWN,2026-08-09,Wk Aug 9,SUMMER,2026-08-09,09:30:00,150,12,162,116,9,125,37,77.2,78.6,78.0,630.00,630.00,214.20,214.20,0.00,970.00,990.00,349.20,369.20,20.00,654.48,6.24,5.00,124.8,NorthStar Travel,670.00,Coastal Getaways,605.00,605.00,25.00,0.75197057404451817,Under-bedded,0,0,NULL,1,RM review hold,2026-07-06,0,2026-06-08 09:00:00 +02:00,2026-06-08 09:00:00 +02:00,NULL
WG303-YUL-NAS-20260816,WG303-YUL-NAS,7,NAS,Nassau,SUNWING,Sunwing,CARIBBEAN,Caribbean,WG303,YUL,Montreal,NAS,OWN,2026-08-16,Wk Aug 16,SUMMER,2026-08-16,09:30:00,189,16,205,125,12,137,68,66.8,69.4,78.0,650.00,650.00,221.00,221.00,0.00,950.00,950.00,342.00,342.00,0.00,676.28,5.58,5.00,111.6,NorthStar Travel,665.00,Coastal Getaways,625.00,625.00,25.00,0.73551541763148343,Under-bedded,0,0,NULL,0,NULL,NULL,0,2026-06-08 09:00:00 +02:00,2026-06-08 09:00:00 +02:00,NULL
WG303-YUL-NAS-20260823,WG303-YUL-NAS,8,NAS,Nassau,SUNWING,Sunwing,CARIBBEAN,Caribbean,WG303,YUL,Montreal,NAS,OWN,2026-08-23,Wk Aug 23,SUMMER,2026-08-23,09:30:00,174,16,190,115,11,126,64,66.3,69.7,78.0,650.00,630.00,221.00,201.00,-20.00,990.00,964.00,356.40,330.40,-26.00,679.68,2.51,5.00,50.3,SkyHoliday,665.00,Island Escape,595.00,595.00,55.00,0.77104774529212006,Under-bedded,0,0,NULL,0,NULL,NULL,0,2026-06-08 09:00:00 +02:00,2026-06-08 09:00:00 +02:00,NULL
WG303-YUL-NAS-20260830,WG303-YUL-NAS,9,NAS,Nassau,SUNWING,Sunwing,CARIBBEAN,Caribbean,WG303,YUL,Montreal,NAS,OWN,2026-08-30,Wk Aug 30,SUMMER,2026-08-30,09:30:00,186,18,204,102,12,114,90,55.9,57.5,78.0,625.00,595.00,212.50,182.50,-30.00,885.00,846.00,318.60,279.60,-39.00,652.37,2.96,5.00,59.3,SkyHoliday,640.00,Island Escape,600.00,600.00,25.00,0.73969302365676748,Under-bedded,0,0,NULL,0,NULL,NULL,0,2026-06-08 09:00:00 +02:00,2026-06-08 09:00:00 +02:00,NULL
WG303-YUL-NAS-20260906,WG303-YUL-NAS,10,NAS,Nassau,SUNWING,Sunwing,CARIBBEAN,Caribbean,WG303,YUL,Montreal,NAS,OWN,2026-09-06,Wk Sep 6,FALL,2026-09-06,09:30:00,162,12,174,91,5,96,78,55.2,56.0,78.0,560.00,540.00,190.40,170.40,-20.00,860.00,834.00,309.60,283.60,-26.00,575.62,4.83,5.00,96.6,BlueJet Vacations,515.00,MapleAir Holidays,555.00,515.00,45.00,0.74474530805640904,Under-bedded,0,0,NULL,0,NULL,NULL,0,2026-06-08 09:00:00 +02:00,2026-06-08 09:00:00 +02:00,NULL
WG303-YUL-NAS-20260913,WG303-YUL-NAS,11,NAS,Nassau,SUNWING,Sunwing,CARIBBEAN,Caribbean,WG303,YUL,Montreal,NAS,OWN,2026-09-13,Wk Sep 13,FALL,2026-09-13,09:30:00,180,18,198,87,7,94,104,47.5,48.3,78.0,545.00,535.00,185.30,175.30,-10.00,885.00,872.00,318.60,305.60,-13.00,570.32,1.58,5.00,31.6,SkyHoliday,535.00,Island Escape,555.00,535.00,10.00,0.75349831150913527,Under-bedded,0,0,NULL,0,NULL,NULL,0,2026-06-08 09:00:00 +02:00,2026-06-08 09:00:00 +02:00,NULL
WG303-YUL-NAS-20260920,WG303-YUL-NAS,12,NAS,Nassau,SUNWING,Sunwing,CARIBBEAN,Caribbean,WG303,YUL,Montreal,NAS,OWN,2026-09-20,Wk Sep 20,FALL,2026-09-20,09:30:00,150,18,168,77,9,86,82,51.2,51.7,78.0,555.00,530.00,188.70,163.70,-25.00,815.00,782.50,293.40,260.90,-32.50,582.21,5.09,5.00,101.8,Holiday Air,545.00,Resort Direct,575.00,545.00,10.00,0.74136011098825194,Under-bedded,0,1,ROS_BELOW_TARGET,0,NULL,NULL,0,2026-06-08 09:00:00 +02:00,2026-06-08 09:00:00 +02:00,AutoPilot Demo
WG303-YUL-NAS-20260927,WG303-YUL-NAS,13,NAS,Nassau,SUNWING,Sunwing,CARIBBEAN,Caribbean,WG303,YUL,Montreal,NAS,OWN,2026-09-27,Wk Sep 27,FALL,2026-09-27,09:30:00,162,18,180,76,13,89,91,49.4,49.4,78.0,515.00,505.00,175.10,165.10,-10.00,775.00,762.00,279.00,266.00,-13.00,552.98,2.23,5.00,44.6,Holiday Air,555.00,Resort Direct,460.00,460.00,55.00,0.74871613976060913,Under-bedded,0,0,NULL,0,NULL,NULL,0,2026-06-08 09:00:00 +02:00,2026-06-08 09:00:00 +02:00,NULL
WG303-YUL-NAS-20261004,WG303-YUL-NAS,14,NAS,Nassau,SUNWING,Sunwing,CARIBBEAN,Caribbean,WG303,YUL,Montreal,NAS,OWN,2026-10-04,Wk Oct 4,FALL,2026-10-04,09:30:00,180,12,192,60,7,67,125,34.9,34.9,78.0,510.00,500.00,173.40,163.40,-10.00,910.00,897.00,327.60,314.60,-13.00,551.79,2.27,5.00,45.4,NorthStar Travel,525.00,Coastal Getaways,545.00,525.00,-15.00,0.72910688478962626,Under-bedded,0,0,NULL,0,NULL,NULL,0,2026-06-08 09:00:00 +02:00,2026-06-08 09:00:00 +02:00,NULL
WG303-YUL-NAS-20261011,WG303-YUL-NAS,15,NAS,Nassau,SUNWING,Sunwing,CARIBBEAN,Caribbean,WG303,YUL,Montreal,NAS,OWN,2026-10-11,Wk Oct 11,FALL,2026-10-11,09:30:00,150,18,168,50,6,56,112,33.3,33.3,78.0,465.00,445.00,158.10,138.10,-20.00,865.00,839.00,311.40,285.40,-26.00,507.86,1.53,5.00,30.6,SkyHoliday,420.00,Island Escape,410.00,410.00,55.00,0.74815227361923653,Under-bedded,0,0,NULL,0,NULL,NULL,0,2026-06-08 09:00:00 +02:00,2026-06-08 09:00:00 +02:00,NULL
WG303-YUL-NAS-20261018,WG303-YUL-NAS,16,NAS,Nassau,SUNWING,Sunwing,CARIBBEAN,Caribbean,WG303,YUL,Montreal,NAS,OWN,2026-10-18,Wk Oct 18,FALL,2026-10-18,09:30:00,186,16,202,52,5,57,145,28.2,28.2,78.0,485.00,445.00,164.90,124.90,-40.00,785.00,733.00,282.60,230.60,-52.00,511.32,1.53,5.00,30.5,Holiday Air,510.00,Resort Direct,430.00,430.00,55.00,0.73604378249780611,Under-bedded,0,0,NULL,0,NULL,NULL,0,2026-06-08 09:00:00 +02:00,2026-06-08 09:00:00 +02:00,NULL
WG303-YUL-NAS-20261025,WG303-YUL-NAS,17,NAS,Nassau,SUNWING,Sunwing,CARIBBEAN,Caribbean,WG303,YUL,Montreal,NAS,OWN,2026-10-25,Wk Oct 25,FALL,2026-10-25,09:30:00,189,16,205,54,5,59,146,28.8,28.8,78.0,530.00,510.00,180.20,160.20,-20.00,930.00,904.00,334.80,308.80,-26.00,563.90,2.24,5.00,44.8,NorthStar Travel,545.00,Coastal Getaways,505.00,505.00,25.00,0.73207637572374484,Under-bedded,0,0,NULL,0,NULL,NULL,0,2026-06-08 09:00:00 +02:00,2026-06-08 09:00:00 +02:00,NULL
WG303-YUL-NAS-20261101,WG303-YUL-NAS,18,NAS,Nassau,SUNWING,Sunwing,CARIBBEAN,Caribbean,WG303,YUL,Montreal,NAS,OWN,2026-11-01,Wk Nov 1,FALL,2026-11-01,09:30:00,174,12,186,45,1,46,140,24.7,24.7,78.0,500.00,490.00,170.00,160.00,-10.00,800.00,787.00,288.00,275.00,-13.00,506.52,0.56,5.00,11.1,NorthStar Travel,525.00,Coastal Getaways,550.00,525.00,-25.00,0.73830603877919232,Under-bedded,0,0,NULL,0,NULL,NULL,0,2026-06-08 09:00:00 +02:00,2026-06-08 09:00:00 +02:00,NULL
WG303-YUL-NAS-20261108,WG303-YUL-NAS,19,NAS,Nassau,SUNWING,Sunwing,CARIBBEAN,Caribbean,WG303,YUL,Montreal,NAS,OWN,2026-11-08,Wk Nov 8,FALL,2026-11-08,09:30:00,174,18,192,38,6,44,148,22.9,22.9,78.0,440.00,400.00,149.60,109.60,-40.00,700.00,648.00,252.00,200.00,-52.00,475.45,2.17,5.00,43.4,SkyHoliday,455.00,Island Escape,475.00,455.00,-15.00,0.75029074657577555,Under-bedded,0,0,NULL,0,NULL,NULL,0,2026-06-08 09:00:00 +02:00,2026-06-08 09:00:00 +02:00,NULL
WG303-YUL-NAS-20261115,WG303-YUL-NAS,20,NAS,Nassau,SUNWING,Sunwing,CARIBBEAN,Caribbean,WG303,YUL,Montreal,NAS,OWN,2026-11-15,Wk Nov 15,FALL,2026-11-15,09:30:00,186,16,202,44,5,49,153,24.3,24.3,78.0,490.00,465.00,166.60,141.60,-25.00,890.00,857.50,320.40,287.90,-32.50,530.82,1.27,5.00,25.4,SkyHoliday,530.00,Island Escape,525.00,525.00,-35.00,0.73169337556231007,Under-bedded,0,1,ROS_BELOW_TARGET,0,NULL,NULL,0,2026-06-08 09:00:00 +02:00,2026-06-08 09:00:00 +02:00,NULL
WG303-YUL-NAS-20261122,WG303-YUL-NAS,21,NAS,Nassau,SUNWING,Sunwing,CARIBBEAN,Caribbean,WG303,YUL,Montreal,NAS,OWN,2026-11-22,Wk Nov 22,FALL,2026-11-22,09:30:00,150,12,162,19,2,21,141,13.0,13.0,78.0,460.00,445.00,156.40,141.40,-15.00,800.00,780.50,288.00,268.50,-19.50,492.38,0.97,5.00,19.4,SkyHoliday,475.00,Island Escape,455.00,455.00,5.00,0.75687012183601332,Under-bedded,0,0,NULL,0,NULL,NULL,0,2026-06-08 09:00:00 +02:00,2026-06-08 09:00:00 +02:00,NULL
WG303-YUL-NAS-20261129,WG303-YUL-NAS,22,NAS,Nassau,SUNWING,Sunwing,CARIBBEAN,Caribbean,WG303,YUL,Montreal,NAS,OWN,2026-11-29,Wk Nov 29,FALL,2026-11-29,09:30:00,162,18,180,25,3,28,152,15.6,15.6,78.0,460.00,440.00,156.40,136.40,-20.00,800.00,774.00,288.00,262.00,-26.00,496.43,1.02,5.00,20.5,NorthStar Travel,430.00,Coastal Getaways,480.00,430.00,30.00,0.73964185665180193,Under-bedded,0,0,NULL,0,NULL,NULL,0,2026-06-08 09:00:00 +02:00,2026-06-08 09:00:00 +02:00,NULL
WG303-YUL-NAS-20261206,WG303-YUL-NAS,23,NAS,Nassau,SUNWING,Sunwing,CARIBBEAN,Caribbean,WG303,YUL,Montreal,NAS,OWN,2026-12-06,Wk Dec 6,WINTER,2026-12-06,09:30:00,180,18,198,41,5,46,152,23.2,23.2,78.0,530.00,515.00,180.20,165.20,-15.00,830.00,810.50,298.80,279.30,-19.50,562.61,1.00,5.00,20.0,SkyHoliday,520.00,Island Escape,525.00,520.00,10.00,0.73930743248126085,Under-bedded,0,0,NULL,0,NULL,NULL,0,2026-06-08 09:00:00 +02:00,2026-06-08 09:00:00 +02:00,NULL
WG303-YUL-NAS-20261213,WG303-YUL-NAS,24,NAS,Nassau,SUNWING,Sunwing,CARIBBEAN,Caribbean,WG303,YUL,Montreal,NAS,OWN,2026-12-13,Wk Dec 13,WINTER,2026-12-13,09:30:00,150,18,168,18,2,20,148,11.9,11.9,78.0,480.00,460.00,163.20,143.20,-20.00,740.00,714.00,266.40,240.40,-26.00,506.00,0.39,5.00,7.9,BlueJet Vacations,495.00,MapleAir Holidays,530.00,495.00,-15.00,0.74995935478630582,Under-bedded,0,0,NULL,0,NULL,NULL,0,2026-06-08 09:00:00 +02:00,2026-06-08 09:00:00 +02:00,NULL
WG310-YYC-NAS-20260707,WG310-YYC-NAS,1,NAS,Nassau,SUNWING,Sunwing,CARIBBEAN,Caribbean,WG310,YYC,Calgary,NAS,RSK,2026-07-05,Wk Jul 5,SUMMER,2026-07-07,06:00:00,174,18,192,159,16,175,17,91.1,97.5,78.0,770.00,785.00,231.00,246.00,15.00,1070.00,1089.50,385.20,404.70,19.50,797.43,3.31,5.00,66.3,NorthStar Travel,725.00,Coastal Getaways,715.00,715.00,55.00,0.73935096686226942,Under-bedded,0,0,NULL,0,NULL,NULL,0,2026-06-08 09:00:00 +02:00,2026-06-08 09:00:00 +02:00,NULL
WG310-YYC-NAS-20260714,WG310-YYC-NAS,2,NAS,Nassau,SUNWING,Sunwing,CARIBBEAN,Caribbean,WG310,YYC,Calgary,NAS,RSK,2026-07-12,Wk Jul 12,SUMMER,2026-07-14,06:00:00,180,18,198,159,12,171,27,86.4,90.5,78.0,725.00,775.00,217.50,267.50,50.00,985.00,1050.00,354.60,419.60,65.00,743.25,7.67,5.00,153.4,BlueJet Vacations,695.00,MapleAir Holidays,775.00,695.00,30.00,0.72471221836712030,Under-bedded,0,0,NULL,0,NULL,NULL,0,2026-06-08 09:00:00 +02:00,2026-06-08 09:00:00 +02:00,NULL
WG310-YYC-NAS-20260721,WG310-YYC-NAS,3,NAS,Nassau,SUNWING,Sunwing,CARIBBEAN,Caribbean,WG310,YYC,Calgary,NAS,RSK,2026-07-19,Wk Jul 19,SUMMER,2026-07-21,06:00:00,150,12,162,134,8,142,20,87.7,92.5,78.0,755.00,775.00,226.50,246.50,20.00,1055.00,1081.00,379.80,405.80,26.00,771.90,5.04,5.00,100.7,SkyHoliday,745.00,Island Escape,775.00,745.00,10.00,0.73579658593099717,Under-bedded,0,0,NULL,0,NULL,NULL,0,2026-06-08 09:00:00 +02:00,2026-06-08 09:00:00 +02:00,NULL
WG310-YYC-NAS-20260728,WG310-YYC-NAS,4,NAS,Nassau,SUNWING,Sunwing,CARIBBEAN,Caribbean,WG310,YYC,Calgary,NAS,RSK,2026-07-26,Wk Jul 26,SUMMER,2026-07-28,06:00:00,186,12,198,143,8,151,47,76.3,78.1,78.0,710.00,710.00,213.00,213.00,0.00,970.00,970.00,349.20,349.20,0.00,723.77,3.52,5.00,70.5,Holiday Air,735.00,Resort Direct,705.00,705.00,5.00,0.74855805906704798,Under-bedded,0,0,NULL,0,NULL,NULL,0,2026-06-08 09:00:00 +02:00,2026-06-08 09:00:00 +02:00,NULL
WG310-YYC-NAS-20260804,WG310-YYC-NAS,5,NAS,Nassau,SUNWING,Sunwing,CARIBBEAN,Caribbean,WG310,YYC,Calgary,NAS,RSK,2026-08-02,Wk Aug 2,SUMMER,2026-08-04,06:00:00,189,16,205,145,11,156,49,76.1,79.6,78.0,715.00,715.00,214.50,214.50,0.00,1115.00,1115.00,401.40,401.40,0.00,743.21,3.00,5.00,60.0,Holiday Air,685.00,Resort Direct,765.00,685.00,30.00,0.73082075822630022,Under-bedded,0,0,NULL,0,NULL,NULL,0,2026-06-08 09:00:00 +02:00,2026-06-08 09:00:00 +02:00,NULL
WG310-YYC-NAS-20260811,WG310-YYC-NAS,6,NAS,Nassau,SUNWING,Sunwing,CARIBBEAN,Caribbean,WG310,YYC,Calgary,NAS,RSK,2026-08-09,Wk Aug 9,SUMMER,2026-08-11,06:00:00,189,18,207,124,16,140,67,67.6,71.0,78.0,710.00,710.00,213.00,213.00,0.00,970.00,970.00,349.20,349.20,0.00,739.71,5.52,5.00,110.4,SkyHoliday,735.00,Island Escape,730.00,730.00,-20.00,0.73142126579471711,Under-bedded,0,0,NULL,0,NULL,NULL,0,2026-06-08 09:00:00 +02:00,2026-06-08 09:00:00 +02:00,NULL
WG310-YYC-NAS-20260818,WG310-YYC-NAS,7,NAS,Nassau,SUNWING,Sunwing,CARIBBEAN,Caribbean,WG310,YYC,Calgary,NAS,RSK,2026-08-16,Wk Aug 16,SUMMER,2026-08-18,06:00:00,150,16,166,101,11,112,54,67.5,69.3,78.0,705.00,695.00,211.50,201.50,-10.00,965.00,952.00,347.40,334.40,-13.00,730.54,1.89,5.00,37.7,SkyHoliday,745.00,Island Escape,725.00,725.00,-20.00,0.74674751155066010,Under-bedded,0,1,ROS_BELOW_TARGET,0,NULL,NULL,0,2026-06-08 09:00:00 +02:00,2026-06-08 09:00:00 +02:00,RM Demo User
WG310-YYC-NAS-20260825,WG310-YYC-NAS,8,NAS,Nassau,SUNWING,Sunwing,CARIBBEAN,Caribbean,WG310,YYC,Calgary,NAS,RSK,2026-08-23,Wk Aug 23,SUMMER,2026-08-25,06:00:00,150,12,162,88,8,96,66,59.3,60.8,78.0,685.00,685.00,205.50,205.50,0.00,945.00,945.00,340.20,340.20,0.00,706.67,5.92,5.00,118.4,BlueJet Vacations,725.00,MapleAir Holidays,720.00,720.00,-35.00,0.72905435264966267,Under-bedded,0,0,NULL,0,NULL,NULL,0,2026-06-08 09:00:00 +02:00,2026-06-08 09:00:00 +02:00,NULL
WG310-YYC-NAS-20260901,WG310-YYC-NAS,9,NAS,Nassau,SUNWING,Sunwing,CARIBBEAN,Caribbean,WG310,YYC,Calgary,NAS,RSK,2026-08-30,Wk Aug 30,SUMMER,2026-09-01,06:00:00,174,12,186,92,8,100,86,53.8,55.4,78.0,630.00,600.00,189.00,159.00,-30.00,970.00,931.00,349.20,310.20,-39.00,657.20,2.92,5.00,58.4,NorthStar Travel,670.00,Coastal Getaways,680.00,670.00,-40.00,0.72061622272622494,Under-bedded,0,1,ROS_BELOW_TARGET,0,NULL,NULL,0,2026-06-08 09:00:00 +02:00,2026-06-08 09:00:00 +02:00,RM Demo User
WG310-YYC-NAS-20260908,WG310-YYC-NAS,10,NAS,Nassau,SUNWING,Sunwing,CARIBBEAN,Caribbean,WG310,YYC,Calgary,NAS,RSK,2026-09-06,Wk Sep 6,FALL,2026-09-08,06:00:00,180,18,198,97,9,106,92,53.5,54.5,78.0,625.00,610.00,187.50,172.50,-15.00,965.00,945.50,347.40,327.90,-19.50,653.87,1.91,5.00,38.1,BlueJet Vacations,595.00,MapleAir Holidays,675.00,595.00,30.00,0.75003828733958278,Under-bedded,0,0,NULL,0,NULL,NULL,0,2026-06-08 09:00:00 +02:00,2026-06-08 09:00:00 +02:00,NULL
WG310-YYC-NAS-20260915,WG310-YYC-NAS,11,NAS,Nassau,SUNWING,Sunwing,CARIBBEAN,Caribbean,WG310,YYC,Calgary,NAS,RSK,2026-09-13,Wk Sep 13,FALL,2026-09-15,06:00:00,180,12,192,90,6,96,96,50.0,50.4,78.0,585.00,570.00,175.50,160.50,-15.00,985.00,965.50,354.60,335.10,-19.50,610.00,2.50,5.00,50.0,BlueJet Vacations,540.00,MapleAir Holidays,560.00,540.00,45.00,0.73830665310354349,Under-bedded,0,0,NULL,0,NULL,NULL,0,2026-06-08 09:00:00 +02:00,2026-06-08 09:00:00 +02:00,NULL
WG310-YYC-NAS-20260922,WG310-YYC-NAS,12,NAS,Nassau,SUNWING,Sunwing,CARIBBEAN,Caribbean,WG310,YYC,Calgary,NAS,RSK,2026-09-20,Wk Sep 20,FALL,2026-09-22,06:00:00,150,16,166,79,10,89,77,53.6,53.9,78.0,610.00,570.00,183.00,143.00,-40.00,950.00,898.00,342.00,290.00,-52.00,648.20,1.70,5.00,34.1,SkyHoliday,635.00,Island Escape,660.00,635.00,-25.00,0.76562781209473552,Under-bedded,0,0,NULL,0,NULL,NULL,0,2026-06-08 09:00:00 +02:00,2026-06-08 09:00:00 +02:00,NULL
WG310-YYC-NAS-20260929,WG310-YYC-NAS,13,NAS,Nassau,SUNWING,Sunwing,CARIBBEAN,Caribbean,WG310,YYC,Calgary,NAS,RSK,2026-09-27,Wk Sep 27,FALL,2026-09-29,06:00:00,162,16,178,73,5,78,100,43.8,43.8,78.0,575.00,550.00,172.50,147.50,-25.00,875.00,842.50,315.00,282.50,-32.50,594.23,3.03,5.00,60.7,BlueJet Vacations,530.00,MapleAir Holidays,520.00,520.00,55.00,0.75881019238630032,Under-bedded,0,0,NULL,1,RM review hold,2026-06-22,0,2026-06-08 09:00:00 +02:00,2026-06-08 09:00:00 +02:00,AutoPilot Demo
WG310-YYC-NAS-20261006,WG310-YYC-NAS,14,NAS,Nassau,SUNWING,Sunwing,CARIBBEAN,Caribbean,WG310,YYC,Calgary,NAS,RSK,2026-10-04,Wk Oct 4,FALL,2026-10-06,06:00:00,180,16,196,71,5,76,120,38.8,38.8,78.0,555.00,530.00,166.50,141.50,-25.00,815.00,782.50,293.40,260.90,-32.50,572.11,3.05,5.00,61.1,Holiday Air,595.00,Resort Direct,590.00,590.00,-35.00,0.75521667927045810,Under-bedded,0,0,NULL,0,NULL,NULL,0,2026-06-08 09:00:00 +02:00,2026-06-08 09:00:00 +02:00,NULL
WG310-YYC-NAS-20261013,WG310-YYC-NAS,15,NAS,Nassau,SUNWING,Sunwing,CARIBBEAN,Caribbean,WG310,YYC,Calgary,NAS,RSK,2026-10-11,Wk Oct 11,FALL,2026-10-13,06:00:00,180,16,196,41,5,46,150,23.5,23.5,78.0,550.00,525.00,165.00,140.00,-25.00,850.00,817.50,306.00,273.50,-32.50,582.61,0.92,5.00,18.4,BlueJet Vacations,530.00,MapleAir Holidays,585.00,530.00,20.00,0.75903942545237069,Under-bedded,0,0,NULL,0,NULL,NULL,0,2026-06-08 09:00:00 +02:00,2026-06-08 09:00:00 +02:00,NULL
WG310-YYC-NAS-20261020,WG310-YYC-NAS,16,NAS,Nassau,SUNWING,Sunwing,CARIBBEAN,Caribbean,WG310,YYC,Calgary,NAS,RSK,2026-10-18,Wk Oct 18,FALL,2026-10-20,06:00:00,186,18,204,56,7,63,141,30.9,30.9,78.0,555.00,535.00,166.50,146.50,-20.00,955.00,929.00,343.80,317.80,-26.00,599.44,0.94,5.00,18.9,NorthStar Travel,535.00,Coastal Getaways,565.00,535.00,20.00,0.73474876869582961,Under-bedded,0,0,NULL,0,NULL,NULL,0,2026-06-08 09:00:00 +02:00,2026-06-08 09:00:00 +02:00,NULL
WG310-YYC-NAS-20261027,WG310-YYC-NAS,17,NAS,Nassau,SUNWING,Sunwing,CARIBBEAN,Caribbean,WG310,YYC,Calgary,NAS,RSK,2026-10-25,Wk Oct 25,FALL,2026-10-27,06:00:00,186,12,198,52,4,56,142,28.3,28.3,78.0,515.00,505.00,154.50,144.50,-10.00,915.00,902.00,329.40,316.40,-13.00,543.57,2.31,5.00,46.1,Holiday Air,470.00,Resort Direct,550.00,470.00,45.00,0.74257360886896751,Under-bedded,0,0,NULL,0,NULL,NULL,0,2026-06-08 09:00:00 +02:00,2026-06-08 09:00:00 +02:00,NULL
WG310-YYC-NAS-20261103,WG310-YYC-NAS,18,NAS,Nassau,SUNWING,Sunwing,CARIBBEAN,Caribbean,WG310,YYC,Calgary,NAS,RSK,2026-11-01,Wk Nov 1,FALL,2026-11-03,06:00:00,186,12,198,35,1,36,162,18.2,18.2,78.0,540.00,510.00,162.00,132.00,-30.00,800.00,761.00,288.00,249.00,-39.00,547.22,1.29,5.00,25.9,BlueJet Vacations,565.00,MapleAir Holidays,560.00,560.00,-20.00,0.74531661094519741,Under-bedded,0,0,NULL,0,NULL,NULL,0,2026-06-08 09:00:00 +02:00,2026-06-08 09:00:00 +02:00,NULL
WG310-YYC-NAS-20261110,WG310-YYC-NAS,19,NAS,Nassau,SUNWING,Sunwing,CARIBBEAN,Caribbean,WG310,YYC,Calgary,NAS,RSK,2026-11-08,Wk Nov 8,FALL,2026-11-10,06:00:00,180,12,192,46,1,47,145,24.5,24.5,78.0,530.00,515.00,159.00,144.00,-15.00,790.00,770.50,284.40,264.90,-19.50,535.53,0.70,5.00,13.9,NorthStar Travel,570.00,Coastal Getaways,550.00,550.00,-20.00,0.69890831235219919,Under-bedded,0,1,ROS_BELOW_TARGET,0,NULL,NULL,0,2026-06-08 09:00:00 +02:00,2026-06-08 09:00:00 +02:00,AutoPilot Demo
WG310-YYC-NAS-20261117,WG310-YYC-NAS,20,NAS,Nassau,SUNWING,Sunwing,CARIBBEAN,Caribbean,WG310,YYC,Calgary,NAS,RSK,2026-11-15,Wk Nov 15,FALL,2026-11-17,06:00:00,189,18,207,25,2,27,180,13.0,13.0,78.0,470.00,430.00,141.00,101.00,-40.00,730.00,678.00,262.80,210.80,-52.00,489.26,0.61,5.00,12.1,SkyHoliday,485.00,Island Escape,445.00,445.00,25.00,0.76095377122140606,Under-bedded,0,0,NULL,0,NULL,NULL,0,2026-06-08 09:00:00 +02:00,2026-06-08 09:00:00 +02:00,NULL
WG310-YYC-NAS-20261124,WG310-YYC-NAS,21,NAS,Nassau,SUNWING,Sunwing,CARIBBEAN,Caribbean,WG310,YYC,Calgary,NAS,RSK,2026-11-22,Wk Nov 22,FALL,2026-11-24,06:00:00,186,12,198,36,1,37,161,18.7,18.7,78.0,520.00,480.00,156.00,116.00,-40.00,820.00,768.00,295.20,243.20,-52.00,528.11,0.91,5.00,18.2,Holiday Air,560.00,Resort Direct,540.00,540.00,-20.00,0.74419912591170467,Under-bedded,0,0,NULL,0,NULL,NULL,0,2026-06-08 09:00:00 +02:00,2026-06-08 09:00:00 +02:00,NULL
WG310-YYC-NAS-20261201,WG310-YYC-NAS,22,NAS,Nassau,SUNWING,Sunwing,CARIBBEAN,Caribbean,WG310,YYC,Calgary,NAS,RSK,2026-11-29,Wk Nov 29,FALL,2026-12-01,06:00:00,189,18,207,43,3,46,161,22.2,22.2,78.0,550.00,520.00,165.00,135.00,-30.00,810.00,771.00,291.60,252.60,-39.00,566.96,1.93,5.00,38.5,NorthStar Travel,565.00,Coastal Getaways,545.00,545.00,5.00,0.73044273290396711,Under-bedded,0,0,NULL,0,NULL,NULL,0,2026-06-08 09:00:00 +02:00,2026-06-08 09:00:00 +02:00,NULL
WG310-YYC-NAS-20261208,WG310-YYC-NAS,23,NAS,Nassau,SUNWING,Sunwing,CARIBBEAN,Caribbean,WG310,YYC,Calgary,NAS,RSK,2026-12-06,Wk Dec 6,WINTER,2026-12-08,06:00:00,180,16,196,33,3,36,160,18.4,18.4,78.0,550.00,540.00,165.00,155.00,-10.00,850.00,837.00,306.00,293.00,-13.00,575.00,1.23,5.00,24.7,NorthStar Travel,565.00,Coastal Getaways,600.00,565.00,-15.00,0.74012733308494139,Under-bedded,0,0,NULL,1,RM review hold,2026-06-15,0,2026-06-08 09:00:00 +02:00,2026-06-08 09:00:00 +02:00,AutoPilot Demo
WG310-YYC-NAS-20261215,WG310-YYC-NAS,24,NAS,Nassau,SUNWING,Sunwing,CARIBBEAN,Caribbean,WG310,YYC,Calgary,NAS,RSK,2026-12-13,Wk Dec 13,WINTER,2026-12-15,06:00:00,174,18,192,26,3,29,163,15.1,15.1,78.0,575.00,550.00,172.50,147.50,-25.00,975.00,942.50,351.00,318.50,-32.50,616.38,0.33,5.00,6.5,SkyHoliday,555.00,Island Escape,625.00,555.00,20.00,0.72830215803245435,Under-bedded,0,0,NULL,0,NULL,NULL,0,2026-06-08 09:00:00 +02:00,2026-06-08 09:00:00 +02:00,NULL
WG317-YVR-NAS-20260709,WG317-YVR-NAS,1,NAS,Nassau,SUNWING,Sunwing,CARIBBEAN,Caribbean,WG317,YVR,Vancouver,NAS,OWN,2026-07-05,Wk Jul 5,SUMMER,2026-07-09,16:20:00,162,16,178,139,14,153,25,86.0,91.6,78.0,740.00,780.00,251.60,291.60,40.00,1040.00,1092.00,374.40,426.40,52.00,767.45,8.55,5.00,170.9,Holiday Air,710.00,Resort Direct,750.00,710.00,30.00,0.75070238138750756,Under-bedded,0,0,NULL,0,NULL,NULL,0,2026-06-08 09:00:00 +02:00,2026-06-08 09:00:00 +02:00,NULL
WG317-YVR-NAS-20260716,WG317-YVR-NAS,2,NAS,Nassau,SUNWING,Sunwing,CARIBBEAN,Caribbean,WG317,YVR,Vancouver,NAS,OWN,2026-07-12,Wk Jul 12,SUMMER,2026-07-16,16:20:00,162,12,174,140,11,151,23,86.8,90.3,78.0,740.00,800.00,251.60,311.60,60.00,1040.00,1118.00,374.40,452.40,78.00,761.85,4.52,5.00,90.4,NorthStar Travel,730.00,Coastal Getaways,735.00,730.00,10.00,0.73984004343580267,Under-bedded,0,0,NULL,0,NULL,NULL,0,2026-06-08 09:00:00 +02:00,2026-06-08 09:00:00 +02:00,NULL
WG317-YVR-NAS-20260723,WG317-YVR-NAS,3,NAS,Nassau,SUNWING,Sunwing,CARIBBEAN,Caribbean,WG317,YVR,Vancouver,NAS,OWN,2026-07-19,Wk Jul 19,SUMMER,2026-07-23,16:20:00,180,18,198,144,16,160,38,80.8,85.2,78.0,735.00,735.00,249.90,249.90,0.00,1135.00,1155.00,408.60,428.60,20.00,775.00,7.17,5.00,143.5,Holiday Air,775.00,Resort Direct,730.00,730.00,5.00,0.74102555506691548,Under-bedded,0,0,NULL,0,NULL,NULL,0,2026-06-08 09:00:00 +02:00,2026-06-08 09:00:00 +02:00,NULL
WG317-YVR-NAS-20260730,WG317-YVR-NAS,4,NAS,Nassau,SUNWING,Sunwing,CARIBBEAN,Caribbean,WG317,YVR,Vancouver,NAS,OWN,2026-07-26,Wk Jul 26,SUMMER,2026-07-30,16:20:00,186,16,202,152,13,165,37,81.7,87.4,78.0,685.00,720.00,232.90,267.90,35.00,1085.00,1130.50,390.60,436.10,45.50,716.52,8.21,5.00,164.3,SkyHoliday,725.00,Island Escape,680.00,680.00,5.00,0.74350718858854048,Under-bedded,0,0,NULL,0,NULL,NULL,0,2026-06-08 09:00:00 +02:00,2026-06-08 09:00:00 +02:00,NULL
WG317-YVR-NAS-20260806,WG317-YVR-NAS,5,NAS,Nassau,SUNWING,Sunwing,CARIBBEAN,Caribbean,WG317,YVR,Vancouver,NAS,OWN,2026-08-02,Wk Aug 2,SUMMER,2026-08-06,16:20:00,180,16,196,143,10,153,43,78.1,81.5,78.0,735.00,735.00,249.90,249.90,0.00,1075.00,1095.00,387.00,407.00,20.00,757.22,6.87,5.00,137.3,NorthStar Travel,775.00,Coastal Getaways,755.00,755.00,-20.00,0.75265688308001100,Under-bedded,0,0,NULL,0,NULL,NULL,0,2026-06-08 09:00:00 +02:00,2026-06-08 09:00:00 +02:00,NULL
WG317-YVR-NAS-20260813,WG317-YVR-NAS,6,NAS,Nassau,SUNWING,Sunwing,CARIBBEAN,Caribbean,WG317,YVR,Vancouver,NAS,OWN,2026-08-09,Wk Aug 9,SUMMER,2026-08-13,16:20:00,150,12,162,100,9,109,53,67.3,70.7,78.0,690.00,690.00,234.60,234.60,0.00,990.00,990.00,356.40,356.40,0.00,714.77,2.94,5.00,58.8,BlueJet Vacations,670.00,MapleAir Holidays,635.00,635.00,55.00,0.75296547325671304,Under-bedded,0,0,NULL,0,NULL,NULL,0,2026-06-08 09:00:00 +02:00,2026-06-08 09:00:00 +02:00,NULL
WG317-YVR-NAS-20260820,WG317-YVR-NAS,7,NAS,Nassau,SUNWING,Sunwing,CARIBBEAN,Caribbean,WG317,YVR,Vancouver,NAS,OWN,2026-08-16,Wk Aug 16,SUMMER,2026-08-20,16:20:00,174,18,192,126,13,139,53,72.4,74.3,78.0,770.00,760.00,261.80,251.80,-10.00,1030.00,1017.00,370.80,357.80,-13.00,794.32,2.50,5.00,50.0,NorthStar Travel,750.00,Coastal Getaways,765.00,750.00,20.00,0.74113689548876704,Under-bedded,0,1,ROS_BELOW_TARGET,0,NULL,NULL,0,2026-06-08 09:00:00 +02:00,2026-06-08 09:00:00 +02:00,RM Demo User
WG317-YVR-NAS-20260827,WG317-YVR-NAS,8,NAS,Nassau,SUNWING,Sunwing,CARIBBEAN,Caribbean,WG317,YVR,Vancouver,NAS,OWN,2026-08-23,Wk Aug 23,SUMMER,2026-08-27,16:20:00,174,16,190,105,10,115,75,60.5,62.7,78.0,680.00,670.00,231.20,221.20,-10.00,1020.00,1007.00,367.20,354.20,-13.00,709.57,1.60,5.00,31.9,SkyHoliday,720.00,Island Escape,625.00,625.00,55.00,0.72090956270624673,Under-bedded,0,0,NULL,0,NULL,NULL,0,2026-06-08 09:00:00 +02:00,2026-06-08 09:00:00 +02:00,NULL
WG317-YVR-NAS-20260903,WG317-YVR-NAS,9,NAS,Nassau,SUNWING,Sunwing,CARIBBEAN,Caribbean,WG317,YVR,Vancouver,NAS,OWN,2026-08-30,Wk Aug 30,SUMMER,2026-09-03,16:20:00,174,12,186,100,7,107,79,57.5,58.4,78.0,665.00,645.00,226.10,206.10,-20.00,1065.00,1039.00,383.40,357.40,-26.00,691.17,5.01,5.00,100.2,NorthStar Travel,635.00,Coastal Getaways,675.00,635.00,30.00,0.76003058457851624,Under-bedded,0,0,NULL,0,NULL,NULL,0,2026-06-08 09:00:00 +02:00,2026-06-08 09:00:00 +02:00,NULL
WG317-YVR-NAS-20260910,WG317-YVR-NAS,10,NAS,Nassau,SUNWING,Sunwing,CARIBBEAN,Caribbean,WG317,YVR,Vancouver,NAS,OWN,2026-09-06,Wk Sep 6,FALL,2026-09-10,16:20:00,162,18,180,73,11,84,96,46.7,47.3,78.0,610.00,590.00,207.40,187.40,-20.00,1010.00,984.00,363.60,337.60,-26.00,662.38,4.65,5.00,92.9,NorthStar Travel,590.00,Coastal Getaways,630.00,590.00,20.00,0.73567510544780790,Under-bedded,1,0,NULL,0,NULL,NULL,0,2026-06-08 09:00:00 +02:00,2026-06-08 09:00:00 +02:00,RM Demo User
WG317-YVR-NAS-20260917,WG317-YVR-NAS,11,NAS,Nassau,SUNWING,Sunwing,CARIBBEAN,Caribbean,WG317,YVR,Vancouver,NAS,OWN,2026-09-13,Wk Sep 13,FALL,2026-09-17,16:20:00,186,12,198,83,4,87,111,43.9,44.7,78.0,635.00,605.00,215.90,185.90,-30.00,975.00,936.00,351.00,312.00,-39.00,650.63,1.89,5.00,37.8,Holiday Air,625.00,Resort Direct,655.00,625.00,10.00,0.73853976600735560,Under-bedded,0,1,ROS_BELOW_TARGET,0,NULL,NULL,0,2026-06-08 09:00:00 +02:00,2026-06-08 09:00:00 +02:00,AutoPilot Demo
WG317-YVR-NAS-20260924,WG317-YVR-NAS,12,NAS,Nassau,SUNWING,Sunwing,CARIBBEAN,Caribbean,WG317,YVR,Vancouver,NAS,OWN,2026-09-20,Wk Sep 20,FALL,2026-09-24,16:20:00,150,16,166,62,8,70,96,42.2,42.3,78.0,635.00,610.00,215.90,190.90,-25.00,975.00,942.50,351.00,318.50,-32.50,673.86,3.34,5.00,66.7,SkyHoliday,675.00,Island Escape,580.00,580.00,55.00,0.73650172735065622,Under-bedded,0,0,NULL,1,RM review hold,2026-06-15,0,2026-06-08 09:00:00 +02:00,2026-06-08 09:00:00 +02:00,AutoPilot Demo
WG317-YVR-NAS-20261001,WG317-YVR-NAS,13,NAS,Nassau,SUNWING,Sunwing,CARIBBEAN,Caribbean,WG317,YVR,Vancouver,NAS,OWN,2026-09-27,Wk Sep 27,FALL,2026-10-01,16:20:00,162,16,178,58,5,63,115,35.4,35.4,78.0,575.00,535.00,195.50,155.50,-40.00,915.00,863.00,329.40,277.40,-52.00,601.98,1.47,5.00,29.3,SkyHoliday,565.00,Island Escape,570.00,565.00,10.00,0.70358847460301777,Under-bedded,0,0,NULL,0,NULL,NULL,0,2026-06-08 09:00:00 +02:00,2026-06-08 09:00:00 +02:00,NULL
WG317-YVR-NAS-20261008,WG317-YVR-NAS,14,NAS,Nassau,SUNWING,Sunwing,CARIBBEAN,Caribbean,WG317,YVR,Vancouver,NAS,OWN,2026-10-04,Wk Oct 4,FALL,2026-10-08,16:20:00,180,12,192,50,4,54,138,28.1,28.1,78.0,575.00,560.00,195.50,180.50,-15.00,915.00,895.50,329.40,309.90,-19.50,600.19,1.44,5.00,28.8,BlueJet Vacations,615.00,MapleAir Holidays,625.00,615.00,-40.00,0.74588976008662122,Under-bedded,1,0,NULL,0,NULL,NULL,0,2026-06-08 09:00:00 +02:00,2026-06-08 09:00:00 +02:00,AutoPilot Demo
WG317-YVR-NAS-20261015,WG317-YVR-NAS,15,NAS,Nassau,SUNWING,Sunwing,CARIBBEAN,Caribbean,WG317,YVR,Vancouver,NAS,OWN,2026-10-11,Wk Oct 11,FALL,2026-10-15,16:20:00,150,18,168,36,4,40,128,23.8,23.8,78.0,500.00,480.00,170.00,150.00,-20.00,900.00,874.00,324.00,298.00,-26.00,540.00,1.49,5.00,29.8,SkyHoliday,480.00,Island Escape,495.00,480.00,20.00,0.72734019344553125,Under-bedded,0,1,ROS_BELOW_TARGET,0,NULL,NULL,0,2026-06-08 09:00:00 +02:00,2026-06-08 09:00:00 +02:00,AutoPilot Demo
WG317-YVR-NAS-20261022,WG317-YVR-NAS,16,NAS,Nassau,SUNWING,Sunwing,CARIBBEAN,Caribbean,WG317,YVR,Vancouver,NAS,OWN,2026-10-18,Wk Oct 18,FALL,2026-10-22,16:20:00,162,16,178,34,4,38,140,21.3,21.3,78.0,535.00,515.00,181.90,161.90,-20.00,935.00,909.00,336.60,310.60,-26.00,577.11,1.65,5.00,33.1,NorthStar Travel,525.00,Coastal Getaways,510.00,510.00,25.00,0.73416813975456319,Under-bedded,0,0,NULL,0,NULL,NULL,0,2026-06-08 09:00:00 +02:00,2026-06-08 09:00:00 +02:00,NULL
WG317-YVR-NAS-20261029,WG317-YVR-NAS,17,NAS,Nassau,SUNWING,Sunwing,CARIBBEAN,Caribbean,WG317,YVR,Vancouver,NAS,OWN,2026-10-25,Wk Oct 25,FALL,2026-10-29,16:20:00,186,18,204,47,4,51,153,25.0,25.0,78.0,560.00,520.00,190.40,150.40,-40.00,960.00,908.00,345.60,293.60,-52.00,591.37,0.98,5.00,19.7,SkyHoliday,515.00,Island Escape,555.00,515.00,45.00,0.73282954779657838,Under-bedded,0,0,NULL,0,NULL,NULL,0,2026-06-08 09:00:00 +02:00,2026-06-08 09:00:00 +02:00,NULL
WG317-YVR-NAS-20261105,WG317-YVR-NAS,18,NAS,Nassau,SUNWING,Sunwing,CARIBBEAN,Caribbean,WG317,YVR,Vancouver,NAS,OWN,2026-11-01,Wk Nov 1,FALL,2026-11-05,16:20:00,150,12,162,22,1,23,139,14.2,14.2,78.0,535.00,515.00,181.90,161.90,-20.00,935.00,909.00,336.60,310.60,-26.00,552.39,0.47,5.00,9.4,SkyHoliday,550.00,Island Escape,480.00,480.00,55.00,0.75276508088737382,Under-bedded,0,0,NULL,0,NULL,NULL,0,2026-06-08 09:00:00 +02:00,2026-06-08 09:00:00 +02:00,NULL
WG317-YVR-NAS-20261112,WG317-YVR-NAS,19,NAS,Nassau,SUNWING,Sunwing,CARIBBEAN,Caribbean,WG317,YVR,Vancouver,NAS,OWN,2026-11-08,Wk Nov 8,FALL,2026-11-12,16:20:00,150,12,162,38,2,40,122,24.7,24.7,78.0,560.00,520.00,190.40,150.40,-40.00,960.00,908.00,345.60,293.60,-52.00,580.00,1.81,5.00,36.2,Holiday Air,575.00,Resort Direct,570.00,570.00,-10.00,0.74098030308764906,Under-bedded,0,0,NULL,0,NULL,NULL,0,2026-06-08 09:00:00 +02:00,2026-06-08 09:00:00 +02:00,NULL
WG317-YVR-NAS-20261119,WG317-YVR-NAS,20,NAS,Nassau,SUNWING,Sunwing,CARIBBEAN,Caribbean,WG317,YVR,Vancouver,NAS,OWN,2026-11-15,Wk Nov 15,FALL,2026-11-19,16:20:00,189,18,207,34,3,37,170,17.9,17.9,78.0,515.00,495.00,175.10,155.10,-20.00,815.00,789.00,293.40,267.40,-26.00,539.32,1.37,5.00,27.3,Holiday Air,530.00,Resort Direct,565.00,530.00,-15.00,0.73622145896689783,Under-bedded,0,0,NULL,0,NULL,NULL,0,2026-06-08 09:00:00 +02:00,2026-06-08 09:00:00 +02:00,NULL
WG317-YVR-NAS-20261126,WG317-YVR-NAS,21,NAS,Nassau,SUNWING,Sunwing,CARIBBEAN,Caribbean,WG317,YVR,Vancouver,NAS,OWN,2026-11-22,Wk Nov 22,FALL,2026-11-26,16:20:00,180,16,196,13,2,15,181,7.7,7.7,78.0,510.00,485.00,173.40,148.40,-25.00,810.00,777.50,291.60,259.10,-32.50,550.00,0.24,5.00,4.8,NorthStar Travel,490.00,Coastal Getaways,505.00,490.00,20.00,0.72801786419352887,Under-bedded,0,0,NULL,0,NULL,NULL,0,2026-06-08 09:00:00 +02:00,2026-06-08 09:00:00 +02:00,NULL
WG317-YVR-NAS-20261203,WG317-YVR-NAS,22,NAS,Nassau,SUNWING,Sunwing,CARIBBEAN,Caribbean,WG317,YVR,Vancouver,NAS,OWN,2026-11-29,Wk Nov 29,FALL,2026-12-03,16:20:00,186,16,202,22,4,26,176,12.9,12.9,78.0,540.00,520.00,183.60,163.60,-20.00,940.00,914.00,338.40,312.40,-26.00,601.54,0.36,5.00,7.1,Holiday Air,530.00,Resort Direct,535.00,530.00,10.00,0.75153684421533073,Under-bedded,0,0,NULL,0,NULL,NULL,0,2026-06-08 09:00:00 +02:00,2026-06-08 09:00:00 +02:00,NULL
WG317-YVR-NAS-20261210,WG317-YVR-NAS,23,NAS,Nassau,SUNWING,Sunwing,CARIBBEAN,Caribbean,WG317,YVR,Vancouver,NAS,OWN,2026-12-06,Wk Dec 6,WINTER,2026-12-10,16:20:00,174,16,190,28,3,31,159,16.3,16.3,78.0,565.00,555.00,192.10,182.10,-10.00,905.00,892.00,325.80,312.80,-13.00,597.90,1.35,5.00,27.0,NorthStar Travel,590.00,Coastal Getaways,540.00,540.00,25.00,0.73431188241646961,Under-bedded,0,0,NULL,0,NULL,NULL,0,2026-06-08 09:00:00 +02:00,2026-06-08 09:00:00 +02:00,NULL
WG317-YVR-NAS-20261217,WG317-YVR-NAS,24,NAS,Nassau,SUNWING,Sunwing,CARIBBEAN,Caribbean,WG317,YVR,Vancouver,NAS,OWN,2026-12-13,Wk Dec 13,WINTER,2026-12-17,16:20:00,162,16,178,12,2,14,164,7.9,7.9,78.0,530.00,505.00,180.20,155.20,-25.00,930.00,897.50,334.80,302.30,-32.50,587.14,0.51,5.00,10.3,SkyHoliday,510.00,Island Escape,580.00,510.00,20.00,0.77169991307402541,Under-bedded,0,0,NULL,0,NULL,NULL,0,2026-06-08 09:00:00 +02:00,2026-06-08 09:00:00 +02:00,NULL
WG324-YEG-NAS-20260711,WG324-YEG-NAS,1,NAS,Nassau,SUNWING,Sunwing,CARIBBEAN,Caribbean,WG324,YEG,Edmonton,NAS,3RD,2026-07-05,Wk Jul 5,SUMMER,2026-07-11,06:00:00,186,0,186,156,0,156,30,83.9,86.9,78.0,740.00,800.00,199.80,259.80,60.00,NULL,NULL,NULL,NULL,NULL,740.00,8.35,5.00,167.1,Holiday Air,730.00,Resort Direct,760.00,730.00,10.00,0.75776805914000578,Under-bedded,0,0,NULL,0,NULL,NULL,0,2026-06-08 09:00:00 +02:00,2026-06-08 09:00:00 +02:00,NULL
WG324-YEG-NAS-20260718,WG324-YEG-NAS,2,NAS,Nassau,SUNWING,Sunwing,CARIBBEAN,Caribbean,WG324,YEG,Edmonton,NAS,3RD,2026-07-12,Wk Jul 12,SUMMER,2026-07-18,06:00:00,150,0,150,112,0,112,38,74.7,79.4,78.0,710.00,740.00,191.70,221.70,30.00,NULL,NULL,NULL,NULL,NULL,710.00,7.83,5.00,156.6,SkyHoliday,735.00,Island Escape,705.00,705.00,5.00,0.72551441812061912,Under-bedded,0,0,NULL,0,NULL,NULL,0,2026-06-08 09:00:00 +02:00,2026-06-08 09:00:00 +02:00,NULL
WG324-YEG-NAS-20260725,WG324-YEG-NAS,3,NAS,Nassau,SUNWING,Sunwing,CARIBBEAN,Caribbean,WG324,YEG,Edmonton,NAS,3RD,2026-07-19,Wk Jul 19,SUMMER,2026-07-25,06:00:00,150,0,150,111,0,111,39,74.0,78.6,78.0,710.00,680.00,191.70,161.70,-30.00,NULL,NULL,NULL,NULL,NULL,710.00,1.96,5.00,39.2,Holiday Air,680.00,Resort Direct,760.00,680.00,30.00,0.73347458710306024,Under-bedded,1,0,NULL,0,NULL,NULL,0,2026-06-08 09:00:00 +02:00,2026-06-08 09:00:00 +02:00,AutoPilot Demo
WG324-YEG-NAS-20260801,WG324-YEG-NAS,4,NAS,Nassau,SUNWING,Sunwing,CARIBBEAN,Caribbean,WG324,YEG,Edmonton,NAS,3RD,2026-07-26,Wk Jul 26,SUMMER,2026-08-01,06:00:00,189,0,189,145,0,145,44,76.7,81.2,78.0,715.00,715.00,193.05,193.05,0.00,NULL,NULL,NULL,NULL,NULL,715.00,4.95,5.00,99.1,SkyHoliday,695.00,Island Escape,710.00,695.00,20.00,0.75815264654568648,Under-bedded,0,0,NULL,0,NULL,NULL,0,2026-06-08 09:00:00 +02:00,2026-06-08 09:00:00 +02:00,NULL
WG324-YEG-NAS-20260808,WG324-YEG-NAS,5,NAS,Nassau,SUNWING,Sunwing,CARIBBEAN,Caribbean,WG324,YEG,Edmonton,NAS,3RD,2026-08-02,Wk Aug 2,SUMMER,2026-08-08,06:00:00,162,0,162,111,0,111,51,68.5,71.4,78.0,720.00,720.00,194.40,194.40,0.00,NULL,NULL,NULL,NULL,NULL,720.00,3.87,5.00,77.5,BlueJet Vacations,760.00,MapleAir Holidays,695.00,695.00,25.00,0.74584405067871551,Under-bedded,1,0,NULL,0,NULL,NULL,0,2026-06-08 09:00:00 +02:00,2026-06-08 09:00:00 +02:00,NULL
WG324-YEG-NAS-20260815,WG324-YEG-NAS,6,NAS,Nassau,SUNWING,Sunwing,CARIBBEAN,Caribbean,WG324,YEG,Edmonton,NAS,3RD,2026-08-09,Wk Aug 9,SUMMER,2026-08-15,06:00:00,186,0,186,123,0,123,63,66.1,68.7,78.0,715.00,715.00,193.05,193.05,0.00,NULL,NULL,NULL,NULL,NULL,715.00,3.04,5.00,60.7,NorthStar Travel,755.00,Coastal Getaways,710.00,710.00,5.00,0.76364237650273159,Under-bedded,0,0,NULL,0,NULL,NULL,0,2026-06-08 09:00:00 +02:00,2026-06-08 09:00:00 +02:00,NULL
WG324-YEG-NAS-20260822,WG324-YEG-NAS,7,NAS,Nassau,SUNWING,Sunwing,CARIBBEAN,Caribbean,WG324,YEG,Edmonton,NAS,3RD,2026-08-16,Wk Aug 16,SUMMER,2026-08-22,06:00:00,180,0,180,91,0,91,89,50.6,54.0,78.0,660.00,620.00,178.20,138.20,-40.00,NULL,NULL,NULL,NULL,NULL,660.00,3.08,5.00,61.6,NorthStar Travel,700.00,Coastal Getaways,695.00,695.00,-35.00,0.72335962415409172,Under-bedded,0,0,NULL,0,NULL,NULL,0,2026-06-08 09:00:00 +02:00,2026-06-08 09:00:00 +02:00,NULL
WG324-YEG-NAS-20260829,WG324-YEG-NAS,8,NAS,Nassau,SUNWING,Sunwing,CARIBBEAN,Caribbean,WG324,YEG,Edmonton,NAS,3RD,2026-08-23,Wk Aug 23,SUMMER,2026-08-29,06:00:00,180,0,180,101,0,101,79,56.1,57.7,78.0,655.00,640.00,176.85,161.85,-15.00,NULL,NULL,NULL,NULL,NULL,655.00,2.01,5.00,40.2,BlueJet Vacations,635.00,MapleAir Holidays,650.00,635.00,20.00,0.74819744014374379,Under-bedded,0,0,NULL,0,NULL,NULL,0,2026-06-08 09:00:00 +02:00,2026-06-08 09:00:00 +02:00,NULL
WG324-YEG-NAS-20260905,WG324-YEG-NAS,9,NAS,Nassau,SUNWING,Sunwing,CARIBBEAN,Caribbean,WG324,YEG,Edmonton,NAS,3RD,2026-08-30,Wk Aug 30,SUMMER,2026-09-05,06:00:00,150,0,150,82,0,82,68,54.7,56.2,78.0,655.00,625.00,176.85,146.85,-30.00,NULL,NULL,NULL,NULL,NULL,655.00,1.37,5.00,27.3,NorthStar Travel,625.00,Coastal Getaways,630.00,625.00,30.00,0.71818634706896645,Under-bedded,0,0,NULL,0,NULL,NULL,0,2026-06-08 09:00:00 +02:00,2026-06-08 09:00:00 +02:00,NULL
WG324-YEG-NAS-20260912,WG324-YEG-NAS,10,NAS,Nassau,SUNWING,Sunwing,CARIBBEAN,Caribbean,WG324,YEG,Edmonton,NAS,3RD,2026-09-06,Wk Sep 6,FALL,2026-09-12,06:00:00,180,0,180,87,0,87,93,48.3,49.6,78.0,550.00,525.00,148.50,123.50,-25.00,NULL,NULL,NULL,NULL,NULL,550.00,4.90,5.00,97.9,SkyHoliday,505.00,Island Escape,560.00,505.00,45.00,0.73665035346018215,Under-bedded,0,0,NULL,0,NULL,NULL,0,2026-06-08 09:00:00 +02:00,2026-06-08 09:00:00 +02:00,NULL
WG324-YEG-NAS-20260919,WG324-YEG-NAS,11,NAS,Nassau,SUNWING,Sunwing,CARIBBEAN,Caribbean,WG324,YEG,Edmonton,NAS,3RD,2026-09-13,Wk Sep 13,FALL,2026-09-19,06:00:00,180,0,180,90,0,90,90,50.0,50.6,78.0,570.00,555.00,153.90,138.90,-15.00,NULL,NULL,NULL,NULL,NULL,570.00,4.74,5.00,94.8,BlueJet Vacations,595.00,MapleAir Holidays,545.00,545.00,25.00,0.75271333972261856,Under-bedded,0,0,NULL,0,NULL,NULL,0,2026-06-08 09:00:00 +02:00,2026-06-08 09:00:00 +02:00,NULL
WG324-YEG-NAS-20260926,WG324-YEG-NAS,12,NAS,Nassau,SUNWING,Sunwing,CARIBBEAN,Caribbean,WG324,YEG,Edmonton,NAS,3RD,2026-09-20,Wk Sep 20,FALL,2026-09-26,06:00:00,189,0,189,80,0,80,109,42.3,42.3,78.0,535.00,510.00,144.45,119.45,-25.00,NULL,NULL,NULL,NULL,NULL,535.00,1.96,5.00,39.2,Holiday Air,550.00,Resort Direct,480.00,480.00,55.00,0.76682620314336003,Under-bedded,0,0,NULL,0,NULL,NULL,0,2026-06-08 09:00:00 +02:00,2026-06-08 09:00:00 +02:00,NULL
WG324-YEG-NAS-20261003,WG324-YEG-NAS,13,NAS,Nassau,SUNWING,Sunwing,CARIBBEAN,Caribbean,WG324,YEG,Edmonton,NAS,3RD,2026-09-27,Wk Sep 27,FALL,2026-10-03,06:00:00,174,0,174,58,0,58,116,33.3,33.3,78.0,550.00,540.00,148.50,138.50,-10.00,NULL,NULL,NULL,NULL,NULL,550.00,2.99,5.00,59.8,BlueJet Vacations,505.00,MapleAir Holidays,545.00,505.00,45.00,0.74895359683728058,Under-bedded,0,0,NULL,0,NULL,NULL,0,2026-06-08 09:00:00 +02:00,2026-06-08 09:00:00 +02:00,NULL
WG324-YEG-NAS-20261010,WG324-YEG-NAS,14,NAS,Nassau,SUNWING,Sunwing,CARIBBEAN,Caribbean,WG324,YEG,Edmonton,NAS,3RD,2026-10-04,Wk Oct 4,FALL,2026-10-10,06:00:00,162,0,162,61,0,61,101,37.7,37.7,78.0,540.00,520.00,145.80,125.80,-20.00,NULL,NULL,NULL,NULL,NULL,540.00,2.32,5.00,46.4,Holiday Air,520.00,Resort Direct,515.00,515.00,25.00,0.71465405568324925,Under-bedded,0,0,NULL,0,NULL,NULL,0,2026-06-08 09:00:00 +02:00,2026-06-08 09:00:00 +02:00,NULL
WG324-YEG-NAS-20261017,WG324-YEG-NAS,15,NAS,Nassau,SUNWING,Sunwing,CARIBBEAN,Caribbean,WG324,YEG,Edmonton,NAS,3RD,2026-10-11,Wk Oct 11,FALL,2026-10-17,06:00:00,150,0,150,35,0,35,115,23.3,23.3,78.0,560.00,545.00,151.20,136.20,-15.00,NULL,NULL,NULL,NULL,NULL,560.00,1.12,5.00,22.4,Holiday Air,530.00,Resort Direct,580.00,530.00,30.00,0.73794473462923693,Under-bedded,0,1,ROS_BELOW_TARGET,0,NULL,NULL,0,2026-06-08 09:00:00 +02:00,2026-06-08 09:00:00 +02:00,RM Demo User
WG324-YEG-NAS-20261024,WG324-YEG-NAS,16,NAS,Nassau,SUNWING,Sunwing,CARIBBEAN,Caribbean,WG324,YEG,Edmonton,NAS,3RD,2026-10-18,Wk Oct 18,FALL,2026-10-24,06:00:00,174,0,174,50,0,50,124,28.7,28.7,78.0,520.00,495.00,140.40,115.40,-25.00,NULL,NULL,NULL,NULL,NULL,520.00,2.40,5.00,47.9,SkyHoliday,500.00,Island Escape,515.00,500.00,20.00,0.75242957229029339,Under-bedded,1,0,NULL,0,NULL,NULL,0,2026-06-08 09:00:00 +02:00,2026-06-08 09:00:00 +02:00,RM Demo User
WG324-YEG-NAS-20261031,WG324-YEG-NAS,17,NAS,Nassau,SUNWING,Sunwing,CARIBBEAN,Caribbean,WG324,YEG,Edmonton,NAS,3RD,2026-10-25,Wk Oct 25,FALL,2026-10-31,06:00:00,162,0,162,38,0,38,124,23.5,23.5,78.0,515.00,475.00,139.05,99.05,-40.00,NULL,NULL,NULL,NULL,NULL,515.00,1.58,5.00,31.7,Holiday Air,505.00,Resort Direct,460.00,460.00,55.00,0.75008519349023517,Under-bedded,0,1,ROS_BELOW_TARGET,0,NULL,NULL,0,2026-06-08 09:00:00 +02:00,2026-06-08 09:00:00 +02:00,AutoPilot Demo
WG324-YEG-NAS-20261107,WG324-YEG-NAS,18,NAS,Nassau,SUNWING,Sunwing,CARIBBEAN,Caribbean,WG324,YEG,Edmonton,NAS,3RD,2026-11-01,Wk Nov 1,FALL,2026-11-07,06:00:00,189,0,189,33,0,33,156,17.5,17.5,78.0,490.00,475.00,132.30,117.30,-15.00,NULL,NULL,NULL,NULL,NULL,490.00,0.58,5.00,11.5,Holiday Air,480.00,Resort Direct,525.00,480.00,10.00,0.71882775347688732,Under-bedded,1,1,ROS_BELOW_TARGET,0,NULL,NULL,0,2026-06-08 09:00:00 +02:00,2026-06-08 09:00:00 +02:00,AutoPilot Demo
WG324-YEG-NAS-20261114,WG324-YEG-NAS,19,NAS,Nassau,SUNWING,Sunwing,CARIBBEAN,Caribbean,WG324,YEG,Edmonton,NAS,3RD,2026-11-08,Wk Nov 8,FALL,2026-11-14,06:00:00,186,0,186,42,0,42,144,22.6,22.6,78.0,505.00,465.00,136.35,96.35,-40.00,NULL,NULL,NULL,NULL,NULL,505.00,0.83,5.00,16.6,BlueJet Vacations,495.00,MapleAir Holidays,450.00,450.00,55.00,0.72502148734490268,Under-bedded,0,0,NULL,0,NULL,NULL,0,2026-06-08 09:00:00 +02:00,2026-06-08 09:00:00 +02:00,NULL
WG324-YEG-NAS-20261121,WG324-YEG-NAS,20,NAS,Nassau,SUNWING,Sunwing,CARIBBEAN,Caribbean,WG324,YEG,Edmonton,NAS,3RD,2026-11-15,Wk Nov 15,FALL,2026-11-21,06:00:00,189,0,189,29,0,29,160,15.3,15.3,78.0,500.00,470.00,135.00,105.00,-30.00,NULL,NULL,NULL,NULL,NULL,500.00,0.48,5.00,9.6,SkyHoliday,480.00,Island Escape,475.00,475.00,25.00,0.74193870127253037,Under-bedded,0,0,NULL,0,NULL,NULL,0,2026-06-08 09:00:00 +02:00,2026-06-08 09:00:00 +02:00,NULL
WG324-YEG-NAS-20261128,WG324-YEG-NAS,21,NAS,Nassau,SUNWING,Sunwing,CARIBBEAN,Caribbean,WG324,YEG,Edmonton,NAS,3RD,2026-11-22,Wk Nov 22,FALL,2026-11-28,06:00:00,162,0,162,24,0,24,138,14.8,14.8,78.0,490.00,460.00,132.30,102.30,-30.00,NULL,NULL,NULL,NULL,NULL,490.00,0.75,5.00,15.1,Holiday Air,470.00,Resort Direct,465.00,465.00,25.00,0.74983095527524068,Under-bedded,0,0,NULL,0,NULL,NULL,0,2026-06-08 09:00:00 +02:00,2026-06-08 09:00:00 +02:00,NULL
WG324-YEG-NAS-20261205,WG324-YEG-NAS,22,NAS,Nassau,SUNWING,Sunwing,CARIBBEAN,Caribbean,WG324,YEG,Edmonton,NAS,3RD,2026-11-29,Wk Nov 29,FALL,2026-12-05,06:00:00,186,0,186,26,0,26,160,14.0,14.0,78.0,485.00,475.00,130.95,120.95,-10.00,NULL,NULL,NULL,NULL,NULL,485.00,0.94,5.00,18.7,SkyHoliday,510.00,Island Escape,495.00,495.00,-10.00,0.74938347291489915,Under-bedded,0,1,ROS_BELOW_TARGET,0,NULL,NULL,0,2026-06-08 09:00:00 +02:00,2026-06-08 09:00:00 +02:00,NULL
WG324-YEG-NAS-20261212,WG324-YEG-NAS,23,NAS,Nassau,SUNWING,Sunwing,CARIBBEAN,Caribbean,WG324,YEG,Edmonton,NAS,3RD,2026-12-06,Wk Dec 6,WINTER,2026-12-12,06:00:00,162,0,162,24,0,24,138,14.8,14.8,78.0,540.00,500.00,145.80,105.80,-40.00,NULL,NULL,NULL,NULL,NULL,540.00,0.85,5.00,17.0,SkyHoliday,530.00,Island Escape,485.00,485.00,55.00,0.73236353704190049,Under-bedded,0,1,ROS_BELOW_TARGET,0,NULL,NULL,0,2026-06-08 09:00:00 +02:00,2026-06-08 09:00:00 +02:00,RM Demo User
WG324-YEG-NAS-20261219,WG324-YEG-NAS,24,NAS,Nassau,SUNWING,Sunwing,CARIBBEAN,Caribbean,WG324,YEG,Edmonton,NAS,3RD,2026-12-13,Wk Dec 13,WINTER,2026-12-19,06:00:00,180,0,180,9,0,9,171,5.0,5.0,78.0,505.00,490.00,136.35,121.35,-15.00,NULL,NULL,NULL,NULL,NULL,505.00,0.27,5.00,5.4,NorthStar Travel,530.00,Coastal Getaways,515.00,515.00,-10.00,0.73054126940127750,Under-bedded,0,0,NULL,0,NULL,NULL,0,2026-06-08 09:00:00 +02:00,2026-06-08 09:00:00 +02:00,NULL
WG331-YYC-PVR-20260706,WG331-YYC-PVR,1,PVR,Puerto Vallarta,SUNWING,Sunwing,MEXICO,Mexico,WG331,YYC,Calgary,PVR,RSK,2026-07-05,Wk Jul 5,SUMMER,2026-07-06,07:15:00,180,16,196,174,14,188,8,95.9,99.0,78.0,840.00,855.00,252.00,267.00,15.00,1140.00,1159.50,410.40,429.90,19.50,862.34,2.99,5.00,59.8,SkyHoliday,855.00,Island Escape,890.00,855.00,-15.00,1.06336130551542496,Balanced,0,0,NULL,0,NULL,NULL,1,2026-06-08 09:00:00 +02:00,2026-06-08 09:00:00 +02:00,NULL
WG331-YYC-PVR-20260713,WG331-YYC-PVR,2,PVR,Puerto Vallarta,SUNWING,Sunwing,MEXICO,Mexico,WG331,YYC,Calgary,PVR,RSK,2026-07-12,Wk Jul 12,SUMMER,2026-07-13,07:15:00,174,12,186,137,10,147,39,79.0,81.8,78.0,830.00,845.00,249.00,264.00,15.00,1090.00,1109.50,392.40,411.90,19.50,847.69,7.25,5.00,145.0,SkyHoliday,870.00,Island Escape,775.00,775.00,55.00,1.05151576733232610,Balanced,0,0,NULL,0,NULL,NULL,0,2026-06-08 09:00:00 +02:00,2026-06-08 09:00:00 +02:00,NULL
WG331-YYC-PVR-20260720,WG331-YYC-PVR,3,PVR,Puerto Vallarta,SUNWING,Sunwing,MEXICO,Mexico,WG331,YYC,Calgary,PVR,RSK,2026-07-19,Wk Jul 19,SUMMER,2026-07-20,07:15:00,162,12,174,132,8,140,34,80.5,84.0,78.0,805.00,785.00,241.50,221.50,-20.00,1105.00,1079.00,397.80,371.80,-26.00,822.14,2.69,5.00,53.8,SkyHoliday,830.00,Island Escape,815.00,815.00,-10.00,1.05863405330310756,Balanced,0,0,NULL,0,NULL,NULL,0,2026-06-08 09:00:00 +02:00,2026-06-08 09:00:00 +02:00,NULL
WG331-YYC-PVR-20260727,WG331-YYC-PVR,4,PVR,Puerto Vallarta,SUNWING,Sunwing,MEXICO,Mexico,WG331,YYC,Calgary,PVR,RSK,2026-07-26,Wk Jul 26,SUMMER,2026-07-27,07:15:00,180,16,196,121,11,132,64,67.3,69.4,78.0,830.00,830.00,249.00,249.00,0.00,1090.00,1090.00,392.40,392.40,0.00,851.67,5.38,5.00,107.7,NorthStar Travel,870.00,Coastal Getaways,805.00,805.00,25.00,1.03759282461133329,Balanced,0,0,NULL,0,NULL,NULL,0,2026-06-08 09:00:00 +02:00,2026-06-08 09:00:00 +02:00,NULL
WG331-YYC-PVR-20260803,WG331-YYC-PVR,5,PVR,Puerto Vallarta,SUNWING,Sunwing,MEXICO,Mexico,WG331,YYC,Calgary,PVR,RSK,2026-08-02,Wk Aug 2,SUMMER,2026-08-03,07:15:00,162,16,178,121,14,135,43,75.8,80.2,78.0,810.00,810.00,243.00,243.00,0.00,1070.00,1070.00,385.20,385.20,0.00,836.96,6.35,5.00,126.9,SkyHoliday,790.00,Island Escape,845.00,790.00,20.00,1.04753578292585825,Balanced,0,0,NULL,0,NULL,NULL,0,2026-06-08 09:00:00 +02:00,2026-06-08 09:00:00 +02:00,NULL
WG331-YYC-PVR-20260810,WG331-YYC-PVR,6,PVR,Puerto Vallarta,SUNWING,Sunwing,MEXICO,Mexico,WG331,YYC,Calgary,PVR,RSK,2026-08-09,Wk Aug 9,SUMMER,2026-08-10,07:15:00,186,18,204,140,16,156,48,76.5,79.6,78.0,840.00,840.00,252.00,252.00,0.00,1180.00,1180.00,424.80,424.80,0.00,874.87,5.65,5.00,113.0,BlueJet Vacations,810.00,MapleAir Holidays,815.00,810.00,30.00,1.03880507349178819,Balanced,0,0,NULL,0,NULL,NULL,0,2026-06-08 09:00:00 +02:00,2026-06-08 09:00:00 +02:00,NULL
WG331-YYC-PVR-20260817,WG331-YYC-PVR,7,PVR,Puerto Vallarta,SUNWING,Sunwing,MEXICO,Mexico,WG331,YYC,Calgary,PVR,RSK,2026-08-16,Wk Aug 16,SUMMER,2026-08-17,07:15:00,189,16,205,132,13,145,60,70.7,72.5,78.0,820.00,800.00,246.00,226.00,-20.00,1220.00,1194.00,439.20,413.20,-26.00,855.86,1.84,5.00,36.8,BlueJet Vacations,810.00,MapleAir Holidays,765.00,765.00,55.00,1.05489511211561782,Balanced,0,0,NULL,0,NULL,NULL,0,2026-06-08 09:00:00 +02:00,2026-06-08 09:00:00 +02:00,NULL
WG331-YYC-PVR-20260824,WG331-YYC-PVR,8,PVR,Puerto Vallarta,SUNWING,Sunwing,MEXICO,Mexico,WG331,YYC,Calgary,PVR,RSK,2026-08-23,Wk Aug 23,SUMMER,2026-08-24,07:15:00,174,12,186,93,7,100,86,53.8,55.5,78.0,795.00,755.00,238.50,198.50,-40.00,1195.00,1143.00,430.20,378.20,-52.00,823.00,4.34,5.00,86.8,SkyHoliday,785.00,Island Escape,830.00,785.00,10.00,1.06063131490290496,Balanced,1,0,NULL,0,NULL,NULL,0,2026-06-08 09:00:00 +02:00,2026-06-08 09:00:00 +02:00,AutoPilot Demo
WG331-YYC-PVR-20260831,WG331-YYC-PVR,9,PVR,Puerto Vallarta,SUNWING,Sunwing,MEXICO,Mexico,WG331,YYC,Calgary,PVR,RSK,2026-08-30,Wk Aug 30,SUMMER,2026-08-31,07:15:00,150,18,168,93,10,103,65,61.3,62.9,78.0,805.00,805.00,241.50,241.50,0.00,1105.00,1105.00,397.80,397.80,0.00,834.13,4.79,5.00,95.9,NorthStar Travel,830.00,Coastal Getaways,855.00,830.00,-25.00,1.03387612637885562,Balanced,0,0,NULL,0,NULL,NULL,0,2026-06-08 09:00:00 +02:00,2026-06-08 09:00:00 +02:00,NULL
WG331-YYC-PVR-20260907,WG331-YYC-PVR,10,PVR,Puerto Vallarta,SUNWING,Sunwing,MEXICO,Mexico,WG331,YYC,Calgary,PVR,RSK,2026-09-06,Wk Sep 6,FALL,2026-09-07,07:15:00,162,12,174,87,5,92,82,52.9,53.9,78.0,700.00,675.00,210.00,185.00,-25.00,1000.00,967.50,360.00,327.50,-32.50,716.30,2.41,5.00,48.2,NorthStar Travel,725.00,Coastal Getaways,695.00,695.00,5.00,1.05509800628026507,Balanced,0,1,ROS_BELOW_TARGET,0,NULL,NULL,0,2026-06-08 09:00:00 +02:00,2026-06-08 09:00:00 +02:00,RM Demo User
WG331-YYC-PVR-20260914,WG331-YYC-PVR,11,PVR,Puerto Vallarta,SUNWING,Sunwing,MEXICO,Mexico,WG331,YYC,Calgary,PVR,RSK,2026-09-13,Wk Sep 13,FALL,2026-09-14,07:15:00,150,12,162,83,7,90,72,55.6,56.5,78.0,715.00,675.00,214.50,174.50,-40.00,975.00,923.00,351.00,299.00,-52.00,735.22,5.18,5.00,103.6,SkyHoliday,685.00,Island Escape,710.00,685.00,30.00,1.05876285378270607,Balanced,0,0,NULL,0,NULL,NULL,0,2026-06-08 09:00:00 +02:00,2026-06-08 09:00:00 +02:00,NULL
WG331-YYC-PVR-20260921,WG331-YYC-PVR,12,PVR,Puerto Vallarta,SUNWING,Sunwing,MEXICO,Mexico,WG331,YYC,Calgary,PVR,RSK,2026-09-20,Wk Sep 20,FALL,2026-09-21,07:15:00,189,12,201,82,6,88,113,43.8,44.2,78.0,670.00,660.00,201.00,191.00,-10.00,1070.00,1057.00,385.20,372.20,-13.00,697.27,1.94,5.00,38.8,NorthStar Travel,625.00,Coastal Getaways,645.00,625.00,45.00,1.07953759315667797,Balanced,0,0,NULL,0,NULL,NULL,0,2026-06-08 09:00:00 +02:00,2026-06-08 09:00:00 +02:00,NULL
WG331-YYC-PVR-20260928,WG331-YYC-PVR,13,PVR,Puerto Vallarta,SUNWING,Sunwing,MEXICO,Mexico,WG331,YYC,Calgary,PVR,RSK,2026-09-27,Wk Sep 27,FALL,2026-09-28,07:15:00,189,16,205,77,5,82,123,40.0,40.0,78.0,705.00,665.00,211.50,171.50,-40.00,965.00,913.00,347.40,295.40,-52.00,720.85,2.44,5.00,48.8,SkyHoliday,730.00,Island Escape,680.00,680.00,25.00,1.04919085945726720,Balanced,0,0,NULL,0,NULL,NULL,0,2026-06-08 09:00:00 +02:00,2026-06-08 09:00:00 +02:00,NULL
WG331-YYC-PVR-20261005,WG331-YYC-PVR,14,PVR,Puerto Vallarta,SUNWING,Sunwing,MEXICO,Mexico,WG331,YYC,Calgary,PVR,RSK,2026-10-04,Wk Oct 4,FALL,2026-10-05,07:15:00,150,16,166,41,3,44,122,26.5,26.5,78.0,640.00,615.00,192.00,167.00,-25.00,900.00,867.50,324.00,291.50,-32.50,657.73,1.63,5.00,32.7,BlueJet Vacations,620.00,MapleAir Holidays,650.00,620.00,20.00,1.03620973369951663,Balanced,0,0,NULL,0,NULL,NULL,0,2026-06-08 09:00:00 +02:00,2026-06-08 09:00:00 +02:00,NULL
WG331-YYC-PVR-20261012,WG331-YYC-PVR,15,PVR,Puerto Vallarta,SUNWING,Sunwing,MEXICO,Mexico,WG331,YYC,Calgary,PVR,RSK,2026-10-11,Wk Oct 11,FALL,2026-10-12,07:15:00,150,16,166,39,5,44,122,26.5,26.5,78.0,620.00,580.00,186.00,146.00,-40.00,1020.00,968.00,367.20,315.20,-52.00,665.45,2.09,5.00,41.7,Holiday Air,575.00,Resort Direct,615.00,575.00,45.00,1.05106423175037600,Balanced,0,0,NULL,0,NULL,NULL,0,2026-06-08 09:00:00 +02:00,2026-06-08 09:00:00 +02:00,NULL
WG331-YYC-PVR-20261019,WG331-YYC-PVR,16,PVR,Puerto Vallarta,SUNWING,Sunwing,MEXICO,Mexico,WG331,YYC,Calgary,PVR,RSK,2026-10-18,Wk Oct 18,FALL,2026-10-19,07:15:00,189,12,201,51,4,55,146,27.4,27.4,78.0,675.00,650.00,202.50,177.50,-25.00,935.00,902.50,336.60,304.10,-32.50,693.91,1.08,5.00,21.5,NorthStar Travel,655.00,Coastal Getaways,685.00,655.00,20.00,1.04120461905629957,Balanced,0,1,ROS_BELOW_TARGET,0,NULL,NULL,0,2026-06-08 09:00:00 +02:00,2026-06-08 09:00:00 +02:00,AutoPilot Demo
WG331-YYC-PVR-20261026,WG331-YYC-PVR,17,PVR,Puerto Vallarta,SUNWING,Sunwing,MEXICO,Mexico,WG331,YYC,Calgary,PVR,RSK,2026-10-25,Wk Oct 25,FALL,2026-10-26,07:15:00,150,18,168,38,5,43,125,25.6,25.6,78.0,665.00,635.00,199.50,169.50,-30.00,1065.00,1026.00,383.40,344.40,-39.00,711.51,1.97,5.00,39.5,Holiday Air,705.00,Resort Direct,715.00,705.00,-40.00,1.04009922526947918,Balanced,0,1,ROS_BELOW_TARGET,0,NULL,NULL,0,2026-06-08 09:00:00 +02:00,2026-06-08 09:00:00 +02:00,AutoPilot Demo
WG331-YYC-PVR-20261102,WG331-YYC-PVR,18,PVR,Puerto Vallarta,SUNWING,Sunwing,MEXICO,Mexico,WG331,YYC,Calgary,PVR,RSK,2026-11-01,Wk Nov 1,FALL,2026-11-02,07:15:00,162,12,174,42,3,45,129,25.9,25.9,78.0,650.00,635.00,195.00,180.00,-15.00,950.00,930.50,342.00,322.50,-19.50,670.00,1.15,5.00,23.0,SkyHoliday,675.00,Island Escape,660.00,660.00,-10.00,1.04586075280557589,Balanced,0,0,NULL,0,NULL,NULL,0,2026-06-08 09:00:00 +02:00,2026-06-08 09:00:00 +02:00,NULL
WG331-YYC-PVR-20261109,WG331-YYC-PVR,19,PVR,Puerto Vallarta,SUNWING,Sunwing,MEXICO,Mexico,WG331,YYC,Calgary,PVR,RSK,2026-11-08,Wk Nov 8,FALL,2026-11-09,07:15:00,189,12,201,20,3,23,178,11.4,11.4,78.0,580.00,565.00,174.00,159.00,-15.00,980.00,960.50,352.80,333.30,-19.50,632.17,1.05,5.00,21.1,Holiday Air,595.00,Resort Direct,630.00,595.00,-15.00,1.05463523030481432,Balanced,0,0,NULL,0,NULL,NULL,0,2026-06-08 09:00:00 +02:00,2026-06-08 09:00:00 +02:00,NULL
WG331-YYC-PVR-20261116,WG331-YYC-PVR,20,PVR,Puerto Vallarta,SUNWING,Sunwing,MEXICO,Mexico,WG331,YYC,Calgary,PVR,RSK,2026-11-15,Wk Nov 15,FALL,2026-11-16,07:15:00,186,16,202,46,6,52,150,25.7,25.7,78.0,615.00,575.00,184.50,144.50,-40.00,875.00,823.00,315.00,263.00,-52.00,645.00,2.47,5.00,49.4,Holiday Air,655.00,Resort Direct,635.00,635.00,-20.00,1.05020543320938176,Balanced,0,0,NULL,0,NULL,NULL,0,2026-06-08 09:00:00 +02:00,2026-06-08 09:00:00 +02:00,NULL
WG331-YYC-PVR-20261123,WG331-YYC-PVR,21,PVR,Puerto Vallarta,SUNWING,Sunwing,MEXICO,Mexico,WG331,YYC,Calgary,PVR,RSK,2026-11-22,Wk Nov 22,FALL,2026-11-23,07:15:00,180,16,196,23,3,26,170,13.3,13.3,78.0,630.00,615.00,189.00,174.00,-15.00,970.00,950.50,349.20,329.70,-19.50,669.23,0.70,5.00,14.0,SkyHoliday,655.00,Island Escape,650.00,650.00,-20.00,1.04627772849766698,Balanced,0,0,NULL,1,RM review hold,2026-07-06,0,2026-06-08 09:00:00 +02:00,2026-06-08 09:00:00 +02:00,RM Demo User
WG331-YYC-PVR-20261130,WG331-YYC-PVR,22,PVR,Puerto Vallarta,SUNWING,Sunwing,MEXICO,Mexico,WG331,YYC,Calgary,PVR,RSK,2026-11-29,Wk Nov 29,FALL,2026-11-30,07:15:00,180,16,196,11,2,13,183,6.6,6.6,78.0,610.00,585.00,183.00,158.00,-25.00,870.00,837.50,313.20,280.70,-32.50,650.00,0.15,5.00,3.0,NorthStar Travel,650.00,Coastal Getaways,645.00,645.00,-35.00,1.07098680771094612,Balanced,0,1,ROS_BELOW_TARGET,0,NULL,NULL,0,2026-06-08 09:00:00 +02:00,2026-06-08 09:00:00 +02:00,RM Demo User
WG331-YYC-PVR-20261207,WG331-YYC-PVR,23,PVR,Puerto Vallarta,SUNWING,Sunwing,MEXICO,Mexico,WG331,YYC,Calgary,PVR,RSK,2026-12-06,Wk Dec 6,WINTER,2026-12-07,07:15:00,150,18,168,20,6,26,142,15.5,15.5,78.0,660.00,620.00,198.00,158.00,-40.00,1000.00,948.00,360.00,308.00,-52.00,738.46,0.43,5.00,8.5,BlueJet Vacations,615.00,MapleAir Holidays,680.00,615.00,45.00,1.04029947433043346,Balanced,0,0,NULL,0,NULL,NULL,0,2026-06-08 09:00:00 +02:00,2026-06-08 09:00:00 +02:00,NULL
WG331-YYC-PVR-20261214,WG331-YYC-PVR,24,PVR,Puerto Vallarta,SUNWING,Sunwing,MEXICO,Mexico,WG331,YYC,Calgary,PVR,RSK,2026-12-13,Wk Dec 13,WINTER,2026-12-14,07:15:00,180,18,198,4,2,6,192,3.0,3.0,78.0,660.00,645.00,198.00,183.00,-15.00,960.00,940.50,345.60,326.10,-19.50,760.00,0.21,5.00,4.1,Holiday Air,650.00,Resort Direct,635.00,635.00,25.00,1.04649539945754166,Balanced,0,0,NULL,0,NULL,NULL,0,2026-06-08 09:00:00 +02:00,2026-06-08 09:00:00 +02:00,NULL
WG338-YVR-PVR-20260708,WG338-YVR-PVR,1,PVR,Puerto Vallarta,SUNWING,Sunwing,MEXICO,Mexico,WG338,YVR,Vancouver,PVR,OWN,2026-07-05,Wk Jul 5,SUMMER,2026-07-08,13:45:00,174,16,190,154,12,166,24,87.4,93.8,78.0,845.00,880.00,287.30,322.30,35.00,1185.00,1230.50,426.60,472.10,45.50,869.58,6.23,5.00,124.6,NorthStar Travel,835.00,Coastal Getaways,820.00,820.00,25.00,1.06182369623983197,Balanced,0,0,NULL,0,NULL,NULL,0,2026-06-08 09:00:00 +02:00,2026-06-08 09:00:00 +02:00,NULL
WG338-YVR-PVR-20260715,WG338-YVR-PVR,2,PVR,Puerto Vallarta,SUNWING,Sunwing,MEXICO,Mexico,WG338,YVR,Vancouver,PVR,OWN,2026-07-12,Wk Jul 12,SUMMER,2026-07-15,13:45:00,180,18,198,146,14,160,38,80.8,82.7,78.0,885.00,895.00,300.90,310.90,10.00,1225.00,1238.00,441.00,454.00,13.00,914.75,7.23,5.00,144.6,NorthStar Travel,925.00,Coastal Getaways,880.00,880.00,5.00,1.04673149442507030,Balanced,0,1,LF_ABOVE_TARGET,0,NULL,NULL,0,2026-06-08 09:00:00 +02:00,2026-06-08 09:00:00 +02:00,AutoPilot Demo
WG338-YVR-PVR-20260722,WG338-YVR-PVR,3,PVR,Puerto Vallarta,SUNWING,Sunwing,MEXICO,Mexico,WG338,YVR,Vancouver,PVR,OWN,2026-07-19,Wk Jul 19,SUMMER,2026-07-22,13:45:00,180,18,198,141,15,156,42,78.8,83.8,78.0,850.00,850.00,289.00,289.00,0.00,1250.00,1270.00,450.00,470.00,20.00,888.46,2.99,5.00,59.9,NorthStar Travel,840.00,Coastal Getaways,825.00,825.00,25.00,1.04766367765933488,Balanced,0,0,NULL,0,NULL,NULL,0,2026-06-08 09:00:00 +02:00,2026-06-08 09:00:00 +02:00,NULL
WG338-YVR-PVR-20260729,WG338-YVR-PVR,4,PVR,Puerto Vallarta,SUNWING,Sunwing,MEXICO,Mexico,WG338,YVR,Vancouver,PVR,OWN,2026-07-26,Wk Jul 26,SUMMER,2026-07-29,13:45:00,189,12,201,161,11,172,29,85.6,89.8,78.0,860.00,860.00,292.40,292.40,0.00,1200.00,1220.00,432.00,452.00,20.00,881.74,6.81,5.00,136.1,Holiday Air,840.00,Resort Direct,870.00,840.00,20.00,1.05567348069192057,Balanced,0,0,NULL,0,NULL,NULL,0,2026-06-08 09:00:00 +02:00,2026-06-08 09:00:00 +02:00,NULL
WG338-YVR-PVR-20260805,WG338-YVR-PVR,5,PVR,Puerto Vallarta,SUNWING,Sunwing,MEXICO,Mexico,WG338,YVR,Vancouver,PVR,OWN,2026-08-02,Wk Aug 2,SUMMER,2026-08-05,13:45:00,186,16,202,133,13,146,56,72.3,77.1,78.0,835.00,810.00,283.90,258.90,-25.00,1135.00,1102.50,408.60,376.10,-32.50,861.71,1.85,5.00,37.0,SkyHoliday,875.00,Island Escape,845.00,845.00,-10.00,1.05438481791572203,Balanced,0,0,NULL,0,NULL,NULL,0,2026-06-08 09:00:00 +02:00,2026-06-08 09:00:00 +02:00,NULL
WG338-YVR-PVR-20260812,WG338-YVR-PVR,6,PVR,Puerto Vallarta,SUNWING,Sunwing,MEXICO,Mexico,WG338,YVR,Vancouver,PVR,OWN,2026-08-09,Wk Aug 9,SUMMER,2026-08-12,13:45:00,189,12,201,117,8,125,76,62.2,63.9,78.0,815.00,805.00,277.10,267.10,-10.00,1075.00,1062.00,387.00,374.00,-13.00,831.64,1.68,5.00,33.6,Holiday Air,770.00,Resort Direct,825.00,770.00,45.00,1.03419872456598028,Balanced,0,0,NULL,0,NULL,NULL,0,2026-06-08 09:00:00 +02:00,2026-06-08 09:00:00 +02:00,NULL
WG338-YVR-PVR-20260819,WG338-YVR-PVR,7,PVR,Puerto Vallarta,SUNWING,Sunwing,MEXICO,Mexico,WG338,YVR,Vancouver,PVR,OWN,2026-08-16,Wk Aug 16,SUMMER,2026-08-19,13:45:00,186,16,202,124,12,136,66,67.3,69.6,78.0,805.00,790.00,273.70,258.70,-15.00,1205.00,1185.50,433.80,414.30,-19.50,840.29,1.69,5.00,33.9,NorthStar Travel,785.00,Coastal Getaways,825.00,785.00,20.00,1.04468908180924336,Balanced,0,0,NULL,0,NULL,NULL,0,2026-06-08 09:00:00 +02:00,2026-06-08 09:00:00 +02:00,NULL
WG338-YVR-PVR-20260826,WG338-YVR-PVR,8,PVR,Puerto Vallarta,SUNWING,Sunwing,MEXICO,Mexico,WG338,YVR,Vancouver,PVR,OWN,2026-08-23,Wk Aug 23,SUMMER,2026-08-26,13:45:00,150,16,166,95,11,106,60,63.9,66.2,78.0,825.00,825.00,280.50,280.50,0.00,1165.00,1165.00,419.40,419.40,0.00,860.28,4.36,5.00,87.1,NorthStar Travel,850.00,Coastal Getaways,835.00,835.00,-10.00,1.05970299649265920,Balanced,0,0,NULL,0,NULL,NULL,0,2026-06-08 09:00:00 +02:00,2026-06-08 09:00:00 +02:00,NULL
WG338-YVR-PVR-20260902,WG338-YVR-PVR,9,PVR,Puerto Vallarta,SUNWING,Sunwing,MEXICO,Mexico,WG338,YVR,Vancouver,PVR,OWN,2026-08-30,Wk Aug 30,SUMMER,2026-09-02,13:45:00,186,16,202,90,8,98,104,48.5,50.0,78.0,780.00,750.00,265.20,235.20,-30.00,1120.00,1081.00,403.20,364.20,-39.00,807.76,4.64,5.00,92.8,Holiday Air,750.00,Resort Direct,790.00,750.00,30.00,1.03718804296838307,Balanced,0,1,ROS_BELOW_TARGET,0,NULL,NULL,0,2026-06-08 09:00:00 +02:00,2026-06-08 09:00:00 +02:00,RM Demo User
WG338-YVR-PVR-20260909,WG338-YVR-PVR,10,PVR,Puerto Vallarta,SUNWING,Sunwing,MEXICO,Mexico,WG338,YVR,Vancouver,PVR,OWN,2026-09-06,Wk Sep 6,FALL,2026-09-09,13:45:00,162,16,178,77,5,82,96,46.1,47.6,78.0,700.00,675.00,238.00,213.00,-25.00,1000.00,967.50,360.00,327.50,-32.50,718.29,2.49,5.00,49.9,NorthStar Travel,690.00,Coastal Getaways,710.00,690.00,10.00,1.04503454717930455,Balanced,0,0,NULL,0,NULL,NULL,0,2026-06-08 09:00:00 +02:00,2026-06-08 09:00:00 +02:00,NULL
WG338-YVR-PVR-20260916,WG338-YVR-PVR,11,PVR,Puerto Vallarta,SUNWING,Sunwing,MEXICO,Mexico,WG338,YVR,Vancouver,PVR,OWN,2026-09-13,Wk Sep 13,FALL,2026-09-16,13:45:00,162,18,180,77,11,88,92,48.9,49.3,78.0,695.00,675.00,236.30,216.30,-20.00,955.00,929.00,343.80,317.80,-26.00,727.50,2.41,5.00,48.2,NorthStar Travel,685.00,Coastal Getaways,730.00,685.00,10.00,1.04976124004310645,Balanced,0,0,NULL,0,NULL,NULL,0,2026-06-08 09:00:00 +02:00,2026-06-08 09:00:00 +02:00,NULL
WG338-YVR-PVR-20260923,WG338-YVR-PVR,12,PVR,Puerto Vallarta,SUNWING,Sunwing,MEXICO,Mexico,WG338,YVR,Vancouver,PVR,OWN,2026-09-20,Wk Sep 20,FALL,2026-09-23,13:45:00,150,18,168,69,8,77,91,45.8,46.1,78.0,725.00,685.00,246.50,206.50,-40.00,1025.00,973.00,369.00,317.00,-52.00,756.17,1.33,5.00,26.5,SkyHoliday,750.00,Island Escape,700.00,700.00,25.00,1.05972518151223660,Balanced,0,1,ROS_BELOW_TARGET,0,NULL,NULL,0,2026-06-08 09:00:00 +02:00,2026-06-08 09:00:00 +02:00,RM Demo User
WG338-YVR-PVR-20260930,WG338-YVR-PVR,13,PVR,Puerto Vallarta,SUNWING,Sunwing,MEXICO,Mexico,WG338,YVR,Vancouver,PVR,OWN,2026-09-27,Wk Sep 27,FALL,2026-09-30,13:45:00,180,16,196,59,7,66,130,33.7,33.7,78.0,665.00,645.00,226.10,206.10,-20.00,1065.00,1039.00,383.40,357.40,-26.00,707.42,3.11,5.00,62.3,NorthStar Travel,690.00,Coastal Getaways,640.00,640.00,25.00,1.04886644235539150,Balanced,1,0,NULL,0,NULL,NULL,0,2026-06-08 09:00:00 +02:00,2026-06-08 09:00:00 +02:00,NULL
WG338-YVR-PVR-20261007,WG338-YVR-PVR,14,PVR,Puerto Vallarta,SUNWING,Sunwing,MEXICO,Mexico,WG338,YVR,Vancouver,PVR,OWN,2026-10-04,Wk Oct 4,FALL,2026-10-07,13:45:00,180,12,192,44,2,46,146,24.0,24.0,78.0,660.00,620.00,224.40,184.40,-40.00,960.00,908.00,345.60,293.60,-52.00,673.04,1.17,5.00,23.5,BlueJet Vacations,675.00,MapleAir Holidays,635.00,635.00,25.00,1.03698812971888477,Balanced,0,0,NULL,0,NULL,NULL,0,2026-06-08 09:00:00 +02:00,2026-06-08 09:00:00 +02:00,NULL
WG338-YVR-PVR-20261014,WG338-YVR-PVR,15,PVR,Puerto Vallarta,SUNWING,Sunwing,MEXICO,Mexico,WG338,YVR,Vancouver,PVR,OWN,2026-10-11,Wk Oct 11,FALL,2026-10-14,13:45:00,186,16,202,59,3,62,140,30.7,30.7,78.0,640.00,610.00,217.60,187.60,-30.00,1040.00,1001.00,374.40,335.40,-39.00,659.35,0.63,5.00,12.7,SkyHoliday,620.00,Island Escape,615.00,615.00,25.00,1.05873131542064591,Balanced,0,0,NULL,0,NULL,NULL,0,2026-06-08 09:00:00 +02:00,2026-06-08 09:00:00 +02:00,NULL
WG338-YVR-PVR-20261021,WG338-YVR-PVR,16,PVR,Puerto Vallarta,SUNWING,Sunwing,MEXICO,Mexico,WG338,YVR,Vancouver,PVR,OWN,2026-10-18,Wk Oct 18,FALL,2026-10-21,13:45:00,174,18,192,52,5,57,135,29.7,29.7,78.0,665.00,650.00,226.10,211.10,-15.00,1065.00,1045.50,383.40,363.90,-19.50,700.09,2.61,5.00,52.3,NorthStar Travel,645.00,Coastal Getaways,610.00,610.00,55.00,1.06509795660805073,Balanced,0,0,NULL,0,NULL,NULL,0,2026-06-08 09:00:00 +02:00,2026-06-08 09:00:00 +02:00,NULL
WG338-YVR-PVR-20261028,WG338-YVR-PVR,17,PVR,Puerto Vallarta,SUNWING,Sunwing,MEXICO,Mexico,WG338,YVR,Vancouver,PVR,OWN,2026-10-25,Wk Oct 25,FALL,2026-10-28,13:45:00,174,12,186,51,4,55,131,29.6,29.6,78.0,640.00,600.00,217.60,177.60,-40.00,900.00,848.00,324.00,272.00,-52.00,658.91,2.76,5.00,55.3,NorthStar Travel,610.00,Coastal Getaways,660.00,610.00,30.00,1.02365792816703594,Balanced,0,0,NULL,0,NULL,NULL,0,2026-06-08 09:00:00 +02:00,2026-06-08 09:00:00 +02:00,NULL
WG338-YVR-PVR-20261104,WG338-YVR-PVR,18,PVR,Puerto Vallarta,SUNWING,Sunwing,MEXICO,Mexico,WG338,YVR,Vancouver,PVR,OWN,2026-11-01,Wk Nov 1,FALL,2026-11-04,13:45:00,189,12,201,23,1,24,177,11.9,11.9,78.0,585.00,570.00,198.90,183.90,-15.00,985.00,965.50,354.60,335.10,-19.50,601.67,0.51,5.00,10.3,BlueJet Vacations,600.00,MapleAir Holidays,560.00,560.00,25.00,1.07155190157830282,Balanced,0,0,NULL,0,NULL,NULL,0,2026-06-08 09:00:00 +02:00,2026-06-08 09:00:00 +02:00,NULL
WG338-YVR-PVR-20261111,WG338-YVR-PVR,19,PVR,Puerto Vallarta,SUNWING,Sunwing,MEXICO,Mexico,WG338,YVR,Vancouver,PVR,OWN,2026-11-08,Wk Nov 8,FALL,2026-11-11,13:45:00,162,18,180,29,2,31,149,17.2,17.2,78.0,660.00,650.00,224.40,214.40,-10.00,1060.00,1047.00,381.60,368.60,-13.00,685.81,0.36,5.00,7.2,BlueJet Vacations,650.00,MapleAir Holidays,695.00,650.00,10.00,1.03484863292310370,Balanced,0,0,NULL,0,NULL,NULL,0,2026-06-08 09:00:00 +02:00,2026-06-08 09:00:00 +02:00,NULL
WG338-YVR-PVR-20261118,WG338-YVR-PVR,20,PVR,Puerto Vallarta,SUNWING,Sunwing,MEXICO,Mexico,WG338,YVR,Vancouver,PVR,OWN,2026-11-15,Wk Nov 15,FALL,2026-11-18,13:45:00,186,18,204,44,2,46,158,22.5,22.5,78.0,660.00,650.00,224.40,214.40,-10.00,1060.00,1047.00,381.60,368.60,-13.00,677.39,1.16,5.00,23.1,Holiday Air,650.00,Resort Direct,655.00,650.00,10.00,1.03745106649423047,Balanced,0,1,ROS_BELOW_TARGET,0,NULL,NULL,0,2026-06-08 09:00:00 +02:00,2026-06-08 09:00:00 +02:00,RM Demo User
WG338-YVR-PVR-20261125,WG338-YVR-PVR,21,PVR,Puerto Vallarta,SUNWING,Sunwing,MEXICO,Mexico,WG338,YVR,Vancouver,PVR,OWN,2026-11-22,Wk Nov 22,FALL,2026-11-25,13:45:00,150,16,166,12,2,14,152,8.4,8.4,78.0,590.00,565.00,200.60,175.60,-25.00,890.00,857.50,320.40,287.90,-32.50,632.86,0.24,5.00,4.9,SkyHoliday,580.00,Island Escape,625.00,580.00,10.00,1.04428129765656474,Balanced,0,0,NULL,0,NULL,NULL,0,2026-06-08 09:00:00 +02:00,2026-06-08 09:00:00 +02:00,NULL
WG338-YVR-PVR-20261202,WG338-YVR-PVR,22,PVR,Puerto Vallarta,SUNWING,Sunwing,MEXICO,Mexico,WG338,YVR,Vancouver,PVR,OWN,2026-11-29,Wk Nov 29,FALL,2026-12-02,13:45:00,150,16,166,3,2,5,161,3.0,3.0,78.0,620.00,610.00,210.80,200.80,-10.00,1020.00,1007.00,367.20,354.20,-13.00,780.00,0.18,5.00,3.6,SkyHoliday,575.00,Island Escape,655.00,575.00,45.00,1.03487977663461783,Balanced,0,0,NULL,0,NULL,NULL,0,2026-06-08 09:00:00 +02:00,2026-06-08 09:00:00 +02:00,NULL
WG338-YVR-PVR-20261209,WG338-YVR-PVR,23,PVR,Puerto Vallarta,SUNWING,Sunwing,MEXICO,Mexico,WG338,YVR,Vancouver,PVR,OWN,2026-12-06,Wk Dec 6,WINTER,2026-12-09,13:45:00,162,16,178,37,5,42,136,23.6,23.6,78.0,730.00,700.00,248.20,218.20,-30.00,1030.00,991.00,370.80,331.80,-39.00,765.71,1.76,5.00,35.3,Holiday Air,745.00,Resort Direct,725.00,725.00,5.00,1.06894352802148962,Balanced,0,0,NULL,0,NULL,NULL,0,2026-06-08 09:00:00 +02:00,2026-06-08 09:00:00 +02:00,NULL
WG338-YVR-PVR-20261216,WG338-YVR-PVR,24,PVR,Puerto Vallarta,SUNWING,Sunwing,MEXICO,Mexico,WG338,YVR,Vancouver,PVR,OWN,2026-12-13,Wk Dec 13,WINTER,2026-12-16,13:45:00,150,16,166,15,3,18,148,10.8,10.8,78.0,695.00,655.00,236.30,196.30,-40.00,1035.00,983.00,372.60,320.60,-52.00,751.67,1.02,5.00,20.4,NorthStar Travel,710.00,Coastal Getaways,705.00,705.00,-10.00,1.04449028628249896,Balanced,0,0,NULL,0,NULL,NULL,0,2026-06-08 09:00:00 +02:00,2026-06-08 09:00:00 +02:00,NULL
WG345-YEG-PVR-20260710,WG345-YEG-PVR,1,PVR,Puerto Vallarta,SUNWING,Sunwing,MEXICO,Mexico,WG345,YEG,Edmonton,PVR,3RD,2026-07-05,Wk Jul 5,SUMMER,2026-07-10,22:10:00,150,0,150,124,0,124,26,82.7,87.1,78.0,845.00,845.00,228.15,228.15,0.00,NULL,NULL,NULL,NULL,NULL,845.00,6.18,5.00,123.7,BlueJet Vacations,870.00,MapleAir Holidays,790.00,790.00,55.00,1.02900190992678486,Balanced,0,0,NULL,0,NULL,NULL,0,2026-06-08 09:00:00 +02:00,2026-06-08 09:00:00 +02:00,NULL
WG345-YEG-PVR-20260717,WG345-YEG-PVR,2,PVR,Puerto Vallarta,SUNWING,Sunwing,MEXICO,Mexico,WG345,YEG,Edmonton,PVR,3RD,2026-07-12,Wk Jul 12,SUMMER,2026-07-17,22:10:00,180,0,180,154,0,154,26,85.6,88.9,78.0,835.00,825.00,225.45,215.45,-10.00,NULL,NULL,NULL,NULL,NULL,835.00,3.02,5.00,60.3,BlueJet Vacations,790.00,MapleAir Holidays,870.00,790.00,45.00,1.05523207072455416,Balanced,0,0,NULL,0,NULL,NULL,0,2026-06-08 09:00:00 +02:00,2026-06-08 09:00:00 +02:00,NULL
WG345-YEG-PVR-20260724,WG345-YEG-PVR,3,PVR,Puerto Vallarta,SUNWING,Sunwing,MEXICO,Mexico,WG345,YEG,Edmonton,PVR,3RD,2026-07-19,Wk Jul 19,SUMMER,2026-07-24,22:10:00,174,0,174,133,0,133,41,76.4,78.5,78.0,865.00,865.00,233.55,233.55,0.00,NULL,NULL,NULL,NULL,NULL,865.00,3.72,5.00,74.4,SkyHoliday,835.00,Island Escape,885.00,835.00,30.00,1.04441737958639069,Balanced,0,0,NULL,0,NULL,NULL,0,2026-06-08 09:00:00 +02:00,2026-06-08 09:00:00 +02:00,NULL
WG345-YEG-PVR-20260731,WG345-YEG-PVR,4,PVR,Puerto Vallarta,SUNWING,Sunwing,MEXICO,Mexico,WG345,YEG,Edmonton,PVR,3RD,2026-07-26,Wk Jul 26,SUMMER,2026-07-31,22:10:00,150,0,150,102,0,102,48,68.0,69.7,78.0,815.00,830.00,220.05,235.05,15.00,NULL,NULL,NULL,NULL,NULL,815.00,3.71,5.00,74.3,SkyHoliday,785.00,Island Escape,850.00,785.00,30.00,1.03637469826738671,Balanced,0,0,NULL,0,NULL,NULL,0,2026-06-08 09:00:00 +02:00,2026-06-08 09:00:00 +02:00,NULL
WG345-YEG-PVR-20260807,WG345-YEG-PVR,5,PVR,Puerto Vallarta,SUNWING,Sunwing,MEXICO,Mexico,WG345,YEG,Edmonton,PVR,3RD,2026-08-02,Wk Aug 2,SUMMER,2026-08-07,22:10:00,180,0,180,110,0,110,70,61.1,63.2,78.0,800.00,800.00,216.00,216.00,0.00,NULL,NULL,NULL,NULL,NULL,800.00,4.21,5.00,84.2,SkyHoliday,770.00,Island Escape,820.00,770.00,30.00,1.04045000433343393,Balanced,0,0,NULL,0,NULL,NULL,0,2026-06-08 09:00:00 +02:00,2026-06-08 09:00:00 +02:00,NULL
WG345-YEG-PVR-20260814,WG345-YEG-PVR,6,PVR,Puerto Vallarta,SUNWING,Sunwing,MEXICO,Mexico,WG345,YEG,Edmonton,PVR,3RD,2026-08-09,Wk Aug 9,SUMMER,2026-08-14,22:10:00,186,0,186,106,0,106,80,57.0,59.2,78.0,765.00,745.00,206.55,186.55,-20.00,NULL,NULL,NULL,NULL,NULL,765.00,1.29,5.00,25.7,BlueJet Vacations,805.00,MapleAir Holidays,775.00,775.00,-10.00,1.05269622150927389,Balanced,0,0,NULL,0,NULL,NULL,0,2026-06-08 09:00:00 +02:00,2026-06-08 09:00:00 +02:00,NULL
WG345-YEG-PVR-20260821,WG345-YEG-PVR,7,PVR,Puerto Vallarta,SUNWING,Sunwing,MEXICO,Mexico,WG345,YEG,Edmonton,PVR,3RD,2026-08-16,Wk Aug 16,SUMMER,2026-08-21,22:10:00,174,0,174,110,0,110,64,63.2,65.4,78.0,775.00,775.00,209.25,209.25,0.00,NULL,NULL,NULL,NULL,NULL,775.00,3.84,5.00,76.9,SkyHoliday,755.00,Island Escape,785.00,755.00,20.00,1.03551549459145731,Balanced,0,0,NULL,0,NULL,NULL,0,2026-06-08 09:00:00 +02:00,2026-06-08 09:00:00 +02:00,NULL
WG345-YEG-PVR-20260828,WG345-YEG-PVR,8,PVR,Puerto Vallarta,SUNWING,Sunwing,MEXICO,Mexico,WG345,YEG,Edmonton,PVR,3RD,2026-08-23,Wk Aug 23,SUMMER,2026-08-28,22:10:00,186,0,186,106,0,106,80,57.0,58.2,78.0,785.00,765.00,211.95,191.95,-20.00,NULL,NULL,NULL,NULL,NULL,785.00,3.50,5.00,70.0,Holiday Air,825.00,Resort Direct,730.00,730.00,55.00,1.04011637106476496,Balanced,0,0,NULL,0,NULL,NULL,0,2026-06-08 09:00:00 +02:00,2026-06-08 09:00:00 +02:00,NULL
WG345-YEG-PVR-20260904,WG345-YEG-PVR,9,PVR,Puerto Vallarta,SUNWING,Sunwing,MEXICO,Mexico,WG345,YEG,Edmonton,PVR,3RD,2026-08-30,Wk Aug 30,SUMMER,2026-09-04,22:10:00,189,0,189,104,0,104,85,55.0,55.5,78.0,780.00,740.00,210.60,170.60,-40.00,NULL,NULL,NULL,NULL,NULL,780.00,2.57,5.00,51.3,NorthStar Travel,795.00,Coastal Getaways,800.00,795.00,-15.00,1.08668127239828061,Balanced,1,0,NULL,0,NULL,NULL,0,2026-06-08 09:00:00 +02:00,2026-06-08 09:00:00 +02:00,AutoPilot Demo
WG345-YEG-PVR-20260911,WG345-YEG-PVR,10,PVR,Puerto Vallarta,SUNWING,Sunwing,MEXICO,Mexico,WG345,YEG,Edmonton,PVR,3RD,2026-09-06,Wk Sep 6,FALL,2026-09-11,22:10:00,162,0,162,78,0,78,84,48.1,49.1,78.0,685.00,670.00,184.95,169.95,-15.00,NULL,NULL,NULL,NULL,NULL,685.00,3.78,5.00,75.6,BlueJet Vacations,675.00,MapleAir Holidays,630.00,630.00,55.00,1.04571895034265827,Balanced,0,0,NULL,0,NULL,NULL,0,2026-06-08 09:00:00 +02:00,2026-06-08 09:00:00 +02:00,NULL
WG345-YEG-PVR-20260918,WG345-YEG-PVR,11,PVR,Puerto Vallarta,SUNWING,Sunwing,MEXICO,Mexico,WG345,YEG,Edmonton,PVR,3RD,2026-09-13,Wk Sep 13,FALL,2026-09-18,22:10:00,174,0,174,66,0,66,108,37.9,38.5,78.0,660.00,645.00,178.20,163.20,-15.00,NULL,NULL,NULL,NULL,NULL,660.00,1.93,5.00,38.5,BlueJet Vacations,640.00,MapleAir Holidays,605.00,605.00,55.00,1.03081166997081564,Balanced,0,1,ROS_BELOW_TARGET,0,NULL,NULL,0,2026-06-08 09:00:00 +02:00,2026-06-08 09:00:00 +02:00,RM Demo User
WG345-YEG-PVR-20260925,WG345-YEG-PVR,12,PVR,Puerto Vallarta,SUNWING,Sunwing,MEXICO,Mexico,WG345,YEG,Edmonton,PVR,3RD,2026-09-20,Wk Sep 20,FALL,2026-09-25,22:10:00,180,0,180,64,0,64,116,35.6,35.6,78.0,615.00,585.00,166.05,136.05,-30.00,NULL,NULL,NULL,NULL,NULL,615.00,0.87,5.00,17.4,BlueJet Vacations,605.00,MapleAir Holidays,635.00,605.00,10.00,1.06402298901270398,Balanced,0,0,NULL,0,NULL,NULL,0,2026-06-08 09:00:00 +02:00,2026-06-08 09:00:00 +02:00,NULL
WG345-YEG-PVR-20261002,WG345-YEG-PVR,13,PVR,Puerto Vallarta,SUNWING,Sunwing,MEXICO,Mexico,WG345,YEG,Edmonton,PVR,3RD,2026-09-27,Wk Sep 27,FALL,2026-10-02,22:10:00,189,0,189,54,0,54,135,28.6,28.6,78.0,630.00,620.00,170.10,160.10,-10.00,NULL,NULL,NULL,NULL,NULL,630.00,0.59,5.00,11.9,BlueJet Vacations,585.00,MapleAir Holidays,625.00,585.00,45.00,1.05890915313265999,Balanced,0,0,NULL,0,NULL,NULL,0,2026-06-08 09:00:00 +02:00,2026-06-08 09:00:00 +02:00,NULL
WG345-YEG-PVR-20261009,WG345-YEG-PVR,14,PVR,Puerto Vallarta,SUNWING,Sunwing,MEXICO,Mexico,WG345,YEG,Edmonton,PVR,3RD,2026-10-04,Wk Oct 4,FALL,2026-10-09,22:10:00,189,0,189,42,0,42,147,22.2,22.2,78.0,630.00,600.00,170.10,140.10,-30.00,NULL,NULL,NULL,NULL,NULL,630.00,0.78,5.00,15.5,BlueJet Vacations,670.00,MapleAir Holidays,680.00,670.00,-40.00,1.05557512884276927,Balanced,0,0,NULL,0,NULL,NULL,0,2026-06-08 09:00:00 +02:00,2026-06-08 09:00:00 +02:00,NULL
WG345-YEG-PVR-20261016,WG345-YEG-PVR,15,PVR,Puerto Vallarta,SUNWING,Sunwing,MEXICO,Mexico,WG345,YEG,Edmonton,PVR,3RD,2026-10-11,Wk Oct 11,FALL,2026-10-16,22:10:00,174,0,174,45,0,45,129,25.9,25.9,78.0,615.00,585.00,166.05,136.05,-30.00,NULL,NULL,NULL,NULL,NULL,615.00,2.51,5.00,50.1,SkyHoliday,640.00,Island Escape,625.00,625.00,-10.00,1.05018056632049817,Balanced,0,0,NULL,0,NULL,NULL,0,2026-06-08 09:00:00 +02:00,2026-06-08 09:00:00 +02:00,NULL
WG345-YEG-PVR-20261023,WG345-YEG-PVR,16,PVR,Puerto Vallarta,SUNWING,Sunwing,MEXICO,Mexico,WG345,YEG,Edmonton,PVR,3RD,2026-10-18,Wk Oct 18,FALL,2026-10-23,22:10:00,174,0,174,49,0,49,125,28.2,28.2,78.0,660.00,630.00,178.20,148.20,-30.00,NULL,NULL,NULL,NULL,NULL,660.00,2.32,5.00,46.4,NorthStar Travel,700.00,Coastal Getaways,710.00,700.00,-40.00,1.07385192707559307,Balanced,0,1,ROS_BELOW_TARGET,0,NULL,NULL,0,2026-06-08 09:00:00 +02:00,2026-06-08 09:00:00 +02:00,AutoPilot Demo
WG345-YEG-PVR-20261030,WG345-YEG-PVR,17,PVR,Puerto Vallarta,SUNWING,Sunwing,MEXICO,Mexico,WG345,YEG,Edmonton,PVR,3RD,2026-10-25,Wk Oct 25,FALL,2026-10-30,22:10:00,162,0,162,31,0,31,131,19.1,19.1,78.0,630.00,605.00,170.10,145.10,-25.00,NULL,NULL,NULL,NULL,NULL,630.00,1.47,5.00,29.4,SkyHoliday,645.00,Island Escape,680.00,645.00,-15.00,1.03456125085347006,Balanced,0,0,NULL,0,NULL,NULL,0,2026-06-08 09:00:00 +02:00,2026-06-08 09:00:00 +02:00,NULL
WG345-YEG-PVR-20261106,WG345-YEG-PVR,18,PVR,Puerto Vallarta,SUNWING,Sunwing,MEXICO,Mexico,WG345,YEG,Edmonton,PVR,3RD,2026-11-01,Wk Nov 1,FALL,2026-11-06,22:10:00,189,0,189,24,0,24,165,12.7,12.7,78.0,590.00,560.00,159.30,129.30,-30.00,NULL,NULL,NULL,NULL,NULL,590.00,0.88,5.00,17.7,SkyHoliday,605.00,Island Escape,585.00,585.00,5.00,1.02063714284017171,Balanced,0,1,ROS_BELOW_TARGET,0,NULL,NULL,0,2026-06-08 09:00:00 +02:00,2026-06-08 09:00:00 +02:00,NULL
WG345-YEG-PVR-20261113,WG345-YEG-PVR,19,PVR,Puerto Vallarta,SUNWING,Sunwing,MEXICO,Mexico,WG345,YEG,Edmonton,PVR,3RD,2026-11-08,Wk Nov 8,FALL,2026-11-13,22:10:00,162,0,162,14,0,14,148,8.6,8.6,78.0,550.00,510.00,148.50,108.50,-40.00,NULL,NULL,NULL,NULL,NULL,550.00,0.51,5.00,10.2,BlueJet Vacations,530.00,MapleAir Holidays,495.00,495.00,55.00,1.02899735006048387,Balanced,0,0,NULL,0,NULL,NULL,0,2026-06-08 09:00:00 +02:00,2026-06-08 09:00:00 +02:00,NULL
WG345-YEG-PVR-20261120,WG345-YEG-PVR,20,PVR,Puerto Vallarta,SUNWING,Sunwing,MEXICO,Mexico,WG345,YEG,Edmonton,PVR,3RD,2026-11-15,Wk Nov 15,FALL,2026-11-20,22:10:00,189,0,189,8,0,8,181,4.2,4.2,78.0,580.00,570.00,156.60,146.60,-10.00,NULL,NULL,NULL,NULL,NULL,580.00,0.24,5.00,4.9,BlueJet Vacations,570.00,MapleAir Holidays,615.00,570.00,10.00,1.04754677822872999,Balanced,0,0,NULL,0,NULL,NULL,0,2026-06-08 09:00:00 +02:00,2026-06-08 09:00:00 +02:00,NULL
WG345-YEG-PVR-20261127,WG345-YEG-PVR,21,PVR,Puerto Vallarta,SUNWING,Sunwing,MEXICO,Mexico,WG345,YEG,Edmonton,PVR,3RD,2026-11-22,Wk Nov 22,FALL,2026-11-27,22:10:00,186,0,186,15,0,15,171,8.1,8.1,78.0,565.00,550.00,152.55,137.55,-15.00,NULL,NULL,NULL,NULL,NULL,565.00,0.33,5.00,6.6,BlueJet Vacations,605.00,MapleAir Holidays,585.00,585.00,-20.00,1.05160940310137363,Balanced,0,0,NULL,0,NULL,NULL,0,2026-06-08 09:00:00 +02:00,2026-06-08 09:00:00 +02:00,NULL
WG345-YEG-PVR-20261204,WG345-YEG-PVR,22,PVR,Puerto Vallarta,SUNWING,Sunwing,MEXICO,Mexico,WG345,YEG,Edmonton,PVR,3RD,2026-11-29,Wk Nov 29,FALL,2026-12-04,22:10:00,174,0,174,16,0,16,158,9.2,9.2,78.0,580.00,540.00,156.60,116.60,-40.00,NULL,NULL,NULL,NULL,NULL,580.00,0.46,5.00,9.3,SkyHoliday,560.00,Island Escape,615.00,560.00,20.00,1.06331047283425795,Balanced,0,1,ROS_BELOW_TARGET,0,NULL,NULL,0,2026-06-08 09:00:00 +02:00,2026-06-08 09:00:00 +02:00,AutoPilot Demo
WG345-YEG-PVR-20261211,WG345-YEG-PVR,23,PVR,Puerto Vallarta,SUNWING,Sunwing,MEXICO,Mexico,WG345,YEG,Edmonton,PVR,3RD,2026-12-06,Wk Dec 6,WINTER,2026-12-11,22:10:00,162,0,162,26,0,26,136,16.0,16.0,78.0,645.00,625.00,174.15,154.15,-20.00,NULL,NULL,NULL,NULL,NULL,645.00,0.91,5.00,18.2,SkyHoliday,670.00,Island Escape,620.00,620.00,25.00,1.03559555844511952,Balanced,0,0,NULL,0,NULL,NULL,0,2026-06-08 09:00:00 +02:00,2026-06-08 09:00:00 +02:00,NULL
WG345-YEG-PVR-20261218,WG345-YEG-PVR,24,PVR,Puerto Vallarta,SUNWING,Sunwing,MEXICO,Mexico,WG345,YEG,Edmonton,PVR,3RD,2026-12-13,Wk Dec 13,WINTER,2026-12-18,22:10:00,189,0,189,27,0,27,162,14.3,14.3,78.0,655.00,625.00,176.85,146.85,-30.00,NULL,NULL,NULL,NULL,NULL,655.00,1.28,5.00,25.7,NorthStar Travel,645.00,Coastal Getaways,690.00,645.00,10.00,1.04831061235214795,Balanced,0,1,ROS_BELOW_TARGET,0,NULL,NULL,0,2026-06-08 09:00:00 +02:00,2026-06-08 09:00:00 +02:00,AutoPilot Demo
WG352-YHZ-PVR-20260705,WG352-YHZ-PVR,1,PVR,Puerto Vallarta,SUNWING,Sunwing,MEXICO,Mexico,WG352,YHZ,Halifax,PVR,RSK,2026-07-05,Wk Jul 5,SUMMER,2026-07-05,07:15:00,189,0,189,149,0,149,40,78.8,86.9,78.0,825.00,840.00,247.50,262.50,15.00,NULL,NULL,NULL,NULL,NULL,825.00,7.65,5.00,152.9,BlueJet Vacations,840.00,MapleAir Holidays,875.00,840.00,-15.00,1.07361013061183264,Balanced,0,0,NULL,0,NULL,NULL,0,2026-06-08 09:00:00 +02:00,2026-06-08 09:00:00 +02:00,NULL
WG352-YHZ-PVR-20260712,WG352-YHZ-PVR,2,PVR,Puerto Vallarta,SUNWING,Sunwing,MEXICO,Mexico,WG352,YHZ,Halifax,PVR,RSK,2026-07-12,Wk Jul 12,SUMMER,2026-07-12,07:15:00,150,0,150,119,0,119,31,79.3,86.3,78.0,815.00,815.00,244.50,244.50,0.00,NULL,NULL,NULL,NULL,NULL,815.00,4.42,5.00,88.5,SkyHoliday,855.00,Island Escape,835.00,835.00,-20.00,1.07984708246823935,Balanced,0,0,NULL,0,NULL,NULL,0,2026-06-08 09:00:00 +02:00,2026-06-08 09:00:00 +02:00,NULL
WG352-YHZ-PVR-20260719,WG352-YHZ-PVR,3,PVR,Puerto Vallarta,SUNWING,Sunwing,MEXICO,Mexico,WG352,YHZ,Halifax,PVR,RSK,2026-07-19,Wk Jul 19,SUMMER,2026-07-19,07:15:00,180,0,180,162,0,162,18,90.0,92.3,78.0,880.00,900.00,264.00,284.00,20.00,NULL,NULL,NULL,NULL,NULL,880.00,8.41,5.00,168.2,BlueJet Vacations,905.00,MapleAir Holidays,890.00,890.00,-10.00,1.05209951205155572,Balanced,0,0,NULL,0,NULL,NULL,0,2026-06-08 09:00:00 +02:00,2026-06-08 09:00:00 +02:00,NULL
WG352-YHZ-PVR-20260726,WG352-YHZ-PVR,4,PVR,Puerto Vallarta,SUNWING,Sunwing,MEXICO,Mexico,WG352,YHZ,Halifax,PVR,RSK,2026-07-26,Wk Jul 26,SUMMER,2026-07-26,07:15:00,150,0,150,116,0,116,34,77.3,79.3,78.0,800.00,840.00,240.00,280.00,40.00,NULL,NULL,NULL,NULL,NULL,800.00,7.58,5.00,151.7,BlueJet Vacations,790.00,MapleAir Holidays,835.00,790.00,10.00,1.03748535894088545,Balanced,0,0,NULL,0,NULL,NULL,0,2026-06-08 09:00:00 +02:00,2026-06-08 09:00:00 +02:00,NULL
WG352-YHZ-PVR-20260802,WG352-YHZ-PVR,5,PVR,Puerto Vallarta,SUNWING,Sunwing,MEXICO,Mexico,WG352,YHZ,Halifax,PVR,RSK,2026-08-02,Wk Aug 2,SUMMER,2026-08-02,07:15:00,174,0,174,130,0,130,44,74.7,76.4,78.0,840.00,840.00,252.00,252.00,0.00,NULL,NULL,NULL,NULL,NULL,840.00,5.46,5.00,109.2,SkyHoliday,830.00,Island Escape,785.00,785.00,55.00,1.03642336675590330,Balanced,0,0,NULL,0,NULL,NULL,0,2026-06-08 09:00:00 +02:00,2026-06-08 09:00:00 +02:00,NULL
WG352-YHZ-PVR-20260809,WG352-YHZ-PVR,6,PVR,Puerto Vallarta,SUNWING,Sunwing,MEXICO,Mexico,WG352,YHZ,Halifax,PVR,RSK,2026-08-09,Wk Aug 9,SUMMER,2026-08-09,07:15:00,186,0,186,137,0,137,49,73.7,77.3,78.0,805.00,805.00,241.50,241.50,0.00,NULL,NULL,NULL,NULL,NULL,805.00,3.17,5.00,63.4,NorthStar Travel,760.00,Coastal Getaways,750.00,750.00,55.00,1.06997079586194443,Balanced,0,0,NULL,0,NULL,NULL,0,2026-06-08 09:00:00 +02:00,2026-06-08 09:00:00 +02:00,NULL
WG352-YHZ-PVR-20260816,WG352-YHZ-PVR,7,PVR,Puerto Vallarta,SUNWING,Sunwing,MEXICO,Mexico,WG352,YHZ,Halifax,PVR,RSK,2026-08-16,Wk Aug 16,SUMMER,2026-08-16,07:15:00,186,0,186,117,0,117,69,62.9,65.3,78.0,785.00,775.00,235.50,225.50,-10.00,NULL,NULL,NULL,NULL,NULL,785.00,1.77,5.00,35.3,NorthStar Travel,775.00,Coastal Getaways,780.00,775.00,10.00,1.06259985127881507,Balanced,0,0,NULL,0,NULL,NULL,0,2026-06-08 09:00:00 +02:00,2026-06-08 09:00:00 +02:00,NULL
WG352-YHZ-PVR-20260823,WG352-YHZ-PVR,8,PVR,Puerto Vallarta,SUNWING,Sunwing,MEXICO,Mexico,WG352,YHZ,Halifax,PVR,RSK,2026-08-23,Wk Aug 23,SUMMER,2026-08-23,07:15:00,162,0,162,105,0,105,57,64.8,68.1,78.0,745.00,745.00,223.50,223.50,0.00,NULL,NULL,NULL,NULL,NULL,745.00,5.08,5.00,101.5,NorthStar Travel,700.00,Coastal Getaways,795.00,700.00,45.00,1.03298308057561794,Balanced,0,0,NULL,0,NULL,NULL,0,2026-06-08 09:00:00 +02:00,2026-06-08 09:00:00 +02:00,NULL
WG352-YHZ-PVR-20260830,WG352-YHZ-PVR,9,PVR,Puerto Vallarta,SUNWING,Sunwing,MEXICO,Mexico,WG352,YHZ,Halifax,PVR,RSK,2026-08-30,Wk Aug 30,SUMMER,2026-08-30,07:15:00,189,0,189,120,0,120,69,63.5,64.1,78.0,780.00,780.00,234.00,234.00,0.00,NULL,NULL,NULL,NULL,NULL,780.00,4.31,5.00,86.1,Holiday Air,805.00,Resort Direct,790.00,790.00,-10.00,1.06648710825798076,Balanced,0,0,NULL,0,NULL,NULL,0,2026-06-08 09:00:00 +02:00,2026-06-08 09:00:00 +02:00,NULL
WG352-YHZ-PVR-20260906,WG352-YHZ-PVR,10,PVR,Puerto Vallarta,SUNWING,Sunwing,MEXICO,Mexico,WG352,YHZ,Halifax,PVR,RSK,2026-09-06,Wk Sep 6,FALL,2026-09-06,07:15:00,162,0,162,63,0,63,99,38.9,39.7,78.0,660.00,635.00,198.00,173.00,-25.00,NULL,NULL,NULL,NULL,NULL,660.00,2.55,5.00,51.0,BlueJet Vacations,675.00,MapleAir Holidays,655.00,655.00,5.00,1.05137254342846309,Balanced,0,0,NULL,0,NULL,NULL,0,2026-06-08 09:00:00 +02:00,2026-06-08 09:00:00 +02:00,NULL
WG352-YHZ-PVR-20260913,WG352-YHZ-PVR,11,PVR,Puerto Vallarta,SUNWING,Sunwing,MEXICO,Mexico,WG352,YHZ,Halifax,PVR,RSK,2026-09-13,Wk Sep 13,FALL,2026-09-13,07:15:00,162,0,162,88,0,88,74,54.3,54.6,78.0,670.00,660.00,201.00,191.00,-10.00,NULL,NULL,NULL,NULL,NULL,670.00,2.99,5.00,59.9,NorthStar Travel,640.00,Coastal Getaways,680.00,640.00,30.00,1.05371372710216860,Balanced,0,0,NULL,0,NULL,NULL,0,2026-06-08 09:00:00 +02:00,2026-06-08 09:00:00 +02:00,NULL
WG352-YHZ-PVR-20260920,WG352-YHZ-PVR,12,PVR,Puerto Vallarta,SUNWING,Sunwing,MEXICO,Mexico,WG352,YHZ,Halifax,PVR,RSK,2026-09-20,Wk Sep 20,FALL,2026-09-20,07:15:00,189,0,189,68,0,68,121,36.0,36.3,78.0,620.00,605.00,186.00,171.00,-15.00,NULL,NULL,NULL,NULL,NULL,620.00,0.89,5.00,17.9,BlueJet Vacations,590.00,MapleAir Holidays,615.00,590.00,30.00,1.05886395575242642,Balanced,0,0,NULL,0,NULL,NULL,0,2026-06-08 09:00:00 +02:00,2026-06-08 09:00:00 +02:00,NULL
WG352-YHZ-PVR-20260927,WG352-YHZ-PVR,13,PVR,Puerto Vallarta,SUNWING,Sunwing,MEXICO,Mexico,WG352,YHZ,Halifax,PVR,RSK,2026-09-27,Wk Sep 27,FALL,2026-09-27,07:15:00,186,0,186,88,0,88,98,47.3,47.3,78.0,650.00,640.00,195.00,185.00,-10.00,NULL,NULL,NULL,NULL,NULL,650.00,3.06,5.00,61.2,Holiday Air,690.00,Resort Direct,595.00,595.00,55.00,1.03042896093742820,Balanced,0,0,NULL,0,NULL,NULL,0,2026-06-08 09:00:00 +02:00,2026-06-08 09:00:00 +02:00,NULL
WG352-YHZ-PVR-20261004,WG352-YHZ-PVR,14,PVR,Puerto Vallarta,SUNWING,Sunwing,MEXICO,Mexico,WG352,YHZ,Halifax,PVR,RSK,2026-10-04,Wk Oct 4,FALL,2026-10-04,07:15:00,186,0,186,41,0,41,145,22.0,22.0,78.0,600.00,590.00,180.00,170.00,-10.00,NULL,NULL,NULL,NULL,NULL,600.00,2.04,5.00,40.8,BlueJet Vacations,590.00,MapleAir Holidays,650.00,590.00,10.00,1.02508819134546525,Balanced,0,1,ROS_BELOW_TARGET,0,NULL,NULL,0,2026-06-08 09:00:00 +02:00,2026-06-08 09:00:00 +02:00,RM Demo User
WG352-YHZ-PVR-20261011,WG352-YHZ-PVR,15,PVR,Puerto Vallarta,SUNWING,Sunwing,MEXICO,Mexico,WG352,YHZ,Halifax,PVR,RSK,2026-10-11,Wk Oct 11,FALL,2026-10-11,07:15:00,189,0,189,62,0,62,127,32.8,32.8,78.0,645.00,605.00,193.50,153.50,-40.00,NULL,NULL,NULL,NULL,NULL,645.00,1.81,5.00,36.3,BlueJet Vacations,600.00,MapleAir Holidays,640.00,600.00,45.00,1.05977074444985342,Balanced,0,0,NULL,0,NULL,NULL,0,2026-06-08 09:00:00 +02:00,2026-06-08 09:00:00 +02:00,NULL
WG352-YHZ-PVR-20261018,WG352-YHZ-PVR,16,PVR,Puerto Vallarta,SUNWING,Sunwing,MEXICO,Mexico,WG352,YHZ,Halifax,PVR,RSK,2026-10-18,Wk Oct 18,FALL,2026-10-18,07:15:00,189,0,189,46,0,46,143,24.3,24.3,78.0,640.00,625.00,192.00,177.00,-15.00,NULL,NULL,NULL,NULL,NULL,640.00,1.01,5.00,20.2,NorthStar Travel,680.00,Coastal Getaways,635.00,635.00,5.00,1.06845141087523077,Balanced,0,0,NULL,0,NULL,NULL,0,2026-06-08 09:00:00 +02:00,2026-06-08 09:00:00 +02:00,NULL
WG352-YHZ-PVR-20261025,WG352-YHZ-PVR,17,PVR,Puerto Vallarta,SUNWING,Sunwing,MEXICO,Mexico,WG352,YHZ,Halifax,PVR,RSK,2026-10-25,Wk Oct 25,FALL,2026-10-25,07:15:00,162,0,162,39,0,39,123,24.1,24.1,78.0,625.00,605.00,187.50,167.50,-20.00,NULL,NULL,NULL,NULL,NULL,625.00,1.33,5.00,26.6,BlueJet Vacations,580.00,MapleAir Holidays,600.00,580.00,45.00,1.03987956112270674,Balanced,0,0,NULL,0,NULL,NULL,0,2026-06-08 09:00:00 +02:00,2026-06-08 09:00:00 +02:00,NULL
WG352-YHZ-PVR-20261101,WG352-YHZ-PVR,18,PVR,Puerto Vallarta,SUNWING,Sunwing,MEXICO,Mexico,WG352,YHZ,Halifax,PVR,RSK,2026-11-01,Wk Nov 1,FALL,2026-11-01,07:15:00,174,0,174,24,0,24,150,13.8,13.8,78.0,575.00,555.00,172.50,152.50,-20.00,NULL,NULL,NULL,NULL,NULL,575.00,1.28,5.00,25.6,NorthStar Travel,590.00,Coastal Getaways,625.00,590.00,-15.00,1.03333937918418317,Balanced,0,1,ROS_BELOW_TARGET,0,NULL,NULL,0,2026-06-08 09:00:00 +02:00,2026-06-08 09:00:00 +02:00,RM Demo User
WG352-YHZ-PVR-20261108,WG352-YHZ-PVR,19,PVR,Puerto Vallarta,SUNWING,Sunwing,MEXICO,Mexico,WG352,YHZ,Halifax,PVR,RSK,2026-11-08,Wk Nov 8,FALL,2026-11-08,07:15:00,189,0,189,50,0,50,139,26.5,26.5,78.0,605.00,585.00,181.50,161.50,-20.00,NULL,NULL,NULL,NULL,NULL,605.00,2.48,5.00,49.6,SkyHoliday,630.00,Island Escape,625.00,625.00,-20.00,1.03217123232552188,Balanced,0,0,NULL,0,NULL,NULL,0,2026-06-08 09:00:00 +02:00,2026-06-08 09:00:00 +02:00,NULL
WG352-YHZ-PVR-20261115,WG352-YHZ-PVR,20,PVR,Puerto Vallarta,SUNWING,Sunwing,MEXICO,Mexico,WG352,YHZ,Halifax,PVR,RSK,2026-11-15,Wk Nov 15,FALL,2026-11-15,07:15:00,186,0,186,47,0,47,139,25.3,25.3,78.0,610.00,570.00,183.00,143.00,-40.00,NULL,NULL,NULL,NULL,NULL,610.00,1.96,5.00,39.3,Holiday Air,600.00,Resort Direct,630.00,600.00,10.00,1.06327694576133069,Balanced,0,0,NULL,0,NULL,NULL,0,2026-06-08 09:00:00 +02:00,2026-06-08 09:00:00 +02:00,NULL
WG352-YHZ-PVR-20261122,WG352-YHZ-PVR,21,PVR,Puerto Vallarta,SUNWING,Sunwing,MEXICO,Mexico,WG352,YHZ,Halifax,PVR,RSK,2026-11-22,Wk Nov 22,FALL,2026-11-22,07:15:00,186,0,186,13,0,13,173,7.0,7.0,78.0,570.00,530.00,171.00,131.00,-40.00,NULL,NULL,NULL,NULL,NULL,570.00,0.48,5.00,9.6,NorthStar Travel,540.00,Coastal Getaways,590.00,540.00,30.00,1.06002099997265908,Balanced,0,0,NULL,0,NULL,NULL,0,2026-06-08 09:00:00 +02:00,2026-06-08 09:00:00 +02:00,NULL
WG352-YHZ-PVR-20261129,WG352-YHZ-PVR,22,PVR,Puerto Vallarta,SUNWING,Sunwing,MEXICO,Mexico,WG352,YHZ,Halifax,PVR,RSK,2026-11-29,Wk Nov 29,FALL,2026-11-29,07:15:00,189,0,189,6,0,6,183,3.2,3.2,78.0,595.00,570.00,178.50,153.50,-25.00,NULL,NULL,NULL,NULL,NULL,595.00,0.16,5.00,3.2,BlueJet Vacations,635.00,MapleAir Holidays,605.00,605.00,-10.00,1.04576277797972028,Balanced,0,0,NULL,0,NULL,NULL,0,2026-06-08 09:00:00 +02:00,2026-06-08 09:00:00 +02:00,NULL
WG352-YHZ-PVR-20261206,WG352-YHZ-PVR,23,PVR,Puerto Vallarta,SUNWING,Sunwing,MEXICO,Mexico,WG352,YHZ,Halifax,PVR,RSK,2026-12-06,Wk Dec 6,WINTER,2026-12-06,07:15:00,186,0,186,35,0,35,151,18.8,18.8,78.0,650.00,640.00,195.00,185.00,-10.00,NULL,NULL,NULL,NULL,NULL,650.00,1.85,5.00,37.0,NorthStar Travel,605.00,Coastal Getaways,595.00,595.00,55.00,1.07129863012178417,Balanced,0,1,ROS_BELOW_TARGET,0,NULL,NULL,0,2026-06-08 09:00:00 +02:00,2026-06-08 09:00:00 +02:00,NULL
WG352-YHZ-PVR-20261213,WG352-YHZ-PVR,24,PVR,Puerto Vallarta,SUNWING,Sunwing,MEXICO,Mexico,WG352,YHZ,Halifax,PVR,RSK,2026-12-13,Wk Dec 13,WINTER,2026-12-13,07:15:00,186,0,186,31,0,31,155,16.7,16.7,78.0,640.00,625.00,192.00,177.00,-15.00,NULL,NULL,NULL,NULL,NULL,640.00,1.30,5.00,26.0,NorthStar Travel,610.00,Coastal Getaways,635.00,610.00,30.00,1.05981336838022067,Balanced,0,0,NULL,0,NULL,NULL,0,2026-06-08 09:00:00 +02:00,2026-06-08 09:00:00 +02:00,NULL
