product_type,entity_id,destination_id,gateway_code,flight_num,departure_date,snapshot_date,days_to_departure,sold_cumulative,capacity,sold_pct,curve_type
FLIGHT,TZ8776-XSI-KHC-47379965,POP,YKF,OE7573,2026-09-03,2026-05-06,120,49,,,FORECAST
FLIGHT,UG9421-UUB-JZO-09521456,POP,YQR,OE7573,2026-07-26,2025-08-10,350,168,,,TARGET
FLIGHT,JM6590-ZUU-KCK-18644925,PUJ,YHZ,OE7573,2026-08-06,2026-05-23,75,25,,,ACTUAL
FLIGHT,TY5342-VQH-NJI-08926870,PUJ,YFC,UV1905,2026-07-22,2026-02-22,150,177,,,ACTUAL
FLIGHT,CU8625-MLF-OBI-77434902,POP,YXE,MR5145,2026-07-26,2026-01-27,180,109,,,FORECAST
FLIGHT,OD8750-AVG-MSD-55942843,PUJ,YXE,KO2024,2026-08-03,2026-05-05,90,178,,,FORECAST
FLIGHT,LB3136-KAF-ZIS-16300979,POP,YLW,KO2024,2026-09-01,2026-06-03,90,47,,,TARGET
FLIGHT,UL435-EBW-SBI-21776253,PUJ,YVR,SQ997,2026-07-31,2025-05-07,450,125,,,FORECAST
FLIGHT,UV0785-SGD-DAT-19392845,PUJ,YYZ,CS6988,2026-08-05,2026-04-07,120,23,,,TARGET
FLIGHT,NH2967-MVF-WSD-60324841,PUJ,YHM,GM2639,2026-07-15,2026-05-31,45,75,,,FORECAST
FLIGHT,RH4024-EIZ-BUH-38105955,PUJ,YLW,DP6439,2026-09-11,2026-06-28,75,20,,,ACTUAL
FLIGHT,BI1662-XIC-CCQ-60089219,POP,YFC,II6428,2026-08-16,2025-07-12,400,148,,,ACTUAL
FLIGHT,GF753-FPW-GKE-41039773,PUJ,YBG,BK044,2026-07-24,2025-03-11,500,60,,,FORECAST
FLIGHT,WV192-RXH-FOM-48350305,PUJ,PUJ,RM079,2026-09-02,2026-08-03,30,66,,,ACTUAL
FLIGHT,AR267-PUG-YJK-40193802,POP,YWG,BK267,2026-09-29,2026-06-01,120,164,,,ACTUAL
FLIGHT,RN6882-MHI-GKU-17518304,PUJ,YVR,ZM3856,2026-08-18,2025-09-02,350,39,,,TARGET
FLIGHT,FR258-NOH-ZMU-22660937,PUJ,YVR,XK787,2026-09-23,2025-05-11,500,77,,,ACTUAL
FLIGHT,PO8487-EWR-FST-79688457,POP,YLW,KJ6652,2026-09-03,2025-09-18,350,10,,,TARGET
FLIGHT,MG383-SUF-RXR-61957612,POP,YBG,TL256,2026-09-25,2026-07-12,75,16,,,ACTUAL
FLIGHT,TZ7927-BHG-VLE-11039240,PUJ,YQM,MR5145,2026-08-23,2026-03-26,150,59,,,FORECAST
FLIGHT,QO8003-QJK-PMX-20555438,PUJ,YQB,MR5145,2026-08-25,2026-07-11,45,101,,,FORECAST
FLIGHT,VG461-UWL-PCU-73203093,PUJ,YQB,WH968,2026-07-12,2026-02-12,150,0,,,ACTUAL
FLIGHT,KP164-OTX-JVO-38646317,PUJ,YQM,TT391,2026-08-25,2025-10-29,300,46,,,TARGET
FLIGHT,NL1623-DSX-QDQ-98471391,POP,YQB,PB7821,2026-09-21,2026-09-21,0,26,,,TARGET
FLIGHT,JC3432-OUK-ZYU-60417765,POP,YDF,PB7821,2026-09-22,2026-01-15,250,167,,,TARGET
FLIGHT,RL1961-DLS-JBQ-21545447,POP,YQX,MR5145,2026-08-16,2026-04-18,120,0,,,TARGET
FLIGHT,HT7691-LNP-VWD-64932898,PUJ,YQR,EL6654,2026-09-02,2025-06-09,450,61,,,FORECAST
FLIGHT,TD6247-LKJ-DDV-08255598,POP,YOW,JL5056,2026-07-18,2026-01-19,180,1,,,FORECAST
FLIGHT,XX3684-STK-DLJ-21447732,PUJ,PUJ,UW4202,2026-07-12,2026-07-12,0,83,,,TARGET
FLIGHT,BI1662-XIC-CCQ-60089219,PUJ,YXE,II6428,2026-09-10,2025-08-06,400,27,,,FORECAST
FLIGHT,AP660-JNI-XUD-97857585,POP,YXU,CZ101,2026-09-22,2026-09-08,14,12,,,ACTUAL
FLIGHT,DR939-PJS-ASN-17399704,POP,YHM,BK044,2026-09-27,2026-06-29,90,149,,,FORECAST
FLIGHT,UV823-YDY-HGJ-84587149,PUJ,YWG,BK044,2026-09-15,2026-05-18,120,144,,,FORECAST
FLIGHT,XP970-YVM-WWP-34996010,POP,POP,BK044,2026-09-25,2026-08-11,45,55,,,ACTUAL
FLIGHT,RE366-VXF-TSJ-68044369,POP,YUL,SN794,2026-07-16,2026-06-01,45,18,,,FORECAST
FLIGHT,HR2675-VXW-RNS-26179640,POP,YVR,OE7573,2026-09-20,2026-09-17,3,133,,,TARGET
FLIGHT,EB5852-YVO-WPU-22170430,POP,YDF,OE7573,2026-08-24,2026-08-21,3,66,,,FORECAST
FLIGHT,FR258-NOH-ZMU-22660937,PUJ,YYT,XK787,2026-08-31,2026-08-28,3,7,,,ACTUAL
FLIGHT,ER9002-QPP-FCY-75354083,PUJ,YLW,DP6439,2026-08-09,2025-05-16,450,97,,,ACTUAL
FLIGHT,FP5539-IFX-VGP-33343333,PUJ,YYZ,YI8403,2026-08-30,2026-02-11,200,163,,,ACTUAL
FLIGHT,LB3136-KAF-ZIS-16300979,POP,YQM,KO2024,2026-09-04,2026-06-21,75,9,,,TARGET
FLIGHT,RW321-XWS-PDS-97581724,PUJ,YBG,MJ076,2026-07-21,2026-06-30,21,45,,,TARGET
FLIGHT,FJ1124-DWE-PEG-80468275,POP,POP,AA5674,2026-08-27,2026-04-29,120,159,,,ACTUAL
FLIGHT,BA902-LLZ-XSA-56165565,POP,YOW,YD723,2026-09-25,2026-08-26,30,126,,,ACTUAL
FLIGHT,KX9319-LEK-MSX-04098366,POP,YYZ,QD9011,2026-08-07,2026-08-04,3,149,,,FORECAST
FLIGHT,OL8955-CVN-QOI-09038021,POP,YLW,DP6439,2026-09-30,2026-08-01,60,39,,,FORECAST
FLIGHT,HL1187-DQC-HGK-95616420,PUJ,YXE,UW4202,2026-07-05,2026-06-14,21,147,,,ACTUAL
FLIGHT,ZN615-LJC-NUJ-31670450,POP,YQB,WH968,2026-07-17,2025-12-29,200,15,,,ACTUAL
FLIGHT,SH9909-CNV-SSQ-54353462,PUJ,YQB,YV9266,2026-09-27,2026-09-20,7,103,,,TARGET
FLIGHT,TU9856-TQJ-OQT-61183673,POP,YYZ,OE7573,2026-09-18,2026-07-05,75,12,,,ACTUAL
FLIGHT,HD0278-MRD-IYI-73947312,PUJ,YQR,OE7573,2026-09-13,2026-01-06,250,52,,,TARGET
FLIGHT,PB4622-YUX-UNL-67661825,PUJ,YBG,RC2479,2026-09-26,2026-07-28,60,0,,,ACTUAL
FLIGHT,GK6972-KWF-YCP-52500743,POP,YQX,XE9753,2026-09-10,2026-08-11,30,0,,,TARGET
FLIGHT,OD8750-AVG-MSD-55942843,PUJ,YYZ,KO2024,2026-08-21,2025-10-25,300,120,,,ACTUAL
FLIGHT,AX192-SXE-VOL-24372805,POP,YYZ,HR631,2026-08-24,2026-08-17,7,16,,,TARGET
FLIGHT,IU967-YVX-HXV-93852580,POP,YEG,HR631,2026-08-15,2026-04-17,120,96,,,TARGET
FLIGHT,KY5289-SHD-MAR-75243772,POP,YBG,QD9011,2026-07-26,2026-01-27,180,6,,,ACTUAL
FLIGHT,QJ5826-VAH-JBQ-48729758,POP,YOW,QD9011,2026-09-15,2025-06-22,450,92,,,ACTUAL
FLIGHT,HI745-EJK-XLX-57469660,POP,POP,BK044,2026-07-14,2026-06-14,30,117,,,ACTUAL
FLIGHT,OL2431-BZV-NTY-03311907,PUJ,YFC,WE0651,2026-08-15,2026-06-01,75,164,,,TARGET
FLIGHT,IH8427-SXY-YPR-81914858,PUJ,YVR,ES2730,2026-07-10,2026-06-10,30,45,,,ACTUAL
FLIGHT,WD0272-WXX-NDI-93316373,POP,YYT,MR5145,2026-08-30,2026-08-09,21,136,,,TARGET
FLIGHT,XS7552-VUH-DJT-13577594,PUJ,YYT,EW7257,2026-07-06,2026-02-06,150,93,,,ACTUAL
FLIGHT,AM727-KEA-XRQ-54749297,PUJ,YYZ,QQ731,2026-09-26,2026-09-05,21,28,,,TARGET
FLIGHT,AP545-EOT-QYK-24013223,POP,YQT,QT081,2026-08-16,2026-08-02,14,176,,,FORECAST
FLIGHT,WG428-AXD-GQW-75927125,POP,YBG,KK483,2026-08-07,2025-03-25,500,39,,,ACTUAL
FLIGHT,OB028-VYJ-WFP-62467197,PUJ,YQT,CE840,2026-08-07,2026-05-09,90,154,,,ACTUAL
FLIGHT,OE0811-KKM-YFN-06029084,POP,PUJ,MR5145,2026-08-11,2025-03-29,500,67,,,FORECAST
FLIGHT,NH9283-YUD-TTK-29800615,PUJ,YQM,UW4202,2026-07-30,2026-05-31,60,65,,,FORECAST
FLIGHT,HS0637-LPS-DUJ-52118237,POP,YEG,TA8733,2026-09-04,2026-07-21,45,71,,,ACTUAL
FLIGHT,ND172-WJA-BKZ-04556238,POP,YBG,WS551,2026-07-23,2026-07-09,14,42,,,TARGET
FLIGHT,NF782-RFP-JEF-57905072,PUJ,YKF,IG215,2026-09-11,2026-06-13,90,41,,,FORECAST
FLIGHT,BE4103-QNW-LOX-19182619,PUJ,POP,DP6439,2026-09-24,2026-06-26,90,70,,,FORECAST
FLIGHT,VA3579-OFP-SRL-52414060,POP,YWG,MG5852,2026-09-17,2026-08-03,45,7,,,ACTUAL
FLIGHT,KR9975-WOD-DYV-30554885,PUJ,YYT,MR5145,2026-08-31,2026-08-17,14,29,,,TARGET
FLIGHT,YE0461-RPF-GIM-01367303,POP,YQB,DW8588,2026-08-31,2026-08-10,21,105,,,FORECAST
FLIGHT,BC194-YOA-PEU-00642569,PUJ,YHM,HR631,2026-07-04,2025-09-07,300,91,,,ACTUAL
FLIGHT,MP1773-CRY-AWX-63254310,POP,YLW,GM2639,2026-07-23,2025-08-07,350,133,,,TARGET
FLIGHT,TQ7820-UWQ-FSP-37489690,POP,YQB,KO2024,2026-07-11,2026-07-04,7,60,,,TARGET
FLIGHT,OW7622-QEP-WOE-88137702,PUJ,YOW,MR5145,2026-08-31,2026-07-02,60,116,,,TARGET
FLIGHT,NH2967-MVF-WSD-60324841,PUJ,YHZ,GM2639,2026-08-16,2026-07-02,45,21,,,TARGET
FLIGHT,WP4233-ZXG-XUA-59126620,PUJ,POP,QD9011,2026-09-11,2026-04-14,150,94,,,TARGET
FLIGHT,CU889-EIC-JCQ-32856914,POP,YYZ,IR466,2026-09-09,2026-08-19,21,169,,,TARGET
FLIGHT,BC194-YOA-PEU-00642569,POP,YQT,HR631,2026-08-28,2026-02-09,200,34,,,ACTUAL
FLIGHT,MN3836-DYK-DOD-82754801,PUJ,YVR,BR1274,2026-08-31,2026-08-01,30,133,,,ACTUAL
FLIGHT,ZU513-HAW-KHC-94979695,POP,YQM,WK292,2026-07-28,2026-05-29,60,53,,,FORECAST
FLIGHT,OX1837-MVJ-KFU-08814743,PUJ,YQM,KH3929,2026-08-22,2025-10-26,300,24,,,FORECAST
FLIGHT,FJ1124-DWE-PEG-80468275,POP,YWG,AA5674,2026-08-28,2026-06-29,60,114,,,FORECAST
FLIGHT,TQ7820-UWQ-FSP-37489690,POP,YUL,KO2024,2026-08-16,2026-07-17,30,24,,,TARGET
FLIGHT,YQ7125-KED-GON-03754821,PUJ,YFC,BH8107,2026-07-28,2026-06-28,30,82,,,TARGET
FLIGHT,WL7759-AYX-CXO-51863637,PUJ,YYC,UB9749,2026-09-14,2025-05-02,500,177,,,FORECAST
FLIGHT,UL435-EBW-SBI-21776253,PUJ,YQB,SQ997,2026-09-12,2026-08-29,14,0,,,FORECAST
FLIGHT,CL353-TMD-HNX-74994657,POP,YVR,TT391,2026-09-24,2026-07-11,75,32,,,TARGET
FLIGHT,WM6941-DRB-BKH-75990048,POP,YXE,PB7821,2026-08-05,2025-05-12,450,151,,,ACTUAL
FLIGHT,BO5877-PDX-EDL-13422849,POP,YLW,PB7821,2026-07-10,2026-04-26,75,5,,,FORECAST
FLIGHT,JQ5200-ZRS-IHY-46810548,POP,YBG,MR5145,2026-08-14,2025-04-01,500,28,,,FORECAST
FLIGHT,EX8728-UBQ-BCV-00623120,POP,YHZ,EL6654,2026-09-11,2026-06-13,90,42,,,TARGET
FLIGHT,MC919-YMK-PUV-01329022,PUJ,POP,MJ076,2026-07-11,2026-02-11,150,31,,,FORECAST
FLIGHT,PV427-SXS-AOO-26257016,PUJ,YQB,WN215,2026-09-15,2026-05-18,120,7,,,TARGET
FLIGHT,IL650-JJQ-UCQ-32192855,PUJ,YQT,QT081,2026-07-02,2025-02-17,500,68,,,FORECAST
FLIGHT,CL353-TMD-HNX-74994657,PUJ,YXE,TT391,2026-07-05,2026-07-02,3,10,,,ACTUAL
FLIGHT,JC6089-QZS-VTE-17223320,POP,YFC,KM3143,2026-07-05,2026-06-21,14,74,,,FORECAST
FLIGHT,KP164-OTX-JVO-38646317,PUJ,YQB,TT391,2026-07-09,2025-06-04,400,77,,,TARGET
FLIGHT,JE3536-SHP-RUV-54777252,PUJ,YQX,EL6654,2026-09-28,2026-09-28,0,79,,,TARGET
FLIGHT,ZQ4894-WOM-SPY-35779071,POP,YYC,YI8403,2026-07-20,2026-05-06,75,87,,,ACTUAL
FLIGHT,VP1333-ZIJ-XPM-26393436,PUJ,YQX,PB7821,2026-07-03,2026-01-04,180,193,,,ACTUAL
FLIGHT,JQ5200-ZRS-IHY-46810548,PUJ,YWG,MR5145,2026-07-10,2026-04-26,75,27,,,TARGET
FLIGHT,QS9730-QAN-SKR-14671795,POP,YQB,PB7821,2026-08-24,2026-08-10,14,0,,,ACTUAL
FLIGHT,EJ8395-QTI-POG-52287056,POP,YFC,TC0312,2026-07-09,2026-07-02,7,176,,,ACTUAL
FLIGHT,CK3523-PGZ-MBL-07918158,PUJ,YQT,XP8077,2026-09-27,2026-08-13,45,49,173,0.2079,ACTUAL
FLIGHT,FX464-RJJ-SID-16318732,PUJ,YBG,CN977,2026-09-29,2025-07-06,450,17,167,0.9293,FORECAST
FLIGHT,UP964-VTM-OXH-79457727,POP,YKF,CN977,2026-09-23,2026-03-27,180,171,174,0.1507,TARGET
FLIGHT,BS248-PNF-HAZ-39111428,PUJ,YQX,KF262,2026-07-02,2026-05-18,45,10,166,1.0163,ACTUAL
FLIGHT,ZC5152-MZG-RIX-09112252,POP,YUL,HA5069,2026-08-11,2026-06-12,60,150,184,0.6744,TARGET
FLIGHT,ML5158-IQE-MMS-13624835,PUJ,YXS,MG3024,2026-09-10,2025-06-17,450,11,179,0.5013,ACTUAL
FLIGHT,FH5521-MVV-LAY-58714692,POP,YQX,MG3024,2026-09-30,2026-09-27,3,97,178,0.0056,FORECAST
FLIGHT,HN4723-WRO-LAR-27681722,POP,YQR,MG3024,2026-09-15,2026-09-12,3,13,173,0.3860,ACTUAL
FLIGHT,FB0480-NPK-PVC-23691496,POP,YHM,MG3024,2026-07-10,2026-06-26,14,38,183,0.2096,FORECAST
FLIGHT,EC7028-KDM-EFL-93648820,PUJ,YKF,MG3024,2026-07-06,2025-04-12,450,34,204,0.0923,FORECAST
FLIGHT,KH4001-QCW-MOP-84816524,PUJ,PUJ,MG3024,2026-09-20,2026-08-06,45,107,176,0.0321,FORECAST
FLIGHT,SB0251-EYD-GXO-56589635,POP,YOW,OQ8459,2026-07-08,2026-06-08,30,47,190,0.2056,TARGET
FLIGHT,ZX9017-BPJ-WBZ-39251999,POP,YWG,OQ8459,2026-09-10,2026-05-13,120,38,173,0.3428,FORECAST
FLIGHT,QQ2188-ISZ-NRA-66405110,PUJ,YQT,OE7573,2026-07-01,2026-04-02,90,142,169,0.4131,FORECAST
FLIGHT,LD4486-SRH-BLF-16903922,POP,YDF,MZ3963,2026-07-02,2026-04-03,90,124,192,0.0841,ACTUAL
FLIGHT,IB9185-QAL-LRX-11574496,POP,YXE,MZ3963,2026-08-11,2025-03-29,500,87,188,0.2833,FORECAST
FLIGHT,MM2295-EDP-TPB-56603616,PUJ,YXE,MZ3963,2026-07-02,2026-06-02,30,27,185,0.6773,TARGET
FLIGHT,VU6758-FNO-NEL-90620036,POP,YOW,IZ9259,2026-09-13,2026-08-30,14,7,185,0.1199,TARGET
FLIGHT,OA3630-TJZ-IEG-86020508,POP,YFC,IZ9259,2026-08-04,2026-05-21,75,114,187,0.0571,FORECAST
FLIGHT,BA4108-IOT-ZDH-51135053,POP,YFC,YV9266,2026-09-24,2026-08-25,30,165,165,0.3733,ACTUAL
FLIGHT,KC3538-UUD-IQU-37475580,POP,YUL,UC2486,2026-08-30,2026-06-16,75,34,98,0.0759,FORECAST
FLIGHT,MZ7671-QPP-MEV-88363688,POP,YVR,QP6400,2026-07-30,2026-07-09,21,143,188,0.6158,TARGET
FLIGHT,FY6084-QDQ-ZUO-62099069,PUJ,YOW,BR1274,2026-08-30,2026-03-03,180,118,173,0.0529,ACTUAL
FLIGHT,WG6018-MHS-TIL-41384531,PUJ,YQB,BH8107,2026-08-24,2026-08-21,3,77,171,0.3883,ACTUAL
FLIGHT,NJ7741-GCG-LCQ-30258534,PUJ,YQT,TC0312,2026-09-16,2026-01-09,250,58,182,0.1415,FORECAST
FLIGHT,LM590-PAL-KJX-94343687,POP,EWR,BD179,2026-09-17,2026-07-19,60,49,184,0.2911,TARGET
FLIGHT,PJ512-AEV-FXW-01754541,POP,YDF,KK483,2026-08-13,2026-05-30,75,165,174,0.3637,ACTUAL
FLIGHT,VB1089-MUK-JNZ-12536064,POP,YYT,IV2370,2026-09-02,2025-04-20,500,21,181,0.2134,TARGET
FLIGHT,HC2653-FOH-KWV-51497249,PUJ,YYT,SR9632,2026-08-20,2026-07-21,30,5,176,0.1039,TARGET
FLIGHT,AM0958-BNE-WOI-56698398,PUJ,YDF,PK7861,2026-09-29,2026-09-22,7,101,165,0.9515,TARGET
FLIGHT,UP7459-FLJ-WDE-38724937,PUJ,YYZ,PK7861,2026-07-28,2026-01-29,180,99,171,0.0119,TARGET
FLIGHT,NA7735-TLM-WZS-19220513,PUJ,PUJ,UE3587,2026-07-26,2026-07-19,7,191,195,0.1890,ACTUAL
FLIGHT,AJ2797-ITG-LIS-21018188,PUJ,YFC,RH8865,2026-07-14,2025-09-17,300,134,361,0.2083,FORECAST
FLIGHT,GV2043-UJV-PIG-34421065,POP,YOW,BS1196,2026-08-03,2025-08-18,350,65,160,0.7001,FORECAST
FLIGHT,FB7459-LFZ-QWE-76774239,POP,YBG,UC2486,2026-08-20,2026-06-21,60,77,156,0.1117,TARGET
FLIGHT,KD490-SWM-ODU-08004587,PUJ,YYC,RT780,2026-08-23,2026-08-09,14,176,176,0.7638,FORECAST
FLIGHT,XP4645-KBO-VEQ-31018508,PUJ,YXS,HH2316,2026-07-08,2026-06-17,21,22,172,0.5061,ACTUAL
FLIGHT,AS4658-IMH-ZSE-48878073,PUJ,YDF,ZD4601,2026-08-19,2026-08-19,0,122,191,0.1628,ACTUAL
FLIGHT,BU9985-OZK-ELM-37448455,POP,YUL,ZD4601,2026-07-23,2025-04-29,450,81,175,0.2350,TARGET
FLIGHT,TC2867-FQP-PIP-86910407,PUJ,PUJ,YW6964,2026-07-11,2025-06-06,400,5,189,0.5184,ACTUAL
FLIGHT,DH78V-NYF-NQI-97042416,POP,YHZ,EE44D,2026-09-15,2025-05-03,500,94,163,0.3195,TARGET
FLIGHT,WB63O-BHL-KTL-91516761,POP,YVR,EE44D,2026-08-22,2026-04-24,120,183,189,0.4941,TARGET
FLIGHT,RJ84H-WYZ-ZSH-00460356,PUJ,YKF,EE44D,2026-08-27,2025-04-14,500,9,164,0.9054,FORECAST
FLIGHT,UD3731-JFD-PVK-62479944,PUJ,YXE,ZU1297,2026-08-12,2026-03-15,150,132,167,0.9421,ACTUAL
FLIGHT,CA5579-SSC-LYQ-43456512,POP,YXS,ZU1297,2026-09-22,2025-08-18,400,136,170,0.8978,ACTUAL
FLIGHT,SQ2320-OFU-JQN-11562306,PUJ,YHM,ZU1297,2026-07-31,2025-06-26,400,166,176,0.3576,TARGET
FLIGHT,RW3590-XXT-JTB-44474270,PUJ,YFC,ZU1297,2026-07-18,2026-05-19,60,173,181,0.5665,FORECAST
FLIGHT,GK4256-ERV-NZX-07813847,PUJ,YWG,ZU1297,2026-09-28,2025-08-24,400,72,184,0.4586,ACTUAL
FLIGHT,PK2046-ZSB-OJG-90648477,PUJ,YQB,ZU1297,2026-08-20,2026-08-20,0,82,176,0.1453,TARGET
FLIGHT,WW0831-VYY-GAU-01618321,POP,YWG,ZU1297,2026-09-15,2026-01-08,250,136,185,0.4121,ACTUAL
FLIGHT,LO0197-JGY-VVK-75292555,POP,YHM,ZU1297,2026-07-20,2025-03-07,500,80,192,0.0084,ACTUAL
FLIGHT,YL5624-CEN-VNO-68094059,PUJ,EWR,ZU1297,2026-08-26,2026-02-07,200,71,205,0.0380,FORECAST
FLIGHT,UM0869-NYD-CAR-40390927,POP,YQR,ZU1297,2026-07-03,2026-04-04,90,48,189,0.9506,FORECAST
FLIGHT,FS3675-MFO-LYI-54034989,POP,YVR,ZU1297,2026-07-20,2026-07-17,3,0,172,0.3938,TARGET
FLIGHT,PP0260-XJS-OMT-79987256,PUJ,YYZ,ZU1297,2026-09-14,2026-06-16,90,47,189,0.6679,TARGET
FLIGHT,AQ3327-DAJ-KGX-51356343,PUJ,YQX,ZU1297,2026-08-29,2026-05-31,90,69,69,0.8175,ACTUAL
FLIGHT,VJ4484-PTE-AOI-05187032,POP,YXE,ZU1297,2026-08-08,2026-06-09,60,127,167,0.9394,FORECAST
FLIGHT,KY5958-FPO-XBW-69922691,POP,YHM,OO5405,2026-07-29,2026-04-30,90,173,173,0.9890,FORECAST
FLIGHT,VG6292-DYW-HXK-01134496,PUJ,PUJ,OO5405,2026-09-01,2026-08-29,3,92,165,0.1225,FORECAST
FLIGHT,HS0712-CFL-PTZ-89691024,POP,YKF,OO5405,2026-08-27,2026-07-13,45,67,182,0.1629,TARGET
FLIGHT,KD1298-BXG-YXC-02623705,POP,YYT,OO5405,2026-08-19,2025-10-23,300,62,186,0.2855,FORECAST
FLIGHT,NO9087-PZW-HPG-16927592,PUJ,YXE,OO5405,2026-09-03,2026-07-05,60,144,179,0.6272,TARGET
FLIGHT,UM2315-HTI-FRC-15876509,PUJ,YBG,OO5405,2026-09-29,2026-08-15,45,89,192,0.8693,FORECAST
FLIGHT,HW9610-RIZ-UVS-29704538,PUJ,YUL,OO5405,2026-07-25,2026-04-26,90,108,204,0.8831,ACTUAL
FLIGHT,BR8958-MTO-TGK-84342314,PUJ,YOW,PU9526,2026-08-31,2025-07-27,400,65,183,0.0000,ACTUAL
FLIGHT,EZ1702-UNV-PDT-96149491,PUJ,YYZ,PU9526,2026-09-10,2026-09-03,7,145,176,0.1077,FORECAST
FLIGHT,NP7946-MRK-GFI-14842689,PUJ,YEG,MG5852,2026-07-24,2026-06-09,45,0,195,0.5650,ACTUAL
FLIGHT,SB3648-XPH-PEW-59012599,PUJ,EWR,ZS2708,2026-07-17,2025-08-01,350,22,188,0.0000,TARGET
FLIGHT,BV5029-JZZ-AOS-93977881,PUJ,EWR,CQ2943,2026-08-18,2025-05-25,450,138,184,0.7796,ACTUAL
FLIGHT,MW3309-WSJ-PYU-91415928,PUJ,YYC,CQ2943,2026-09-23,2026-09-16,7,13,173,0.0833,TARGET
FLIGHT,YT875-SSO-HEW-29278099,POP,YXS,MJ076,2026-08-27,2026-04-29,120,100,156,0.1902,FORECAST
FLIGHT,OQ792-JJZ-OVX-71740668,POP,YHZ,MJ076,2026-08-29,2026-02-10,200,10,170,0.8972,ACTUAL
FLIGHT,UR793-PXB-YCF-33579377,PUJ,YQR,HR631,2026-08-19,2025-09-03,350,166,194,0.2944,TARGET
FLIGHT,AW033-RGH-NXO-36140476,POP,YXU,HR631,2026-07-09,2026-02-09,150,158,183,0.7745,TARGET
FLIGHT,TM2116-PDE-HBI-65836599,POP,YQT,SP0415,2026-07-22,2026-06-07,45,150,193,0.3610,FORECAST
FLIGHT,MG7333-ABH-XAI-71662342,POP,POP,FK6982,2026-08-17,2026-06-18,60,84,191,0.6992,ACTUAL
FLIGHT,NA8469-LIV-ITK-69775561,PUJ,YHM,FK6982,2026-08-06,2026-05-08,90,79,202,0.6419,FORECAST
FLIGHT,GY9393-VZT-MAM-26382391,POP,YKF,TA8733,2026-07-26,2025-09-29,300,18,223,0.2613,TARGET
FLIGHT,BW822-ZJI-VZW-91306108,POP,YUL,XN910,2026-08-07,2026-07-17,21,87,174,0.4635,TARGET
FLIGHT,FP7236-LWO-NCI-76657164,PUJ,YFC,OW6432,2026-08-15,2026-07-16,30,7,192,0.0329,FORECAST
FLIGHT,VS875-QWI-ZXB-24938713,PUJ,PUJ,CE840,2026-08-31,2026-08-24,7,88,185,1.0011,FORECAST
FLIGHT,FI6302-YKY-XVU-78653578,POP,YQT,MG1424,2026-09-03,2026-09-03,0,56,166,0.0540,FORECAST
FLIGHT,HV4402-NUW-BVQ-35889743,PUJ,YEG,MG1424,2026-07-24,2026-05-10,75,32,180,0.8592,FORECAST
FLIGHT,NI4829-NCZ-FAZ-52870019,PUJ,PUJ,MG1424,2026-07-16,2026-07-13,3,106,166,0.3420,FORECAST
FLIGHT,UT3180-JVJ-YPT-40505159,POP,EWR,HR2244,2026-08-15,2026-08-01,14,16,157,0.9410,ACTUAL
FLIGHT,IH262-RXU-IGF-37603567,PUJ,YXU,XK787,2026-09-11,2026-06-28,75,112,190,0.9386,ACTUAL
FLIGHT,LP171-LTU-CUR-33335625,PUJ,YXS,XK787,2026-07-10,2025-09-13,300,0,199,0.0290,TARGET
FLIGHT,ZV0651-MLC-EMK-47370421,POP,YXE,LR9913,2026-08-06,2026-07-23,14,144,183,0.3083,ACTUAL
FLIGHT,DT5572-SBG-ICU-38651767,POP,YXE,MR5145,2026-09-13,2025-06-20,450,140,197,0.8751,TARGET
FLIGHT,ME3947-NJN-WTC-45785909,POP,YLW,MR5145,2026-09-11,2026-05-14,120,24,180,0.6990,ACTUAL
FLIGHT,UP4750-NGM-RKG-99286369,PUJ,YQR,MR5145,2026-07-08,2026-07-01,7,167,182,0.1744,ACTUAL
FLIGHT,LW9205-JQR-QLB-73257916,PUJ,YYZ,MR5145,2026-08-17,2025-09-01,350,165,183,0.1628,FORECAST
FLIGHT,IA5744-QPA-HRC-71747490,POP,YQT,MR5145,2026-07-23,2026-06-08,45,10,182,0.7832,FORECAST
FLIGHT,NL2163-WUU-JQP-86480105,POP,YUL,MR5145,2026-08-23,2026-03-26,150,140,190,0.0226,ACTUAL
FLIGHT,WF3143-QPJ-JHP-30535962,POP,YYT,MR5145,2026-09-20,2026-03-04,200,162,169,0.4861,TARGET
FLIGHT,QS4284-AZR-WUR-85638028,POP,PUJ,MR5145,2026-07-04,2025-02-19,500,25,183,0.2504,TARGET
FLIGHT,BB8699-EBL-CBG-41594928,PUJ,YXU,MR5145,2026-07-19,2026-07-05,14,85,148,0.0669,TARGET
FLIGHT,KL7047-QOV-CEH-72873576,PUJ,YXU,MR5145,2026-07-02,2026-05-03,60,23,170,0.9521,TARGET
FLIGHT,XF0244-MVY-SJU-39742257,POP,YYZ,MR5145,2026-08-26,2026-08-23,3,0,202,0.9511,FORECAST
FLIGHT,XF8829-DIL-JOB-54332125,PUJ,YYZ,MR5145,2026-07-15,2026-07-01,14,138,196,0.0000,ACTUAL
FLIGHT,QS1020-RPW-JBF-89936500,POP,YKF,MR5145,2026-08-04,2025-05-11,450,2,187,0.4353,TARGET
FLIGHT,GU6443-YCM-FHA-03004520,POP,YWG,MW9338,2026-09-14,2026-09-14,0,53,162,0.8952,TARGET
FLIGHT,MO3632-KZZ-DLH-10430804,PUJ,YQR,OO0143,2026-09-01,2026-08-02,30,52,188,0.8699,ACTUAL
FLIGHT,LS5184-NSW-DPE-84712719,PUJ,YHM,OO0143,2026-07-31,2025-05-07,450,156,156,0.5078,TARGET
FLIGHT,JS4789-OTE-MWY-91161646,POP,YXS,TI7269,2026-07-25,2026-01-06,200,90,190,0.6845,TARGET
FLIGHT,WE4584-QKC-MNF-63575484,POP,YYC,TI7269,2026-07-24,2025-06-19,400,121,177,0.2769,FORECAST
FLIGHT,NG4852-RKV-ETK-80312013,PUJ,YQX,TI7269,2026-07-07,2026-06-07,30,11,184,0.0580,ACTUAL
FLIGHT,EB360-SMA-GHP-49612690,POP,POP,VF588,2026-07-17,2025-03-04,500,87,197,0.4449,FORECAST
FLIGHT,VS182-IYI-AIE-83242009,PUJ,YHM,VF588,2026-07-25,2026-07-04,21,42,199,0.2140,ACTUAL
FLIGHT,DT565-WIL-WYN-03566197,POP,YLW,CZ101,2026-07-22,2026-02-22,150,44,192,0.9009,TARGET
FLIGHT,CH308-DLV-CCU-30010589,PUJ,YYC,CZ101,2026-07-08,2026-05-24,45,19,185,0.5670,FORECAST
FLIGHT,UJ6330-FSO-HSZ-95992740,PUJ,YYZ,YJ2090,2026-07-15,2026-05-16,60,9,175,0.7257,TARGET
FLIGHT,ER7489-YWF-RWF-31319799,PUJ,YOW,QB7299,2026-08-19,2026-08-19,0,50,69,0.2536,TARGET
FLIGHT,XA6906-VWN-UCG-12129887,POP,PUJ,KJ6652,2026-09-28,2026-07-15,75,144,184,0.2378,ACTUAL
FLIGHT,NU7156-VUG-AUX-75925797,POP,YYC,BX8549,2026-09-17,2026-06-19,90,44,175,0.2416,FORECAST
FLIGHT,DB1038-HUG-HCC-29797445,POP,YXS,BX8549,2026-08-09,2026-01-21,200,25,185,0.9007,TARGET
FLIGHT,IO4412-JAI-HRI-28833511,POP,YXS,BX8549,2026-08-09,2025-08-24,350,123,175,0.0436,TARGET
FLIGHT,JN979-LUK-THW-66545521,POP,YQR,WH968,2026-09-08,2026-08-18,21,150,201,0.4588,TARGET
FLIGHT,LQ780-OOM-OOV-58313129,PUJ,YYT,RN010,2026-08-06,2026-05-08,90,25,204,0.1938,ACTUAL
FLIGHT,JS517-NJF-JYS-32738488,POP,YYT,RN010,2026-08-11,2026-05-13,90,186,190,0.3507,TARGET
FLIGHT,IG5631-ARE-HFU-11150824,PUJ,YQR,DK2293,2026-09-22,2026-09-08,14,3,193,0.4365,ACTUAL
FLIGHT,UO6927-YJH-QDC-99537660,POP,YYT,XP8077,2026-07-15,2026-05-16,60,8,167,0.3716,FORECAST
FLIGHT,SD1918-NXF-XGH-92207151,PUJ,YXS,XP8077,2026-07-20,2026-04-21,90,5,171,0.3145,FORECAST
FLIGHT,AP896-OTG-LEW-19626335,PUJ,YYT,KF262,2026-07-19,2026-03-21,120,51,183,0.0721,TARGET
FLIGHT,JX0134-RAZ-QOY-35437882,POP,YXE,MG3024,2026-08-08,2025-10-12,300,0,203,0.2133,TARGET
FLIGHT,XT5790-AVD-FIR-25544286,PUJ,YYZ,MG3024,2026-08-10,2026-04-12,120,159,187,0.8569,TARGET
FLIGHT,TS1609-CCJ-CGD-93592361,POP,YUL,MG3024,2026-07-06,2026-06-22,14,182,182,0.6139,TARGET
FLIGHT,OE6426-CEX-DFB-38437536,PUJ,EWR,MG3024,2026-08-29,2026-04-01,150,31,193,0.9502,TARGET
FLIGHT,ZC9864-FIE-GRU-39728339,POP,YYZ,MG3024,2026-09-01,2026-04-04,150,169,169,0.7390,TARGET
FLIGHT,HR6888-USD-PQV-79150596,POP,YLW,MG3024,2026-07-19,2025-08-03,350,174,199,0.2762,TARGET
FLIGHT,ZS8769-RSG-NLE-94471619,PUJ,YOW,MG3024,2026-09-30,2026-08-31,30,21,181,0.8254,FORECAST
FLIGHT,VE1880-RXP-TVT-19623419,PUJ,POP,MG3024,2026-09-23,2026-05-26,120,53,180,0.8570,TARGET
FLIGHT,OY6332-RGQ-TMV-33761851,POP,YHM,RV4716,2026-08-15,2026-01-27,200,38,184,0.1981,ACTUAL
FLIGHT,XM2969-CJH-GME-99946645,PUJ,PUJ,VS8758,2026-07-21,2026-05-07,75,78,174,0.4076,FORECAST
FLIGHT,BN7693-GHY-FSS-86515902,POP,YQX,MZ3963,2026-09-21,2026-05-24,120,155,191,0.2431,ACTUAL
FLIGHT,NM7719-XMN-NNC-02563420,POP,YKF,YV9266,2026-09-02,2026-08-03,30,65,177,0.8765,FORECAST
FLIGHT,XA1779-CKE-UJI-61440923,POP,YHM,YV9266,2026-09-15,2026-01-08,250,161,167,0.8750,TARGET
FLIGHT,KM3093-AYZ-PTM-85909645,PUJ,YYZ,BH8107,2026-09-14,2026-08-31,14,154,199,0.0619,FORECAST
FLIGHT,UF8974-RWO-ICV-14862675,POP,YEG,PL4289,2026-09-19,2026-09-05,14,173,179,0.7323,FORECAST
FLIGHT,QY3756-VZR-CMP-84340730,POP,YQX,SR9632,2026-07-15,2026-05-01,75,88,168,0.7636,TARGET
FLIGHT,IN6589-KEX-IPN-09606472,POP,YYZ,SR9632,2026-07-04,2025-07-19,350,155,172,0.1451,TARGET
FLIGHT,PS5127-SQG-DFY-42853541,POP,YYT,SR9632,2026-09-07,2026-07-09,60,0,182,0.7115,FORECAST
FLIGHT,VD8838-ILM-UYC-25780473,POP,YLW,PK7861,2026-08-05,2026-02-06,180,72,181,0.2629,TARGET
FLIGHT,QK2557-VNY-QZQ-15590308,PUJ,YDF,PK7861,2026-07-06,2025-04-12,450,43,199,0.1690,FORECAST
FLIGHT,TP9007-BWJ-KLT-48496741,PUJ,YQR,PK7861,2026-09-22,2026-09-22,0,128,180,0.7293,FORECAST
FLIGHT,JU1756-CMQ-BTK-64185413,PUJ,YQX,RH8865,2026-08-05,2025-11-28,250,105,175,0.6866,ACTUAL
FLIGHT,SG914-FNK-EAD-20174020,POP,YBG,MM269,2026-09-09,2026-05-12,120,44,184,0.7436,FORECAST
FLIGHT,MZ740-ZZW-KGM-25123115,POP,PUJ,HY236,2026-08-21,2025-04-08,500,153,182,0.0798,FORECAST
FLIGHT,QK0275-TUW-AQE-68009072,POP,YXE,UC2486,2026-08-12,2026-04-14,120,12,190,0.5617,ACTUAL
FLIGHT,LJ4220-NCV-WRL-06929873,POP,YXE,UC2486,2026-07-04,2025-04-10,450,100,162,0.7150,TARGET
FLIGHT,IU6066-XXS-MDX-06963749,PUJ,YXE,UC2486,2026-07-14,2026-03-16,120,37,157,0.9212,FORECAST
FLIGHT,EA2033-RRD-CFA-99667637,POP,YQM,ID2600,2026-09-11,2025-04-29,500,120,189,0.4508,TARGET
FLIGHT,SB213-CDN-WNS-46021246,POP,POP,RT780,2026-08-24,2026-02-05,200,3,195,0.9083,ACTUAL
FLIGHT,FH186-VXN-OSU-06674772,POP,YHM,RT780,2026-08-15,2025-05-22,450,153,181,0.7043,TARGET
FLIGHT,OP795-UHG-XJE-25393922,PUJ,YQR,RT780,2026-08-23,2026-02-04,200,32,189,0.8911,TARGET
FLIGHT,LQ3068-IVQ-GNY-81672386,PUJ,YQX,XP0727,2026-07-10,2026-04-26,75,0,177,0.9476,ACTUAL
FLIGHT,ID82P-YPD-ZDJ-88160580,POP,YBG,EE44D,2026-08-06,2026-05-08,90,27,169,0.8233,ACTUAL
FLIGHT,RZ73U-RPD-RGU-41000665,PUJ,YYZ,EE44D,2026-08-10,2025-03-28,500,154,189,0.2490,FORECAST
FLIGHT,AQ4798-XBX-DUD-70564765,POP,YDF,ZU1297,2026-07-21,2026-07-14,7,112,184,0.0713,ACTUAL
FLIGHT,KN2600-RAL-SRA-18880030,PUJ,YVR,ZU1297,2026-09-14,2025-11-18,300,68,186,0.5574,ACTUAL
FLIGHT,OJ1594-TEZ-LIU-34502664,PUJ,YXE,ZU1297,2026-09-02,2025-12-26,250,141,163,0.1506,ACTUAL
FLIGHT,HD4562-XLH-BGB-24130011,POP,YYC,ZU1297,2026-09-29,2026-06-01,120,116,177,0.1886,FORECAST
FLIGHT,XT3205-XAN-XLB-69615884,PUJ,YXS,ZU1297,2026-07-26,2026-07-26,0,59,59,0.3369,FORECAST
FLIGHT,KH3584-STU-TVT-16953595,POP,YYC,OO5405,2026-07-26,2026-02-26,150,11,175,0.7105,TARGET
FLIGHT,VG6292-DYW-HXK-01134496,POP,YEG,OO5405,2026-08-28,2025-06-04,450,99,190,0.7398,ACTUAL
FLIGHT,BA3668-LPJ-HSY-73847184,POP,YYC,OO5405,2026-09-11,2026-01-04,250,150,197,0.9735,TARGET
FLIGHT,ZF2896-LYP-VLJ-92039801,PUJ,PUJ,OO5405,2026-09-23,2026-04-26,150,88,161,0.4554,FORECAST
FLIGHT,YG3833-QON-RQG-86898258,POP,PUJ,OO5405,2026-09-12,2026-02-24,200,145,185,0.1006,FORECAST
FLIGHT,JX8354-VYY-KYZ-74988396,PUJ,POP,PU9526,2026-07-09,2025-11-01,250,74,201,0.4134,FORECAST
FLIGHT,DO0253-HPT-PAR-60437758,PUJ,YUL,PU9526,2026-08-27,2026-02-08,200,32,190,0.2493,FORECAST
FLIGHT,TU1987-EBF-SQC-13008433,POP,YXS,PU9526,2026-07-26,2026-07-12,14,89,176,0.7404,ACTUAL
FLIGHT,YI9504-JHF-ODS-29802844,POP,POP,PU9526,2026-08-05,2026-06-21,45,133,182,0.1651,ACTUAL
FLIGHT,IY4469-ORU-SJE-59634900,POP,YDF,PU9526,2026-07-28,2026-01-29,180,136,161,0.4547,TARGET
FLIGHT,VP7476-YGS-OVX-10318872,PUJ,YQB,MG5852,2026-08-27,2025-06-03,450,7,181,0.8059,ACTUAL
FLIGHT,DE4507-ORH-NHK-09680192,POP,YYT,ZS2708,2026-09-27,2026-05-30,120,70,175,0.5669,TARGET
FLIGHT,SC7873-VUL-NHT-21187816,POP,EWR,RY9082,2026-08-05,2026-05-22,75,82,209,0.6325,FORECAST
FLIGHT,OF6715-NSC-UJX-70129839,POP,YQM,SP0415,2026-08-06,2026-07-07,30,45,194,0.2199,TARGET
FLIGHT,JJ2509-VMS-GHY-75790155,POP,EWR,FK6982,2026-07-28,2026-05-29,60,178,178,0.3879,ACTUAL
FLIGHT,LY958-RCF-GNZ-88660882,PUJ,YLW,PS289,2026-08-11,2026-01-23,200,34,232,0.7116,TARGET
FLIGHT,BC4768-SRY-GMG-91596586,PUJ,YHM,ZS6814,2026-09-04,2026-08-14,21,28,197,0.0304,FORECAST
FLIGHT,MU079-QTB-WSP-89207983,PUJ,YVR,XN910,2026-09-17,2026-08-03,45,52,197,0.4413,TARGET
FLIGHT,NH630-LDE-QCN-37996317,POP,YKF,CE840,2026-08-24,2026-08-17,7,70,174,0.0484,FORECAST
FLIGHT,SA3818-NYQ-GFB-07386543,POP,YYC,FS5153,2026-08-21,2026-08-14,7,60,166,0.9119,ACTUAL
FLIGHT,LQ1406-KBX-KRA-95316470,POP,YDF,MR5145,2026-08-01,2025-03-19,500,127,183,0.5020,FORECAST
FLIGHT,AS6124-TEB-DRX-43597309,PUJ,YVR,MR5145,2026-09-10,2026-01-03,250,74,190,0.9604,FORECAST
FLIGHT,ZM3091-NKC-NRB-04721535,POP,PUJ,MR5145,2026-07-22,2026-03-24,120,54,184,0.0049,ACTUAL
FLIGHT,TW1030-XGH-PST-16185029,POP,YVR,MR5145,2026-07-04,2026-06-27,7,19,157,0.0041,TARGET
FLIGHT,LS4190-IKI-SBN-54782924,POP,YUL,MR5145,2026-09-01,2026-08-29,3,5,154,0.7923,ACTUAL
FLIGHT,QK7524-LFD-MJF-01180829,PUJ,YQR,MR5145,2026-07-07,2025-10-30,250,34,166,0.3534,TARGET
FLIGHT,MW0793-SCA-LDL-07108165,POP,PUJ,MR5145,2026-09-24,2026-04-27,150,95,186,0.8332,TARGET
FLIGHT,IO6219-RSX-HXR-35930168,PUJ,YOW,MR5145,2026-07-03,2026-06-03,30,0,189,0.1365,TARGET
FLIGHT,HN2885-PZU-BDL-89671965,POP,YHM,MW9338,2026-08-22,2026-02-23,180,73,166,0.8316,ACTUAL
FLIGHT,MF9091-GOJ-CFR-39175673,PUJ,YYZ,MW9338,2026-09-14,2026-05-17,120,49,174,0.4153,FORECAST
FLIGHT,CY5235-SQY-FUB-29016651,POP,YXS,MW9338,2026-09-18,2026-07-20,60,67,173,0.3841,ACTUAL
FLIGHT,IX0554-YUM-HVE-18270062,PUJ,YHZ,MW9338,2026-09-20,2026-08-21,30,90,190,0.0760,FORECAST
FLIGHT,FU6219-OYW-HDJ-57265425,POP,YLW,MW9338,2026-08-28,2026-06-14,75,7,157,0.4586,FORECAST
FLIGHT,TU9959-BLH-BII-31974063,POP,YHZ,MW9338,2026-08-28,2026-05-30,90,22,187,0.9847,ACTUAL
FLIGHT,JX6834-QKJ-SOK-15798005,POP,YHM,OO0143,2026-09-24,2026-03-28,180,180,180,0.2868,FORECAST
FLIGHT,ZD2289-QKG-YKI-14301942,PUJ,YUL,OO0143,2026-09-23,2026-09-09,14,185,185,0.1024,ACTUAL
FLIGHT,RP6941-HAA-QZY-71062359,POP,YHM,OO0143,2026-09-04,2026-05-07,120,92,199,0.3095,FORECAST
FLIGHT,RY0048-VNY-SBQ-02678224,POP,YXE,OO0143,2026-09-09,2026-08-26,14,151,195,0.1424,ACTUAL
FLIGHT,NW0496-AEU-FKB-92011988,PUJ,YQR,TI7269,2026-08-11,2026-04-13,120,0,171,0.0216,TARGET
FLIGHT,SC949-FGK-TWW-20273049,POP,YQM,VF588,2026-07-20,2026-01-21,180,64,190,0.9030,FORECAST
FLIGHT,YS780-KKY-BDJ-43011167,PUJ,YQB,VF588,2026-07-28,2026-07-25,3,152,186,0.2579,ACTUAL
FLIGHT,PD302-UPC-VLC-33269018,PUJ,YQX,CZ101,2026-07-16,2026-07-09,7,22,193,0.0817,TARGET
FLIGHT,BN372-CVG-NNY-15928224,POP,YXE,CZ101,2026-09-05,2026-08-06,30,23,188,0.1814,ACTUAL
FLIGHT,OC1967-IVP-OKG-16279706,POP,YYC,YJ2090,2026-09-05,2026-04-08,150,135,196,0.9321,ACTUAL
FLIGHT,SL6889-NQF-PHI-70724625,PUJ,PUJ,QB7299,2026-07-09,2026-05-10,60,64,186,0.5683,FORECAST
FLIGHT,OU2804-MNO-JNJ-93251649,POP,YVR,KJ6652,2026-08-03,2025-11-26,250,93,182,0.0070,FORECAST
FLIGHT,ST271-CBV-QZG-79087980,POP,YXE,WH968,2026-07-26,2026-05-27,60,165,165,0.2558,ACTUAL
FLIGHT,TN010-LFR-EFO-53495875,POP,YYT,WH968,2026-07-23,2026-01-04,200,0,188,0.2391,FORECAST
FLIGHT,RW227-SWG-LME-55916543,POP,EWR,WH968,2026-07-23,2026-07-16,7,17,188,0.1107,TARGET
FLIGHT,JP227-NUI-HSC-17228375,POP,YDF,WH968,2026-08-17,2026-02-18,180,158,180,0.3390,TARGET
FLIGHT,AC848-ILN-JUQ-03567611,POP,YXS,RN010,2026-07-30,2026-07-30,0,165,181,0.4738,ACTUAL
FLIGHT,SG8525-EVO-JVO-04657173,PUJ,PUJ,DK2293,2026-08-17,2026-08-17,0,0,175,0.4221,FORECAST
FLIGHT,OY124-JSP-PRP-26856550,POP,YLW,LL083,2026-09-03,2026-08-31,3,152,192,0.4805,ACTUAL
FLIGHT,GD9733-BVW-VQM-89397770,POP,YHZ,QS2044,2026-08-11,2026-08-04,7,30,170,0.4365,ACTUAL
FLIGHT,JY7726-OSL-BGK-58890533,POP,YHZ,QS2044,2026-08-24,2025-12-17,250,11,151,0.8573,FORECAST
FLIGHT,GQ8698-JOK-SKC-86561403,POP,POP,QS2044,2026-08-28,2026-07-29,30,148,179,0.6967,TARGET
FLIGHT,PQ1923-UYN-ULH-46060560,POP,POP,IY6332,2026-07-04,2026-06-04,30,158,158,0.2802,ACTUAL
FLIGHT,PM9208-FRH-ZEH-08981388,PUJ,YDF,MG3024,2026-08-06,2026-07-30,7,70,177,0.1065,FORECAST
FLIGHT,UC6432-VCE-WMT-42894642,POP,PUJ,MG3024,2026-08-09,2026-01-21,200,25,190,0.0675,TARGET
FLIGHT,CH7455-NCC-IBW-42886050,POP,YHM,MG3024,2026-07-27,2026-05-13,75,83,198,0.6791,ACTUAL
FLIGHT,UE4959-QRU-CUC-45788707,POP,YQB,MG3024,2026-08-01,2026-06-17,45,180,180,0.9780,FORECAST
FLIGHT,MJ1547-DKK-GDG-25936781,PUJ,YQR,MG3024,2026-09-08,2026-06-25,75,145,176,0.5136,ACTUAL
FLIGHT,VE1880-RXP-TVT-19623419,POP,YDF,MG3024,2026-09-16,2025-05-04,500,91,171,0.0914,TARGET
FLIGHT,GB597-XAF-LLD-28276364,PUJ,YOW,SN794,2026-09-25,2026-07-12,75,70,167,0.1043,TARGET
FLIGHT,GG0303-GIN-OOC-16750762,PUJ,PUJ,OQ8459,2026-07-25,2026-05-26,60,0,179,0.9563,TARGET
FLIGHT,OW2224-BLB-OXN-48717754,PUJ,YYC,OQ8459,2026-09-05,2026-07-07,60,166,166,0.0469,FORECAST
FLIGHT,KY9900-SYH-PRC-46047614,POP,YEG,MZ3963,2026-09-16,2026-09-16,0,64,184,0.6369,ACTUAL
FLIGHT,VU6758-FNO-NEL-90620036,POP,YQT,IZ9259,2026-09-06,2026-09-03,3,6,187,0.2889,ACTUAL
FLIGHT,UZ905-XCR-ZRD-29886182,POP,YQT,UV281,2026-07-06,2025-10-29,250,154,154,0.3172,FORECAST
FLIGHT,PB123-UZK-BGM-87156891,PUJ,YKF,UV281,2026-08-29,2026-08-08,21,37,200,0.9860,TARGET
FLIGHT,NM7719-XMN-NNC-02563420,POP,PUJ,YV9266,2026-09-27,2026-01-20,250,39,173,0.7430,ACTUAL
FLIGHT,RZ4101-NPT-GBC-48116049,POP,YFC,YV9266,2026-09-10,2026-01-03,250,108,163,0.2467,TARGET
FLIGHT,RY4290-NTN-SUB-45289860,PUJ,YUL,YV9266,2026-09-01,2025-12-25,250,99,99,0.3761,ACTUAL
FLIGHT,GQ2011-YIV-AMZ-52664267,POP,EWR,UC2486,2026-08-29,2026-08-15,14,116,162,0.7279,FORECAST
FLIGHT,NI8784-SNF-FIZ-94510462,PUJ,YDF,UC2486,2026-07-07,2026-06-30,7,138,208,0.2148,FORECAST
FLIGHT,MR5492-XPV-EJA-00208601,PUJ,YUL,ID2600,2026-09-01,2025-09-16,350,26,182,0.1387,ACTUAL
FLIGHT,NM4853-EAV-ZOP-58708943,PUJ,YKF,YW6964,2026-07-05,2026-02-05,150,170,170,0.3738,FORECAST
FLIGHT,QX3463-GZJ-VQR-93343751,POP,YYZ,BH8107,2026-09-02,2026-09-02,0,24,167,1.0210,ACTUAL
FLIGHT,AB4748-MOT-JRM-98948481,POP,YQX,IV2370,2026-09-29,2026-09-26,3,36,169,0.5548,ACTUAL
FLIGHT,TK9403-RSL-KZX-46565317,PUJ,YVR,PK7861,2026-09-04,2025-04-22,500,137,173,0.3035,FORECAST
FLIGHT,LN2168-VGG-LZV-76680895,PUJ,YXE,PK7861,2026-08-15,2025-04-02,500,174,194,0.5606,FORECAST
FLIGHT,BL5126-UXP-UNI-49436327,PUJ,YOW,UE3587,2026-08-17,2025-07-13,400,182,194,0.3311,ACTUAL
FLIGHT,DC5703-JOL-MBU-16426245,PUJ,PUJ,RH8865,2026-07-10,2025-02-25,500,96,155,0.9872,ACTUAL
FLIGHT,FZ913-VMO-VKT-16449153,POP,YXE,MM269,2026-09-08,2026-01-01,250,167,184,0.8348,ACTUAL
FLIGHT,OU524-WBA-HGW-05109724,POP,YEG,MM269,2026-08-08,2026-08-08,0,84,183,0.4692,ACTUAL
FLIGHT,HN5764-LLJ-KTB-34819543,POP,YYZ,ID2600,2026-08-06,2026-07-23,14,44,189,0.2016,ACTUAL
FLIGHT,WB7346-BVH-DND-34079921,POP,YHM,ID2600,2026-07-16,2026-05-17,60,6,191,0.4065,TARGET
FLIGHT,JE8425-UCD-CSU-03594094,PUJ,YXS,ID2600,2026-08-02,2026-05-04,90,9,202,0.2052,ACTUAL
FLIGHT,FV9412-KSO-TTX-90323887,PUJ,YQR,ID2600,2026-07-14,2026-01-15,180,75,178,0.2866,ACTUAL
FLIGHT,XL8783-VPC-BWK-39259067,PUJ,YUL,QP6400,2026-08-18,2025-07-14,400,51,192,0.1678,ACTUAL
FLIGHT,KH2861-ORV-ALR-13805732,POP,YEG,QP6400,2026-07-20,2026-06-29,21,100,182,1.0782,ACTUAL
FLIGHT,OP795-UHG-XJE-25393922,PUJ,YXS,RT780,2026-09-19,2025-08-15,400,80,194,0.9096,ACTUAL
FLIGHT,YQ1708-XHH-LCZ-42449663,POP,YOW,XP0727,2026-08-16,2026-02-17,180,74,168,0.9258,TARGET
FLIGHT,QZ9515-TEH-IWN-65217464,PUJ,YQB,KR0307,2026-08-24,2025-09-08,350,22,185,0.7564,TARGET
FLIGHT,GE357-HWP-IFZ-14209420,POP,YDF,TT391,2026-08-11,2026-01-23,200,91,161,0.4306,ACTUAL
FLIGHT,XV4792-YSO-XWK-91448940,PUJ,YBG,ZD4601,2026-07-15,2026-02-15,150,28,200,0.9115,FORECAST
FLIGHT,CS75L-PBR-FMP-86504441,PUJ,YYZ,EE44D,2026-07-05,2025-10-28,250,124,191,0.4944,FORECAST
FLIGHT,CE5819-HNM-SJG-64365314,PUJ,YQM,ZU1297,2026-08-20,2026-08-13,7,147,189,0.0000,TARGET
FLIGHT,JG7149-FNE-PHU-50600126,POP,YQB,ZU1297,2026-08-18,2026-07-19,30,44,181,0.8339,FORECAST
FLIGHT,WA5376-TGF-XRO-92746226,PUJ,YYZ,ZU1297,2026-08-21,2026-08-18,3,54,169,0.7826,FORECAST
FLIGHT,ZH2375-AQY-GTP-31752523,PUJ,YWG,ZU1297,2026-08-29,2026-08-22,7,133,189,0.1956,ACTUAL
FLIGHT,NL7416-SRI-UHN-63375618,POP,YFC,ZU1297,2026-08-10,2025-12-03,250,155,188,0.9406,ACTUAL
FLIGHT,AV9572-XQH-TOQ-30189865,PUJ,YBG,ZU1297,2026-09-27,2025-12-01,300,55,181,0.7855,FORECAST
FLIGHT,HZ8416-EYV-SVY-06288156,POP,YHM,ZU1297,2026-09-14,2026-08-31,14,47,188,0.7784,FORECAST
FLIGHT,CI3545-MZG-ZMP-98836863,POP,PUJ,ZU1297,2026-08-01,2026-07-02,30,111,211,0.4090,FORECAST
FLIGHT,CZ4787-LAQ-VAL-71178444,PUJ,YQM,ZU1297,2026-07-12,2026-06-28,14,70,179,0.5392,ACTUAL
FLIGHT,HO1421-GZP-JOF-79392268,POP,YXU,ZU1297,2026-08-01,2026-04-03,120,5,183,0.2335,FORECAST
FLIGHT,TI2673-ZEW-WWW-72221553,PUJ,YBG,ZU1297,2026-09-16,2026-07-18,60,77,157,0.9041,TARGET
FLIGHT,OE5472-VYB-JPI-42175639,POP,YYT,OO5405,2026-07-12,2026-02-12,150,144,176,0.2333,TARGET
FLIGHT,EC3913-YNW-TTP-54839377,POP,YEG,OO5405,2026-07-22,2026-05-23,60,161,161,0.6149,ACTUAL
FLIGHT,PE7154-EFI-DFK-03834124,POP,YOW,OO5405,2026-09-22,2025-06-29,450,85,85,0.8624,TARGET
FLIGHT,BD4941-CZZ-YNH-28225196,POP,YXE,OO5405,2026-09-09,2026-09-06,3,146,175,0.1681,ACTUAL
FLIGHT,QL7717-DFC-SSS-39176707,PUJ,EWR,OO5405,2026-07-22,2025-08-06,350,0,184,0.2696,FORECAST
FLIGHT,KI1710-ANL-NEM-66885455,PUJ,YYT,PU9526,2026-09-19,2026-03-23,180,168,196,0.3230,TARGET
FLIGHT,DN9832-GER-LID-42263262,PUJ,YXS,PU9526,2026-08-06,2026-07-16,21,161,200,0.2673,ACTUAL
FLIGHT,MP2698-NWG-AZC-33327988,POP,YHZ,PU9526,2026-08-05,2025-10-09,300,29,189,0.5284,ACTUAL
FLIGHT,FT3257-QTB-RQK-06903034,PUJ,YYZ,PU9526,2026-09-11,2025-08-07,400,83,164,0.1392,TARGET
FLIGHT,SD4198-DYC-WUO-96330507,POP,YXS,PU9526,2026-07-04,2026-07-04,0,10,182,0.0909,TARGET
FLIGHT,GC8566-XWK-ISH-47812688,PUJ,YHZ,ZS2708,2026-07-29,2026-07-22,7,81,168,0.9891,FORECAST
FLIGHT,FU5216-LHR-TOY-39076667,PUJ,YVR,ZS2708,2026-08-05,2025-10-09,300,23,185,0.2808,ACTUAL
FLIGHT,JA179-WCS-JIW-55766962,PUJ,EWR,VY447,2026-08-20,2026-03-23,150,31,179,0.5548,TARGET
FLIGHT,EM071-HGZ-SCI-38276461,PUJ,YYZ,VY447,2026-09-27,2026-09-06,21,77,142,0.3710,FORECAST
FLIGHT,WJ962-LVT-LSA-12135530,POP,YQM,VY447,2026-07-30,2026-04-01,120,48,184,0.1901,ACTUAL
FLIGHT,NC0845-MGU-CYI-79612650,POP,POP,EQ9753,2026-07-10,2026-06-10,30,92,202,0.2399,ACTUAL
FLIGHT,BR5463-DNX-YYI-60664932,POP,YYZ,EQ9753,2026-07-09,2025-07-24,350,170,194,0.2579,TARGET
FLIGHT,EC2100-JNR-PTP-52100848,PUJ,YYZ,FI4111,2026-09-20,2026-06-22,90,10,202,0.1131,ACTUAL
FLIGHT,GH8738-JLY-GLB-02156383,POP,YQR,FI4111,2026-09-23,2025-06-30,450,16,207,0.0744,TARGET
FLIGHT,ZN2163-IQJ-XXJ-30534475,PUJ,YDF,RY9082,2026-09-25,2025-11-29,300,98,99,0.9371,FORECAST
FLIGHT,VO4565-SUY-TEL-07633736,POP,YXE,RY9082,2026-09-21,2026-03-05,200,108,166,0.8914,TARGET
FLIGHT,WG8389-BDC-OKE-82079077,PUJ,YQM,RY9082,2026-09-30,2026-08-16,45,168,192,0.8230,FORECAST
FLIGHT,KN9836-JTK-ATU-26289757,PUJ,YQM,YH9730,2026-09-23,2025-08-19,400,18,157,0.4009,ACTUAL
FLIGHT,MO5732-WKC-WUI-15617312,POP,YBG,YH9730,2026-08-18,2026-05-20,90,149,197,0.8529,TARGET
FLIGHT,SU5940-LVU-EDS-89902077,POP,YVR,QM3455,2026-09-18,2025-06-25,450,13,153,0.4004,ACTUAL
FLIGHT,KP0727-UXS-FTA-46998117,POP,YQM,SP0415,2026-07-15,2026-05-16,60,51,177,0.0501,ACTUAL
FLIGHT,XJ1026-FDA-RGA-83209143,PUJ,YLW,SP0415,2026-07-03,2025-05-29,400,101,184,0.4266,TARGET
FLIGHT,PV6809-AAX-PVX-79642770,POP,PUJ,FK6982,2026-07-25,2026-06-10,45,10,92,0.6673,TARGET
FLIGHT,FH4001-YWK-EFT-04015076,PUJ,YFC,FK6982,2026-09-04,2026-06-21,75,73,156,0.3085,TARGET
FLIGHT,BF0192-MVR-MBD-73855555,PUJ,YHM,FK6982,2026-08-09,2026-03-12,150,47,173,0.0453,TARGET
FLIGHT,AG176-RVD-BCY-32470730,PUJ,YXE,PS289,2026-07-11,2025-07-26,350,83,186,0.8690,ACTUAL
FLIGHT,LK9128-TSL-DFD-74475636,PUJ,YBG,TA8733,2026-08-02,2026-03-05,150,42,206,0.5447,ACTUAL
FLIGHT,NV8140-YHI-RIK-45367932,PUJ,YUL,ZS6814,2026-08-01,2026-05-18,75,168,171,0.4788,FORECAST
FLIGHT,IQ1906-AJK-UXT-82781470,PUJ,YEG,OW6432,2026-08-06,2025-11-29,250,11,185,0.6919,FORECAST
FLIGHT,LG961-UZY-ZAJ-80880574,PUJ,YXU,CE840,2026-07-26,2025-08-10,350,14,123,0.5102,FORECAST
FLIGHT,IO1678-BIY-YOU-80544529,PUJ,YHM,MG1424,2026-09-02,2026-02-14,200,158,194,0.2162,FORECAST
FLIGHT,BM2465-ECU-VZE-25624437,POP,EWR,MG1424,2026-09-29,2026-05-02,150,6,168,0.2592,ACTUAL
FLIGHT,EB1202-WZD-KZE-62076795,POP,YKF,HR2244,2026-07-09,2026-04-25,75,132,193,0.0336,ACTUAL
FLIGHT,FY0465-HKF-CUP-05726779,PUJ,YLW,LR9913,2026-08-24,2026-04-26,120,111,175,0.6084,FORECAST
FLIGHT,CL90F-ZRO-TWR-26225557,PUJ,YKF,EE44D,2026-07-31,2026-07-31,0,82,174,0.0000,TARGET
FLIGHT,VN7730-CIE-GKV-27943407,POP,YDF,MR5145,2026-07-27,2026-01-28,180,106,193,0.4857,ACTUAL
FLIGHT,UV3411-ZLE-LNI-16506433,PUJ,YEG,MR5145,2026-09-03,2025-11-07,300,97,180,0.0000,ACTUAL
FLIGHT,RV3167-FSB-BHO-24709419,PUJ,YBG,MR5145,2026-08-19,2025-10-23,300,59,177,0.6485,ACTUAL
FLIGHT,PO2005-WHN-YRZ-89089643,POP,YQB,MR5145,2026-09-07,2026-03-11,180,39,196,0.1007,FORECAST
FLIGHT,XY8931-MTQ-EZG-79953420,PUJ,YYT,MR5145,2026-09-14,2026-09-14,0,144,157,0.2849,FORECAST
FLIGHT,KA0987-FMI-NEO-16752059,PUJ,EWR,MR5145,2026-09-07,2026-08-31,7,145,190,1.0217,FORECAST
FLIGHT,ZS6205-XNU-HHM-40976282,PUJ,YLW,MR5145,2026-07-02,2026-06-29,3,171,188,0.1506,ACTUAL
FLIGHT,EU6511-RKW-QBF-02315218,PUJ,POP,MR5145,2026-07-04,2026-06-04,30,60,195,0.0008,ACTUAL
FLIGHT,QS3016-GWV-ZZN-84263361,POP,YXE,MR5145,2026-08-19,2026-03-22,150,117,152,0.0184,ACTUAL
FLIGHT,ZA2732-EMT-TEO-28702294,PUJ,YYZ,MR5145,2026-08-26,2026-03-29,150,13,185,0.8414,FORECAST
FLIGHT,AT1260-EUQ-OUB-07110648,POP,YYZ,MR5145,2026-08-02,2025-10-06,300,54,200,1.0072,FORECAST
FLIGHT,ET5689-RML-OJQ-93670619,POP,YUL,MR5145,2026-09-15,2025-05-03,500,64,184,0.8888,TARGET
FLIGHT,XC4004-ZMI-BQP-98173618,POP,YEG,MR5145,2026-07-30,2026-05-31,60,71,185,0.0594,ACTUAL
FLIGHT,GP1041-OMF-ZRK-10301640,POP,YQX,MR5145,2026-09-18,2026-07-05,75,56,173,0.1398,ACTUAL
FLIGHT,JD7609-PDG-PPP-93864047,PUJ,YWG,MR5145,2026-08-10,2025-05-17,450,94,189,0.4322,TARGET
FLIGHT,HS0019-SAO-XHS-48834039,PUJ,EWR,MR5145,2026-07-20,2026-07-20,0,33,183,0.3159,ACTUAL
FLIGHT,CL4094-NDO-ILK-63780187,PUJ,YQB,MR5145,2026-07-12,2026-07-12,0,22,168,0.8662,TARGET
FLIGHT,JR1027-AYV-HMI-65761052,PUJ,YOW,MW9338,2026-08-08,2026-07-09,30,153,185,0.4385,ACTUAL
FLIGHT,OI8824-DRG-UGL-67207190,PUJ,PUJ,MW9338,2026-07-27,2026-03-29,120,77,168,0.2390,ACTUAL
FLIGHT,NO2310-VDW-ATJ-59751301,POP,YXU,KM3143,2026-08-05,2026-05-07,90,13,205,0.0481,FORECAST
FLIGHT,KH1002-KTB-JOL-47691713,POP,POP,OO0143,2026-08-29,2026-04-01,150,36,181,0.9261,TARGET
FLIGHT,JI6204-FJK-XPU-97273139,POP,YQT,OO0143,2026-09-09,2026-05-12,120,180,196,0.1556,TARGET
FLIGHT,XM694-PDQ-ZGJ-49985647,POP,YVR,CZ101,2026-09-16,2025-05-04,500,45,188,0.4522,TARGET
FLIGHT,XM9995-LCK-ZJB-32892624,PUJ,YQX,YJ2090,2026-08-17,2025-04-04,500,168,191,0.2539,FORECAST
FLIGHT,SA7019-JGA-LUR-47163441,POP,YKF,QB7299,2026-09-02,2025-12-26,250,155,198,0.5137,FORECAST
FLIGHT,DP6024-AEW-MHW-56887955,POP,PUJ,QB7299,2026-08-03,2026-06-19,45,142,164,0.7984,TARGET
FLIGHT,DT9064-GNT-ZOO-94477492,POP,YYZ,BX8549,2026-08-11,2026-03-14,150,33,169,0.6219,ACTUAL
FLIGHT,VW3883-JYT-VRO-78941567,PUJ,YQM,BX8549,2026-07-10,2026-06-19,21,79,187,0.9504,ACTUAL
FLIGHT,EN2578-TPN-DUM-82968981,PUJ,YXE,DK2293,2026-08-06,2026-05-08,90,130,177,0.1855,TARGET
FLIGHT,PE621-OQQ-FTG-14487947,PUJ,YYZ,LL083,2026-09-19,2026-01-12,250,147,189,0.8119,TARGET
FLIGHT,FA2134-REB-FIN-33832802,PUJ,YXS,QS2044,2026-08-11,2025-07-07,400,173,173,0.1969,FORECAST
FLIGHT,UB662-JQC-HFU-35707139,PUJ,POP,CN977,2026-09-15,2025-09-30,350,18,187,0.5321,ACTUAL
FLIGHT,RB8662-RCG-OFD-43308003,POP,EWR,IY6332,2026-07-27,2025-05-03,450,94,94,0.0013,ACTUAL
FLIGHT,NO6209-BVC-YIW-47340433,POP,YFC,IY6332,2026-08-22,2026-05-24,90,62,183,0.1263,ACTUAL
FLIGHT,PG228-HNA-VQI-93783063,PUJ,POP,DZ829,2026-08-24,2026-06-10,75,171,186,0.3043,ACTUAL
FLIGHT,YV7683-XDM-BRF-71721733,PUJ,YUL,MG3024,2026-08-09,2026-05-26,75,130,192,0.3294,TARGET
FLIGHT,VU0409-LHW-DIZ-19615607,POP,YXE,MG3024,2026-07-11,2026-06-11,30,121,193,0.8095,FORECAST
FLIGHT,UW4091-HDC-DOY-86190254,POP,YUL,MG3024,2026-09-24,2026-01-17,250,34,186,0.3769,TARGET
FLIGHT,UY654-GAQ-VXZ-95231202,PUJ,YQR,SN794,2026-07-27,2026-03-29,120,5,167,0.5848,FORECAST
FLIGHT,SK7086-ZCS-TGC-45843456,PUJ,YXS,OQ8459,2026-07-02,2025-09-05,300,68,182,0.2473,ACTUAL
FLIGHT,PL9171-BKB-QUB-54914774,POP,YYC,VS8758,2026-08-16,2025-10-20,300,153,170,0.2879,FORECAST
FLIGHT,IP3535-YEJ-OQX-41715949,PUJ,YDF,VS8758,2026-09-26,2026-07-13,75,11,182,0.3763,FORECAST
FLIGHT,VW5211-RTN-VQJ-42464884,PUJ,YDF,VS8758,2026-08-08,2026-06-09,60,172,172,0.0000,FORECAST
FLIGHT,TO8999-BCC-ZIB-03471317,PUJ,YDF,OE7573,2026-09-06,2026-07-08,60,0,170,0.4130,FORECAST
FLIGHT,VV2317-YCJ-MXC-99539467,PUJ,YQR,MZ3963,2026-07-16,2026-07-09,7,179,190,0.7255,FORECAST
FLIGHT,XE371-OTQ-SAE-23790065,POP,YKF,UV281,2026-09-05,2026-09-05,0,99,173,0.9535,ACTUAL
FLIGHT,PB123-UZK-BGM-87156891,PUJ,YXE,UV281,2026-09-24,2026-06-26,90,129,180,0.8120,FORECAST
FLIGHT,OX1886-YEN-HSL-61266783,POP,YBG,BH8107,2026-09-16,2026-08-26,21,61,195,0.8858,TARGET
FLIGHT,BT742-PUJ-THN-63579671,POP,YXU,BD179,2026-07-18,2026-06-27,21,145,175,0.0606,TARGET
FLIGHT,VF6456-ITN-OJD-99160539,POP,PUJ,WZ4529,2026-07-30,2026-07-27,3,106,187,0.0931,TARGET
FLIGHT,QB9010-CJY-YNX-10392788,POP,YFC,KM3143,2026-09-02,2026-08-12,21,134,178,0.5065,FORECAST
FLIGHT,LM7611-FLR-JXF-33008056,PUJ,YVR,SR9632,2026-09-23,2026-01-16,250,32,190,0.7546,ACTUAL
FLIGHT,TS9445-OVU-VIZ-44107692,PUJ,YVR,SR9632,2026-07-11,2025-11-03,250,17,189,0.1061,TARGET
FLIGHT,KJ6018-TCZ-DGZ-43485713,POP,YBG,LC0517,2026-08-03,2026-07-20,14,37,188,0.4256,FORECAST
FLIGHT,UQ1966-JZL-FGD-91990821,POP,PUJ,LC0517,2026-08-19,2025-09-03,350,96,172,0.9728,TARGET
FLIGHT,CA3891-TDQ-ZYP-40501332,POP,YHZ,LC0517,2026-09-13,2026-07-15,60,16,172,0.3655,FORECAST
FLIGHT,EV6748-ONV-FTN-50744565,POP,YYT,PK7861,2026-08-06,2026-05-23,75,179,195,0.9009,ACTUAL
FLIGHT,TP9007-BWJ-KLT-48496741,POP,YQR,PK7861,2026-07-13,2026-07-06,7,107,107,0.8156,TARGET
FLIGHT,NV8118-FES-ZZE-32468722,PUJ,YQT,UE3587,2026-07-04,2026-06-04,30,44,78,0.0829,TARGET
FLIGHT,EK342-HRN-OZB-77604293,POP,EWR,MM269,2026-07-18,2026-05-19,60,66,172,0.1209,FORECAST
FLIGHT,CB0460-CAU-JDG-13555794,POP,YHM,BS1196,2026-08-10,2025-05-17,450,54,167,0.5040,ACTUAL
FLIGHT,LE214-IFU-NZO-35384256,PUJ,YOW,HY236,2026-07-17,2025-06-12,400,24,167,0.4241,TARGET
FLIGHT,KY1851-ZXP-MSV-65959656,POP,YXU,UC2486,2026-09-07,2026-09-04,3,127,193,0.8455,FORECAST
FLIGHT,VL5737-IRZ-XZX-52512258,PUJ,YYZ,ID2600,2026-07-29,2025-11-21,250,193,193,0.1349,ACTUAL
FLIGHT,CW3976-WHK-FTJ-61426204,POP,YYZ,ID2600,2026-08-21,2025-12-14,250,81,185,0.1783,FORECAST
FLIGHT,EQ2659-GVG-WQB-41917160,PUJ,YXU,ID2600,2026-08-27,2026-06-13,75,34,148,0.7530,FORECAST
FLIGHT,JW6352-VXH-ZKN-11882038,POP,YYZ,ID2600,2026-09-14,2026-05-17,120,83,204,0.3063,ACTUAL
FLIGHT,SY5541-FSZ-RWF-49220288,PUJ,YYZ,DU3168,2026-07-29,2026-05-30,60,162,170,0.8991,ACTUAL
FLIGHT,CL2089-VLE-DOM-80126962,POP,YQM,DU3168,2026-07-29,2026-07-29,0,9,66,0.2349,TARGET
FLIGHT,RR1303-URJ-MTD-28150164,PUJ,YFC,XP0727,2026-09-02,2026-07-19,45,0,196,0.7579,FORECAST
FLIGHT,OC7416-VIP-ZPY-63103231,POP,YQT,ZD4601,2026-08-28,2026-05-30,90,156,156,0.8851,FORECAST
FLIGHT,OL6073-AFD-WWO-37339701,POP,YXS,BR1274,2026-08-07,2026-07-31,7,36,173,0.7241,TARGET
FLIGHT,AD4926-FCZ-RTF-24006138,POP,YWG,BR1274,2026-08-18,2026-02-19,180,31,198,0.3150,TARGET
FLIGHT,WC92Z-FRY-HJS-14309215,PUJ,YHM,EE44D,2026-09-02,2025-07-29,400,44,165,0.6533,TARGET
FLIGHT,DG0050-DTR-KPK-47388084,PUJ,YQB,ZU1297,2026-08-26,2026-02-07,200,13,171,0.4967,ACTUAL
FLIGHT,QV5652-KKV-JEI-58667292,PUJ,YWG,ZU1297,2026-09-07,2026-09-07,0,8,359,0.4792,TARGET
FLIGHT,BJ6449-IBY-LVZ-81519394,POP,YFC,ZU1297,2026-08-22,2025-09-06,350,112,194,0.4973,FORECAST
FLIGHT,LO5557-JQM-GUE-81070560,PUJ,YQR,ZU1297,2026-08-25,2026-08-25,0,85,189,0.0530,TARGET
FLIGHT,PK2046-ZSB-OJG-90648477,PUJ,YEG,ZU1297,2026-08-10,2026-07-20,21,106,155,0.7921,FORECAST
FLIGHT,MJ7033-NIF-JYK-32065432,PUJ,YFC,ZU1297,2026-09-30,2026-09-23,7,1,210,0.1401,TARGET
FLIGHT,JC7659-EAL-SJR-36090168,POP,YYZ,ZU1297,2026-08-30,2026-02-11,200,120,201,0.4907,TARGET
FLIGHT,QL4123-VIQ-DAX-94525539,POP,YXU,ZU1297,2026-08-28,2026-08-25,3,121,188,0.3550,TARGET
FLIGHT,TY7296-OEB-ICR-62931916,PUJ,YYZ,ZU1297,2026-07-25,2026-01-26,180,110,162,0.3759,ACTUAL
FLIGHT,YY8164-SLP-DZY-04259900,PUJ,YBG,OO5405,2026-07-20,2026-07-17,3,8,181,0.6959,FORECAST
FLIGHT,KO5786-MBO-BFK-07666069,PUJ,POP,OO5405,2026-07-08,2026-05-09,60,5,203,0.1115,FORECAST
FLIGHT,BU9991-KDZ-JXD-40508501,POP,YQX,PU9526,2026-07-14,2026-03-16,120,81,187,0.0194,ACTUAL
FLIGHT,KB1541-PPM-LOR-66100005,POP,YFC,BT9587,2026-08-25,2026-08-22,3,100,158,0.1612,ACTUAL
FLIGHT,SI1477-CYN-RFR-98218244,POP,YVR,ZS2708,2026-07-03,2026-05-19,45,132,201,0.4939,FORECAST
FLIGHT,QL694-JKC-WIF-15729914,PUJ,YQB,VY447,2026-09-13,2026-05-16,120,55,219,0.8803,FORECAST
FLIGHT,LL532-DMZ-XXU-85550269,POP,YUL,VY447,2026-08-26,2026-03-29,150,39,162,0.1304,TARGET
FLIGHT,FT1764-RAG-MCJ-54402919,POP,YDF,EQ9753,2026-07-27,2026-04-28,90,25,192,0.9001,FORECAST
FLIGHT,OP0048-GWA-VOM-27325538,PUJ,YYZ,FI4111,2026-09-30,2026-05-03,150,182,196,0.6313,ACTUAL
FLIGHT,XA3577-OTH-DFI-04938636,POP,YEG,FI4111,2026-08-04,2025-08-19,350,169,184,0.8367,TARGET
FLIGHT,DN685-RYN-OZO-89532497,POP,YYT,HR631,2026-07-08,2025-12-20,200,4,179,0.9283,FORECAST
FLIGHT,AQ1854-XRX-AKX-14388273,PUJ,EWR,RY9082,2026-08-06,2026-08-06,0,0,170,0.2079,FORECAST
FLIGHT,MH5273-MAA-ZZO-55040841,POP,YXS,RY9082,2026-08-17,2026-08-17,0,51,178,0.8879,ACTUAL
FLIGHT,IU0941-CGS-ZMK-45255176,POP,YYZ,YH9730,2026-07-23,2025-11-15,250,118,189,0.5399,ACTUAL
FLIGHT,FK0882-HEY-IUG-96964773,POP,YVR,QM3455,2026-07-26,2025-08-10,350,75,189,0.5236,FORECAST
FLIGHT,ME6160-IMJ-HAX-07247660,POP,YEG,QM3455,2026-09-24,2026-03-08,200,18,179,0.2263,ACTUAL
FLIGHT,QD414-FHO-LOI-54517330,POP,YXS,PS289,2026-08-22,2025-07-18,400,191,191,0.3722,TARGET
FLIGHT,CN548-OML-OQC-59166551,PUJ,YQM,PS289,2026-09-15,2025-08-11,400,137,176,0.8151,TARGET
FLIGHT,BO6210-SMT-UXF-62168472,PUJ,YQT,TA8733,2026-08-07,2026-03-10,150,3,181,0.3588,FORECAST
FLIGHT,NG3457-BQV-CCP-59661446,PUJ,YLW,ZS6814,2026-07-04,2026-07-01,3,69,175,0.2218,ACTUAL
FLIGHT,SM9392-ISU-NEH-44369285,POP,YKF,OW6432,2026-09-14,2025-06-21,450,129,167,0.2877,TARGET
FLIGHT,GA367-FNQ-JOH-08169035,PUJ,POP,CE840,2026-09-16,2025-11-20,300,37,173,0.3530,TARGET
FLIGHT,SV8872-UYV-GBV-75578616,PUJ,YVR,HR2244,2026-09-29,2026-01-22,250,161,161,0.8545,TARGET
FLIGHT,DE3053-EKE-NBB-11812307,PUJ,YYC,HR2244,2026-07-24,2026-04-25,90,83,190,0.5877,ACTUAL
FLIGHT,DV866-JVY-DCK-16446592,PUJ,YBG,XK787,2026-07-11,2026-04-27,75,131,171,0.3142,FORECAST
FLIGHT,WA7783-GYN-QFN-14464557,POP,PUJ,MR5145,2026-07-02,2025-02-17,500,140,161,0.1420,ACTUAL
FLIGHT,PX4919-FQG-EJS-51109670,POP,YWG,MR5145,2026-09-28,2025-08-24,400,98,190,0.2212,ACTUAL
FLIGHT,KD9809-KTT-YBL-60326625,PUJ,YUL,MR5145,2026-07-11,2026-01-12,180,15,179,0.8388,FORECAST
FLIGHT,UZ9895-SXQ-CJQ-80595155,PUJ,YQM,MR5145,2026-08-24,2025-12-17,250,158,158,0.0508,FORECAST
FLIGHT,BP2579-OLU-CGC-54636762,POP,YQR,MR5145,2026-08-13,2025-12-06,250,54,179,0.3052,FORECAST
FLIGHT,RN5066-ADC-MLK-86511503,PUJ,YXS,MR5145,2026-09-13,2026-08-14,30,8,199,0.4296,FORECAST
FLIGHT,SX2600-LJE-RNG-57408851,PUJ,YHM,MR5145,2026-07-20,2026-06-29,21,32,197,0.1179,ACTUAL
FLIGHT,TL1139-CVZ-FEE-76158425,POP,YBG,MR5145,2026-08-23,2026-07-24,30,134,188,0.0869,TARGET
FLIGHT,PA3409-ODX-RCI-85436274,PUJ,YXE,MR5145,2026-07-07,2025-09-10,300,0,183,0.4681,ACTUAL
FLIGHT,KI8521-XCU-EDZ-59463338,PUJ,PUJ,MR5145,2026-07-09,2026-04-10,90,88,185,0.6994,FORECAST
FLIGHT,PU0789-MWC-PQX-32250915,POP,YBG,MR5145,2026-09-10,2026-08-11,30,172,176,0.4134,TARGET
FLIGHT,RM6022-SMH-CNL-01240403,POP,YHM,MR5145,2026-08-13,2026-06-29,45,57,164,0.0000,TARGET
FLIGHT,UA7493-QHI-CNE-32528744,POP,YUL,MR5145,2026-08-19,2025-09-03,350,174,177,0.3709,FORECAST
FLIGHT,XF0244-MVY-SJU-39742257,PUJ,YQR,MR5145,2026-08-20,2026-05-22,90,113,208,0.3631,FORECAST
FLIGHT,HI7862-NIN-ZCX-61501860,PUJ,YVR,MR5145,2026-08-10,2026-07-27,14,136,201,0.0869,ACTUAL
FLIGHT,KA3509-AUP-RYM-11407670,PUJ,YFC,MR5145,2026-09-26,2025-05-14,500,124,198,0.2195,FORECAST
FLIGHT,UR9763-SDM-ABO-69416587,POP,YBG,MR5145,2026-08-01,2025-05-08,450,49,166,0.1455,FORECAST
FLIGHT,IA8099-KRT-EUV-82154963,POP,YEG,MR5145,2026-07-15,2026-05-01,75,38,185,0.9519,FORECAST
FLIGHT,BR3450-GOZ-HLA-92692526,PUJ,YQT,MW9338,2026-08-18,2026-06-19,60,31,195,0.8354,FORECAST
FLIGHT,QT3725-SLN-DMX-89837501,PUJ,YXS,MW9338,2026-09-29,2026-07-16,75,161,194,0.8193,TARGET
FLIGHT,XT7263-HES-GHV-00232852,POP,YHZ,MW9338,2026-07-29,2026-01-10,200,60,178,0.3285,ACTUAL
FLIGHT,DK2198-YGN-WEG-08172607,PUJ,YWG,MW9338,2026-07-09,2026-03-11,120,136,162,0.1320,TARGET
FLIGHT,KK0384-VOY-ZCA-68973173,POP,YEG,KM3143,2026-07-07,2025-04-13,450,155,175,0.0646,ACTUAL
FLIGHT,MO3632-KZZ-DLH-10430804,PUJ,YYZ,OO0143,2026-07-05,2025-07-20,350,86,166,0.4251,TARGET
FLIGHT,RY0048-VNY-SBQ-02678224,POP,YOW,OO0143,2026-08-01,2026-05-03,90,0,180,0.1030,FORECAST
FLIGHT,BO0134-EZF-HKX-50440571,PUJ,EWR,TI7269,2026-07-23,2025-11-15,250,78,164,0.8447,TARGET
FLIGHT,WR589-GTP-ELD-08966417,PUJ,YFC,CZ101,2026-08-08,2025-12-01,250,9,199,0.1191,ACTUAL
FLIGHT,CB420-VOC-UBC-56339180,PUJ,YYZ,CZ101,2026-07-23,2025-09-26,300,132,180,0.3563,ACTUAL
FLIGHT,BV1116-VXE-QFW-05564199,PUJ,YHZ,QB7299,2026-09-21,2026-01-14,250,95,197,0.8290,TARGET
FLIGHT,EH6083-KFG-GSC-99862770,POP,YXE,QB7299,2026-08-20,2026-03-23,150,48,179,0.5623,ACTUAL
FLIGHT,VM8352-WJZ-DUK-07652335,PUJ,YWG,BX8549,2026-07-03,2025-05-29,400,24,161,0.4991,ACTUAL
FLIGHT,ZY532-PPV-OPB-55037181,POP,YYT,BK044,2026-07-20,2026-05-21,60,173,173,0.0845,FORECAST
FLIGHT,GB896-CVE-UNS-44655173,POP,YKF,BK044,2026-08-20,2025-09-04,350,51,187,0.7251,FORECAST
FLIGHT,PE342-VHQ-EGR-92565846,POP,YEG,BK044,2026-07-27,2025-05-03,450,171,179,0.1120,ACTUAL
FLIGHT,FU578-GFX-CYX-68445655,PUJ,YOW,BK044,2026-08-05,2025-10-09,300,81,162,0.1769,TARGET
FLIGHT,PD277-PDT-CBD-64608282,POP,YYT,BK044,2026-07-25,2026-02-25,150,60,187,0.5531,ACTUAL
FLIGHT,TN010-LFR-EFO-53495875,PUJ,YFC,WH968,2026-08-12,2026-05-14,90,154,192,0.7354,ACTUAL
FLIGHT,VU8611-JCN-GLK-57884145,PUJ,YBG,DK2293,2026-09-11,2026-06-13,90,49,158,0.1287,FORECAST
FLIGHT,XX8139-WUY-XKD-90477186,PUJ,YYT,DK2293,2026-07-22,2026-06-07,45,168,199,0.6788,ACTUAL
FLIGHT,XB5682-RMX-BPI-85298675,PUJ,YQX,GX0086,2026-07-10,2026-07-03,7,64,180,0.6637,ACTUAL
FLIGHT,JB4963-XNK-ZXA-88290311,PUJ,YBG,GX0086,2026-08-19,2026-04-21,120,68,180,0.6358,TARGET
FLIGHT,KT3368-QXX-WHB-11606416,PUJ,YKF,QS2044,2026-09-03,2026-04-06,150,43,196,0.4609,FORECAST
FLIGHT,YK4406-AAK-GFL-89748697,POP,YWG,QS2044,2026-07-12,2026-06-28,14,22,184,0.1687,TARGET
FLIGHT,CF1069-XQG-LOO-39783412,POP,YQR,QS2044,2026-08-05,2026-01-17,200,1,181,0.1107,ACTUAL
FLIGHT,BQ6750-DTH-GUY-44365915,POP,YXS,QS2044,2026-09-21,2026-08-22,30,148,176,0.1131,TARGET
FLIGHT,UP964-VTM-OXH-79457727,POP,YOW,CN977,2026-07-14,2026-06-30,14,142,184,0.0000,TARGET
FLIGHT,FK3765-OMT-YFP-78943191,POP,YEG,IY6332,2026-09-09,2026-05-12,120,18,201,0.7790,FORECAST
FLIGHT,CW758-QTU-CIU-44498355,PUJ,PUJ,KF262,2026-09-12,2026-06-14,90,17,182,0.4918,FORECAST
FLIGHT,BM220-PEE-HTL-94737213,POP,YQM,KF262,2026-07-23,2026-06-23,30,25,179,0.7783,FORECAST
FLIGHT,MH203-OIP-MOW-75372603,POP,YDF,KF262,2026-07-16,2026-07-09,7,161,181,0.0751,TARGET
FLIGHT,VY8981-EMK-VWO-42231964,PUJ,YQT,HA5069,2026-09-11,2025-08-07,400,163,163,0.8271,ACTUAL
FLIGHT,GE5848-MQS-TTG-60798487,POP,YYZ,HA5069,2026-08-12,2025-03-30,500,17,190,0.2127,FORECAST
FLIGHT,HH016-EGI-DSA-31061537,POP,YLW,DZ829,2026-07-03,2025-12-15,200,173,211,0.1363,TARGET
FLIGHT,IT3036-JMY-ROC-91203818,POP,YHZ,BG3562,2026-09-02,2025-12-26,250,124,206,0.8469,ACTUAL
FLIGHT,RL4570-KNY-QEA-92257090,POP,YBG,MG3024,2026-07-22,2025-11-14,250,39,179,0.2731,FORECAST
FLIGHT,SK9481-KFY-MTE-55966472,PUJ,YHZ,MG3024,2026-07-09,2026-04-25,75,51,187,0.9418,TARGET
FLIGHT,RV9222-XLM-BMF-95350637,PUJ,YEG,IY6332,2026-09-03,2025-07-30,400,75,174,0.5602,FORECAST
FLIGHT,RZ5294-MYS-BEZ-17741743,PUJ,YQM,OQ8459,2026-07-11,2025-09-14,300,60,60,0.2250,FORECAST
FLIGHT,PM1065-SFA-URQ-14319279,POP,YUL,RV4716,2026-07-23,2026-07-20,3,26,190,0.7693,FORECAST
FLIGHT,BT9990-WBD-BRT-85739083,PUJ,POP,VS8758,2026-09-07,2026-07-09,60,168,168,0.3742,ACTUAL
FLIGHT,OA413-WAT-ATD-53860282,POP,YQX,KK064,2026-08-18,2026-08-04,14,156,174,0.9061,TARGET
FLIGHT,NO2010-REI-UXA-28182238,POP,YWG,BG3562,2026-08-28,2026-08-28,0,10,180,0.2451,TARGET
FLIGHT,TT384-WII-BJL-88311414,PUJ,EWR,UV281,2026-09-15,2026-08-01,45,162,185,0.0000,ACTUAL
FLIGHT,QU6240-ZWQ-OYZ-10066890,POP,PUJ,YV9266,2026-09-06,2026-03-10,180,3,179,0.0806,TARGET
FLIGHT,AC1386-AIP-SIV-71990380,PUJ,YKF,PL4289,2026-07-05,2026-07-02,3,187,202,0.5681,ACTUAL
FLIGHT,XZ3830-VPO-KKR-21262643,POP,YKF,PL4289,2026-07-26,2025-08-10,350,67,164,0.8887,FORECAST
FLIGHT,CU7303-HFI-SZN-75745104,POP,YVR,WZ4529,2026-09-11,2026-08-28,14,42,179,0.6814,ACTUAL
FLIGHT,KW7557-DMN-ZHF-82463061,POP,YOW,KM3143,2026-08-05,2026-06-21,45,20,184,0.2215,TARGET
FLIGHT,VL8904-DQU-FYQ-05166608,POP,YDF,KM3143,2026-07-01,2026-05-02,60,119,177,0.1397,TARGET
FLIGHT,RV3410-HIC-ICG-18118140,PUJ,YWG,NT0164,2026-09-19,2026-04-22,150,123,149,0.8546,FORECAST
FLIGHT,TT4696-MVT-HWE-33700715,PUJ,YYC,LC0517,2026-09-08,2026-03-12,180,12,175,0.9910,ACTUAL
FLIGHT,MB1458-JAQ-DDX-44157281,POP,YUL,LC0517,2026-09-07,2025-08-03,400,21,81,0.7719,ACTUAL
FLIGHT,FM0555-WUI-MLI-26836843,PUJ,YEG,PD3228,2026-09-11,2025-04-29,500,115,193,0.7512,FORECAST
FLIGHT,LI4966-SKJ-ECX-75627528,POP,YXE,PD3228,2026-07-18,2026-04-19,90,162,194,0.1187,TARGET
FLIGHT,DV9396-ROC-QNZ-71708049,PUJ,YVR,PK7861,2026-08-16,2026-07-17,30,79,177,0.6882,TARGET
FLIGHT,XY5969-FVY-BMM-60485312,POP,YYZ,PK7861,2026-08-25,2026-07-26,30,168,180,0.3346,TARGET
FLIGHT,LM3974-XQZ-VTF-50075167,PUJ,YOW,UE3587,2026-08-02,2026-05-19,75,201,201,0.7804,ACTUAL
FLIGHT,GV3665-XZA-EQK-91565817,POP,YOW,RH8865,2026-07-14,2026-07-14,0,60,159,0.5465,ACTUAL
FLIGHT,PU077-LAX-RRY-49499963,PUJ,YFC,MM269,2026-07-30,2026-07-27,3,26,202,0.2808,ACTUAL
FLIGHT,GV2043-UJV-PIG-34421065,POP,YUL,BS1196,2026-07-27,2026-05-13,75,187,194,0.2100,TARGET
FLIGHT,ON1952-ISM-XAD-70921764,POP,YWG,UC2486,2026-07-23,2025-09-26,300,62,171,0.2965,FORECAST
FLIGHT,EQ2659-GVG-WQB-41917160,PUJ,YWG,ID2600,2026-09-27,2025-07-04,450,107,197,0.7568,TARGET
FLIGHT,WB7346-BVH-DND-34079921,POP,YDF,ID2600,2026-09-30,2025-10-15,350,23,184,0.4607,FORECAST
FLIGHT,AT8383-CSH-INK-02758603,PUJ,YQX,QN3070,2026-07-07,2026-02-07,150,45,192,0.6675,FORECAST
FLIGHT,OF3634-YCD-BIR-57867126,POP,YXE,DU3168,2026-08-19,2026-07-20,30,111,184,0.8916,FORECAST
FLIGHT,VL7052-TLB-RMR-74412359,PUJ,YFC,QP6400,2026-08-25,2026-05-27,90,61,206,0.6030,ACTUAL
FLIGHT,HH146-LNV-LPW-16657813,PUJ,YBG,RT780,2026-07-14,2026-03-16,120,22,198,0.9777,TARGET
FLIGHT,RQ420-YXZ-VJO-59835894,POP,PUJ,RT780,2026-07-21,2025-04-27,450,189,205,0.1201,TARGET
FLIGHT,DK4827-ABV-ESH-31326893,PUJ,YQB,HH2316,2026-09-14,2026-08-15,30,104,162,0.7603,TARGET
FLIGHT,VE5040-FKW-ZXR-98810855,POP,YWG,XP0727,2026-08-18,2026-07-19,30,16,189,0.1383,TARGET
FLIGHT,UA9529-AKX-ZVL-09579281,PUJ,POP,KR0307,2026-09-15,2026-08-16,30,49,192,0.7443,FORECAST
FLIGHT,FF8095-JCP-LIV-01637905,PUJ,YVR,ZU1297,2026-07-15,2025-12-27,200,20,163,0.8998,TARGET
FLIGHT,AS9286-DAE-QLU-51438255,PUJ,YFC,ZU1297,2026-08-23,2026-02-24,180,155,164,0.2825,TARGET
FLIGHT,AQ3327-DAJ-KGX-51356343,POP,YQR,ZU1297,2026-07-27,2026-07-24,3,26,186,0.6035,ACTUAL
FLIGHT,WJ6161-NAK-IHH-70736712,PUJ,YXE,ZU1297,2026-09-05,2026-06-07,90,35,188,0.4752,TARGET
FLIGHT,FK5054-DKD-TBS-37577079,PUJ,YYZ,OO5405,2026-08-26,2025-07-22,400,53,180,0.5267,ACTUAL
FLIGHT,XC3220-QEF-BJJ-84351978,POP,YEG,OO5405,2026-09-18,2026-04-21,150,3,161,0.8609,TARGET
FLIGHT,TS1285-XMQ-KSI-41649331,PUJ,POP,OO5405,2026-09-29,2026-03-13,200,156,196,0.3023,TARGET
FLIGHT,HF3518-KFE-TVC-65613073,PUJ,YFC,OO5405,2026-09-28,2025-10-13,350,86,181,0.0376,TARGET
FLIGHT,BA2702-OYL-XBP-69769380,PUJ,YYC,PU9526,2026-07-09,2025-07-24,350,92,187,0.3227,TARGET
FLIGHT,SI5212-LWR-NBN-20981804,POP,PUJ,PU9526,2026-09-08,2026-09-08,0,146,157,0.1471,ACTUAL
FLIGHT,DK7111-EBP-ADQ-05893596,POP,YQB,PU9526,2026-07-25,2025-11-17,250,154,176,0.2120,ACTUAL
FLIGHT,CN5364-OAZ-MUN-96778134,POP,YVR,ZS2708,2026-08-22,2026-08-15,7,107,165,0.4647,FORECAST
FLIGHT,ZL9765-PCF-KIJ-58479519,POP,YQT,ZS2708,2026-09-06,2026-05-09,120,130,190,0.0000,ACTUAL
FLIGHT,EO1662-GTU-HLF-60177265,POP,YQB,ZS2708,2026-08-30,2026-08-23,7,102,154,0.0552,FORECAST
FLIGHT,JA179-WCS-JIW-55766962,POP,YHZ,VY447,2026-07-19,2026-02-19,150,175,175,0.1507,FORECAST
FLIGHT,BK2361-IYD-NZH-70727420,POP,YHZ,CQ2943,2026-09-07,2026-08-17,21,160,163,0.3147,ACTUAL
FLIGHT,SA0281-ABA-GFX-66617808,PUJ,YVR,EQ9753,2026-09-19,2026-06-21,90,54,184,0.1148,ACTUAL
FLIGHT,GE071-RCD-MTI-41826971,POP,YXS,HR631,2026-08-20,2026-08-06,14,65,166,0.1453,TARGET
FLIGHT,EN1249-TRO-OTS-94819406,POP,YUL,QM3455,2026-07-19,2026-07-19,0,154,168,0.2407,TARGET
FLIGHT,AD9969-ZSJ-MLZ-21745658,POP,YQT,SP0415,2026-07-20,2026-01-01,200,136,183,0.8984,ACTUAL
FLIGHT,NC3023-FZP-MGT-16949739,POP,YYZ,SP0415,2026-07-07,2025-10-30,250,132,168,0.6215,TARGET
FLIGHT,ZP4219-IBV-XJP-89136716,POP,YYT,AA5674,2026-07-01,2025-09-04,300,56,185,0.3606,FORECAST
FLIGHT,RS6071-XGP-YMM-70806060,POP,YKF,TA8733,2026-07-04,2026-02-04,150,44,162,0.9230,FORECAST
FLIGHT,BC4768-SRY-GMG-91596586,POP,YUL,ZS6814,2026-07-09,2025-06-04,400,58,165,0.5810,FORECAST
FLIGHT,XL6292-MMS-FHM-20134214,PUJ,YQT,MG1424,2026-08-12,2026-05-29,75,35,188,0.0000,TARGET
FLIGHT,MN80H-CNT-UON-07904660,POP,YQR,EE44D,2026-08-05,2026-06-06,60,31,185,0.9685,FORECAST
FLIGHT,VZ2491-CYN-STH-47877629,POP,YYC,MR5145,2026-07-19,2026-05-20,60,24,172,0.3018,FORECAST
FLIGHT,ME3947-NJN-WTC-45785909,PUJ,EWR,MR5145,2026-07-31,2026-07-28,3,156,156,0.3354,TARGET
FLIGHT,AP5933-LTU-FJF-38448232,PUJ,YBG,MR5145,2026-07-15,2026-06-24,21,11,196,0.9148,FORECAST
FLIGHT,XA9680-DFA-AGS-08197047,PUJ,EWR,MR5145,2026-07-15,2026-05-31,45,67,133,0.5792,ACTUAL
FLIGHT,DC2706-XZJ-KJP-83990497,PUJ,YYC,MR5145,2026-09-27,2026-08-13,45,72,183,0.1253,ACTUAL
FLIGHT,OX0660-XLP-TMK-27398311,PUJ,YXS,MR5145,2026-08-18,2025-12-11,250,43,212,0.6235,TARGET
FLIGHT,MO1162-ZLG-KFE-93862918,POP,YUL,MR5145,2026-08-20,2026-06-21,60,114,172,0.5374,ACTUAL
FLIGHT,UR9763-SDM-ABO-69416587,PUJ,PUJ,MR5145,2026-07-18,2025-04-24,450,14,210,0.1379,ACTUAL
FLIGHT,RM9384-CGP-AOQ-70330141,PUJ,YFC,MR5145,2026-08-12,2026-04-14,120,158,180,0.5736,TARGET
FLIGHT,QT3725-SLN-DMX-89837501,PUJ,POP,MW9338,2026-07-29,2025-10-02,300,110,186,0.7375,FORECAST
FLIGHT,YA4524-EUB-LFN-73889076,POP,YOW,MW9338,2026-09-23,2026-07-10,75,1,206,0.9225,ACTUAL
FLIGHT,MV2867-JGH-GWT-89852588,POP,YXU,MW9338,2026-09-20,2025-06-27,450,64,175,0.3449,ACTUAL
FLIGHT,SP0124-VIE-WGM-02567322,PUJ,YYT,MW9338,2026-07-15,2025-07-30,350,28,178,0.0947,ACTUAL
FLIGHT,NO2310-VDW-ATJ-59751301,POP,YYT,KM3143,2026-09-13,2025-06-20,450,8,178,0.2927,FORECAST
FLIGHT,QM5312-GKR-IQW-42094184,POP,PUJ,OO0143,2026-08-16,2026-05-18,90,0,164,0.3502,TARGET
FLIGHT,KY7290-HEC-VNK-15567337,POP,YYT,OO0143,2026-09-21,2026-09-18,3,143,166,0.8892,TARGET
FLIGHT,OL6136-GDD-LSM-95549178,PUJ,YQB,TI7269,2026-08-14,2025-05-21,450,12,179,0.8573,FORECAST
FLIGHT,UF3739-GBX-ILW-74129860,PUJ,YWG,TI7269,2026-09-17,2025-05-05,500,182,182,0.1758,FORECAST
FLIGHT,GL4836-NFK-HTM-71832395,POP,POP,TI7269,2026-08-05,2026-01-17,200,60,200,0.9687,TARGET
FLIGHT,OJ068-WKS-NIN-52157248,PUJ,POP,VF588,2026-08-26,2026-08-19,7,134,207,0.7124,ACTUAL
FLIGHT,EL536-KVW-ZVL-56059233,POP,YLW,CZ101,2026-09-12,2026-08-29,14,69,175,0.1539,FORECAST
FLIGHT,KM3935-DHA-HTT-49201330,POP,YEG,YJ2090,2026-09-16,2026-07-18,60,76,197,0.3605,TARGET
FLIGHT,BA9746-ZLE-IQH-48311450,PUJ,YFC,QB7299,2026-09-23,2026-09-16,7,84,84,0.1945,FORECAST
FLIGHT,YE9813-KER-UHH-88285578,PUJ,YHM,BX8549,2026-08-04,2026-06-20,45,7,169,0.2917,ACTUAL
FLIGHT,JV1417-JKA-DVU-15959318,POP,YOW,DK2293,2026-08-19,2026-08-19,0,156,160,0.9043,ACTUAL
FLIGHT,DH9511-MPG-OIV-97622021,PUJ,YBG,GX0086,2026-08-02,2026-07-26,7,70,177,0.1209,FORECAST
FLIGHT,FX464-RJJ-SID-16318732,POP,YWG,CN977,2026-08-11,2025-03-29,500,0,196,0.8624,FORECAST
FLIGHT,KQ1629-KCQ-POT-41763425,POP,YDF,IY6332,2026-09-15,2026-08-25,21,146,198,0.9561,TARGET
FLIGHT,AJ521-EQT-TDL-11455129,POP,EWR,DZ829,2026-07-27,2026-06-27,30,68,174,0.4360,FORECAST
FLIGHT,FH5521-MVV-LAY-58714692,PUJ,YQX,MG3024,2026-07-05,2025-02-20,500,21,186,0.8188,ACTUAL
FLIGHT,NQ0808-DZX-VLO-12901507,PUJ,YHM,MG3024,2026-07-20,2026-07-20,0,164,178,0.1372,TARGET
FLIGHT,PY7182-WIT-RSY-80880678,PUJ,YXU,MG3024,2026-07-20,2025-11-12,250,44,192,0.4979,FORECAST
FLIGHT,WS4757-MSW-XZI-53536597,POP,YDF,MG3024,2026-07-25,2026-01-06,200,0,188,0.2230,TARGET
FLIGHT,GL4268-ZOI-IVU-70173208,POP,YEG,MG3024,2026-08-28,2026-08-07,21,71,71,0.0185,ACTUAL
FLIGHT,RY498-OYI-KYL-13587271,PUJ,YYT,KK064,2026-07-19,2025-08-03,350,165,165,0.7842,FORECAST
FLIGHT,OA413-WAT-ATD-53860282,PUJ,YXS,KK064,2026-09-23,2026-08-24,30,86,86,0.1265,ACTUAL
FLIGHT,NN0012-RHQ-EOC-01232961,POP,POP,BG3562,2026-08-12,2026-06-28,45,5,184,0.1457,TARGET
FLIGHT,RO8494-POC-VFS-03500618,POP,YXU,OE7573,2026-07-17,2026-07-10,7,95,174,0.2284,ACTUAL
FLIGHT,TR3924-RJQ-CHA-04169105,PUJ,YFC,OE7573,2026-07-04,2025-09-07,300,50,186,0.4627,ACTUAL
FLIGHT,UI3158-SYY-BDM-49281503,PUJ,YHM,MZ3963,2026-07-11,2026-07-04,7,100,183,0.0000,FORECAST
FLIGHT,MD2766-EAR-BQE-03917026,PUJ,YHM,MZ3963,2026-09-13,2025-08-09,400,36,184,0.4542,FORECAST
FLIGHT,KK7490-MFP-SZM-02425703,POP,YUL,UR3098,2026-08-25,2026-03-28,150,30,171,0.7067,ACTUAL
FLIGHT,MZ7671-QPP-MEV-88363688,PUJ,YKF,QP6400,2026-07-31,2026-02-01,180,129,181,0.7625,TARGET
FLIGHT,JB2428-NCP-WRS-25714025,POP,YLW,TC0312,2026-09-03,2026-03-07,180,0,173,0.3086,ACTUAL
FLIGHT,ZT0984-WVZ-CFR-65581675,PUJ,YXS,TC0312,2026-09-17,2025-10-02,350,58,180,0.6338,TARGET
FLIGHT,AB4748-MOT-JRM-98948481,POP,YVR,IV2370,2026-07-20,2026-02-20,150,67,178,0.3261,TARGET
FLIGHT,CL0632-ZWI-AKD-02658387,PUJ,YQT,PK7861,2026-07-21,2026-07-18,3,155,186,0.2973,FORECAST
FLIGHT,NO4906-JDZ-EYE-72765314,PUJ,YFC,PK7861,2026-08-31,2026-06-02,90,18,98,0.0513,ACTUAL
FLIGHT,XI8673-LRD-REX-17748747,POP,YVR,UE3587,2026-09-12,2026-01-05,250,136,157,0.0267,ACTUAL
FLIGHT,DC5703-JOL-MBU-16426245,POP,EWR,RH8865,2026-08-05,2026-07-15,21,141,181,0.8834,ACTUAL
FLIGHT,RZ9221-YBX-BOY-20409471,POP,YVR,BS1196,2026-09-30,2026-04-03,180,66,178,0.8782,TARGET
FLIGHT,QK0275-TUW-AQE-68009072,POP,YYZ,UC2486,2026-07-14,2026-05-15,60,40,180,0.9981,TARGET
FLIGHT,NT6338-WZS-LWX-86417825,PUJ,YDF,UC2486,2026-07-13,2026-07-10,3,130,169,0.9000,TARGET
FLIGHT,HN5764-LLJ-KTB-34819543,PUJ,YQR,ID2600,2026-07-15,2026-07-01,14,29,188,0.9226,ACTUAL
FLIGHT,CG6496-PIW-LDW-45375257,PUJ,YYT,QN3070,2026-07-05,2026-06-28,7,6,171,0.4123,ACTUAL
FLIGHT,KQ4647-EKN-BJM-78203690,PUJ,YDF,QP6400,2026-09-11,2025-11-15,300,11,176,0.4891,FORECAST
FLIGHT,GG4029-GPQ-DXZ-32672733,POP,YXE,XP0727,2026-08-12,2025-05-19,450,22,157,0.6754,FORECAST
FLIGHT,EN277-XNO-JNT-58819468,PUJ,YHM,JS586,2026-07-26,2026-01-07,200,60,175,0.0999,FORECAST
FLIGHT,EA7209-LPR-VTA-35508199,POP,YDF,ZD4601,2026-07-12,2026-06-12,30,104,173,0.0145,TARGET
FLIGHT,TO6834-XRZ-OLF-56048992,POP,YDF,ZD4601,2026-07-26,2025-09-29,300,42,157,0.0000,FORECAST
FLIGHT,XK9456-RYD-LBY-89514631,POP,YHM,ZU1297,2026-07-19,2026-05-20,60,114,182,0.7262,FORECAST
FLIGHT,YK8804-DJU-AGN-34874512,POP,YYZ,ZU1297,2026-08-28,2026-03-01,180,75,176,0.3783,TARGET
FLIGHT,BR0128-THI-QFR-00920536,POP,YQX,ZU1297,2026-08-12,2025-08-27,350,30,361,0.3937,TARGET
FLIGHT,AV9572-XQH-TOQ-30189865,POP,YLW,ZU1297,2026-07-14,2026-07-14,0,102,172,0.5469,ACTUAL
FLIGHT,AS9993-XPQ-JRW-65230804,PUJ,YOW,ZU1297,2026-09-28,2026-05-31,120,41,159,0.9654,ACTUAL
FLIGHT,DU0389-CWM-YMP-70952185,PUJ,YQX,ZU1297,2026-08-04,2026-07-28,7,166,187,0.3930,TARGET
FLIGHT,JD3545-KVO-TOU-07907704,POP,YQM,ZU1297,2026-08-09,2026-06-10,60,110,192,0.7609,TARGET
FLIGHT,ZL8163-BFD-FSZ-18236372,POP,EWR,OO5405,2026-09-07,2026-05-10,120,21,175,0.4962,FORECAST
FLIGHT,YP7942-UTF-DBD-72748215,PUJ,YQX,OO5405,2026-08-04,2026-04-06,120,50,190,0.5130,ACTUAL
FLIGHT,SE4643-AQD-HEE-25750412,PUJ,YEG,OO5405,2026-09-08,2026-09-05,3,21,188,0.8711,ACTUAL
FLIGHT,WB7799-UOO-EEF-26461533,PUJ,YQT,PU9526,2026-09-20,2025-05-08,500,159,188,0.0921,TARGET
FLIGHT,GS0665-BXM-QQU-85760273,PUJ,YHM,BT9587,2026-07-10,2026-01-11,180,175,190,0.7795,TARGET
FLIGHT,JI8345-DSS-LKA-89775472,PUJ,PUJ,ZS2708,2026-07-26,2026-01-07,200,37,197,0.2619,ACTUAL
FLIGHT,MO994-EAV-YMD-37698237,PUJ,YYC,MJ076,2026-07-21,2026-05-07,75,30,186,0.8155,FORECAST
FLIGHT,LS2306-LDD-PNR-25152880,POP,YXU,RY9082,2026-07-23,2026-05-24,60,6,163,0.1563,FORECAST
FLIGHT,ZH4996-GFD-LLH-39753175,PUJ,YHZ,RY9082,2026-07-02,2026-05-03,60,22,173,0.8313,TARGET
FLIGHT,BP8187-XVJ-DJM-56637070,PUJ,YKF,FK6982,2026-07-23,2026-07-23,0,145,145,0.3556,FORECAST
FLIGHT,ZM1725-QRE-VVQ-44271804,PUJ,EWR,TA8733,2026-08-21,2025-09-05,350,172,183,0.6612,ACTUAL
FLIGHT,LE4055-QSO-FHY-59199885,PUJ,YUL,TA8733,2026-08-17,2025-09-01,350,133,166,0.9497,ACTUAL
FLIGHT,RS6071-XGP-YMM-70806060,PUJ,PUJ,TA8733,2026-08-14,2026-01-26,200,0,183,0.7016,ACTUAL
FLIGHT,CN6556-HUN-HAB-43359015,POP,YWG,OW6432,2026-08-22,2026-07-23,30,194,221,0.8564,ACTUAL
FLIGHT,IT0603-KNU-ZFO-06105009,PUJ,YLW,HR2244,2026-09-30,2026-08-16,45,25,187,0.5980,ACTUAL
FLIGHT,JH9889-GWS-AHW-16964668,POP,YWG,RJ1024,2026-08-17,2026-05-19,90,157,180,0.0597,ACTUAL
FLIGHT,ZJ1523-ROO-ZYQ-70009854,PUJ,YHM,LR9913,2026-08-07,2026-04-09,120,58,179,0.7961,TARGET
FLIGHT,ZZ28A-IVH-GFX-64445816,PUJ,YBG,EE44D,2026-08-20,2025-10-24,300,59,197,0.1229,ACTUAL
FLIGHT,EQ47J-MSP-QLD-36819480,PUJ,YHM,EE44D,2026-09-20,2026-07-07,75,1,193,0.1680,FORECAST
FLIGHT,GU6326-FHP-KAK-43226027,PUJ,PUJ,MR5145,2026-08-11,2025-10-15,300,47,161,0.7490,TARGET
FLIGHT,ME3947-NJN-WTC-45785909,PUJ,YXS,MR5145,2026-08-17,2026-07-03,45,45,188,0.5902,TARGET
FLIGHT,CV2155-YLE-IRS-93087130,PUJ,YQB,MR5145,2026-09-11,2026-08-21,21,66,184,0.8837,ACTUAL
FLIGHT,TW6739-BGD-YMS-72818858,PUJ,YFC,MR5145,2026-08-15,2026-07-16,30,30,361,1.0154,ACTUAL
FLIGHT,WO5897-BCK-WWX-42270955,POP,YQB,MR5145,2026-07-22,2026-07-01,21,52,165,0.7120,ACTUAL
FLIGHT,ME5999-COR-AUW-27152273,PUJ,YQM,MR5145,2026-09-03,2026-06-05,90,173,173,0.0605,TARGET
FLIGHT,WY0222-DYE-HVX-70322888,PUJ,YOW,MR5145,2026-07-14,2025-06-09,400,85,140,0.7874,TARGET
FLIGHT,RO0341-DMG-RNC-01083015,POP,YYT,MR5145,2026-08-13,2026-06-14,60,161,161,0.2330,FORECAST
FLIGHT,TD3375-SSY-GHI-58238818,PUJ,YYT,MR5145,2026-09-14,2025-05-02,500,62,193,0.8863,ACTUAL
FLIGHT,OW7296-EES-FHX-46718446,PUJ,YYC,MR5145,2026-09-01,2026-09-01,0,47,179,0.1903,FORECAST
FLIGHT,JO9227-VZB-CSE-46759579,PUJ,YUL,MR5145,2026-08-13,2026-01-25,200,82,179,0.5575,FORECAST
FLIGHT,HZ8217-WFX-YTK-21866782,POP,YXS,MR5145,2026-09-23,2026-03-27,180,169,186,0.1720,FORECAST
FLIGHT,QK7524-LFD-MJF-01180829,PUJ,YKF,MR5145,2026-09-02,2026-08-19,14,172,172,0.0610,TARGET
FLIGHT,AC5903-RFI-AHB-92283436,PUJ,YQB,MR5145,2026-08-29,2026-08-29,0,52,161,0.7947,TARGET
FLIGHT,WE0647-JAW-KLW-03750160,PUJ,YQR,MR5145,2026-09-22,2026-09-15,7,0,183,0.4103,TARGET
FLIGHT,DW9761-PIG-EZN-41722551,PUJ,EWR,MR5145,2026-07-31,2026-07-31,0,85,188,0.2019,TARGET
FLIGHT,PK4496-GFI-EJM-60472948,POP,YLW,MW9338,2026-09-18,2026-04-21,150,100,174,0.3301,TARGET
FLIGHT,JV8310-GIJ-NTI-30749820,PUJ,YUL,MW9338,2026-08-06,2025-03-24,500,116,166,0.4578,ACTUAL
FLIGHT,JP4214-FKI-XWX-82718980,PUJ,YUL,MW9338,2026-07-12,2025-07-27,350,65,153,0.7855,TARGET
FLIGHT,ZS0078-FQZ-DMA-41379640,PUJ,YHZ,OO0143,2026-07-13,2026-02-13,150,55,192,0.3974,TARGET
FLIGHT,KC5624-TTH-XPE-99520430,PUJ,YXE,OO0143,2026-08-26,2026-02-27,180,89,179,0.4614,FORECAST
FLIGHT,PU363-PMF-PYJ-20860021,POP,YXS,CZ101,2026-09-18,2026-06-20,90,156,164,0.1331,ACTUAL
FLIGHT,MN1772-BUU-AFH-19390200,PUJ,YHZ,YJ2090,2026-09-05,2026-04-08,150,81,157,0.9254,FORECAST
FLIGHT,NT178-OXB-ADO-45388322,PUJ,PUJ,WH968,2026-09-16,2026-05-19,120,152,170,0.8119,FORECAST
FLIGHT,RC810-FDU-BLB-25381204,PUJ,YHZ,WH968,2026-09-14,2025-11-18,300,38,185,0.1168,FORECAST
FLIGHT,IF663-FPK-SGI-87553559,PUJ,YKF,RN010,2026-08-11,2026-08-11,0,14,179,0.4606,FORECAST
FLIGHT,CY786-TPP-VEY-88736051,PUJ,YBG,RN010,2026-07-25,2025-09-28,300,137,189,0.5398,ACTUAL
FLIGHT,TT139-BID-AUI-06331476,PUJ,YHZ,RN010,2026-09-25,2026-09-25,0,120,176,0.7634,TARGET
FLIGHT,UQ9055-APP-QRI-39950918,POP,YWG,DK2293,2026-08-18,2025-10-22,300,0,178,0.5189,ACTUAL
FLIGHT,OV3873-VGJ-CZO-20504657,POP,YQB,QS2044,2026-09-27,2025-12-01,300,13,166,0.1548,FORECAST
FLIGHT,AQ0056-JAZ-SSL-12397283,PUJ,YKF,XP8077,2026-07-23,2025-03-10,500,172,172,0.1794,TARGET
FLIGHT,BP5504-WPZ-MYR-16995706,POP,YDF,IY6332,2026-07-27,2025-03-14,500,0,176,0.1405,ACTUAL
FLIGHT,RX5582-VVW-SQV-49330674,POP,POP,HA5069,2026-07-08,2025-10-31,250,77,106,0.8108,ACTUAL
FLIGHT,PI6040-NOF-BZB-78436142,POP,YYC,CK9844,2026-09-10,2026-09-03,7,161,192,0.2174,TARGET
FLIGHT,CZ8696-LNU-CGA-87612385,POP,YFC,MG3024,2026-09-25,2026-01-18,250,138,193,0.6774,TARGET
FLIGHT,ZM3045-WUG-BMT-35882493,POP,YYC,MG3024,2026-09-10,2026-09-03,7,173,198,0.3526,TARGET
FLIGHT,YT344-SOJ-HSI-64088223,PUJ,YLW,SN794,2026-09-26,2025-10-11,350,7,185,0.1371,ACTUAL
FLIGHT,IW5295-XYD-PDF-22764338,POP,YUL,OQ8459,2026-08-22,2025-12-15,250,49,189,0.2761,TARGET
FLIGHT,AI4509-FVU-QZM-05210262,PUJ,YEG,RV4716,2026-07-13,2026-05-14,60,74,177,0.6618,TARGET
FLIGHT,JI2990-MPI-VKN-86524062,PUJ,YQX,RV4716,2026-07-24,2026-01-05,200,5,174,0.2854,TARGET
FLIGHT,HG4704-PJP-MJR-45593965,POP,YYZ,VS8758,2026-09-18,2026-04-21,150,113,153,0.1985,ACTUAL
FLIGHT,AA8863-ZJX-WMO-39190088,POP,PUJ,BG3562,2026-07-17,2026-07-03,14,76,181,0.5111,FORECAST
FLIGHT,FR4976-WBH-TMU-70243652,PUJ,YQT,MZ3963,2026-08-16,2026-08-13,3,25,179,0.3067,ACTUAL
FLIGHT,QE426-LKS-JNT-89062327,POP,YEG,UV281,2026-08-08,2026-08-01,7,165,176,0.8586,TARGET
FLIGHT,UZ905-XCR-ZRD-29886182,PUJ,YOW,UV281,2026-07-19,2025-11-11,250,174,181,0.2670,FORECAST
FLIGHT,VI1728-EAP-NFG-81152232,POP,YQX,YV9266,2026-09-27,2026-09-13,14,62,155,0.2914,ACTUAL
FLIGHT,LY1935-BUA-CDK-46175808,POP,YYZ,UC2486,2026-07-13,2025-11-05,250,99,190,0.0000,FORECAST
FLIGHT,PZ7771-DYQ-JEK-27863090,PUJ,YVR,ID2600,2026-07-31,2026-06-01,60,107,184,0.0711,FORECAST
FLIGHT,ZX4057-ZWC-ZUY-44695674,POP,YEG,QP6400,2026-08-24,2025-05-31,450,64,169,0.3253,TARGET
FLIGHT,FY6983-VUI-JHX-69580504,POP,YXE,YW6964,2026-07-12,2026-06-21,21,17,186,0.0000,TARGET
FLIGHT,OX1886-YEN-HSL-61266783,PUJ,YBG,BH8107,2026-08-29,2026-05-01,120,12,190,0.3059,ACTUAL
FLIGHT,RS6987-AGM-RRY-30048379,PUJ,YQT,BH8107,2026-08-10,2026-06-11,60,17,183,0.8961,TARGET
FLIGHT,CQ5273-JCC-JXM-13315553,PUJ,YOW,TC0312,2026-07-10,2026-01-11,180,0,197,0.1798,TARGET
FLIGHT,NQ8568-XJV-NPN-78096458,POP,YQT,PL4289,2026-08-07,2025-05-14,450,81,81,0.4434,ACTUAL
FLIGHT,TQ1775-LCE-SVW-44149253,POP,YXS,PL4289,2026-07-23,2026-07-16,7,81,179,0.1593,TARGET
FLIGHT,MM2254-TEB-HNZ-93091401,PUJ,PUJ,KM3143,2026-08-11,2026-03-14,150,87,205,0.7606,TARGET
FLIGHT,WR5185-NTB-LUB-96568826,PUJ,YYT,KM3143,2026-08-13,2026-05-30,75,137,137,0.2597,TARGET
FLIGHT,MQ1843-SOM-WHB-90073794,PUJ,YQR,SR9632,2026-08-27,2025-07-23,400,168,202,0.8852,TARGET
FLIGHT,QL9342-QRG-UZS-03979978,POP,YKF,PK7861,2026-08-27,2026-08-24,3,95,184,0.0686,ACTUAL
FLIGHT,AM6686-UVY-BMU-73476714,POP,YLW,PK7861,2026-09-20,2026-06-22,90,91,206,0.9002,TARGET
FLIGHT,YA2957-GZQ-ADA-12457181,POP,YQB,PK7861,2026-08-18,2025-07-14,400,110,186,0.7469,TARGET
FLIGHT,TG1526-EDV-UBP-41443010,POP,YOW,PK7861,2026-07-11,2026-04-12,90,45,55,0.9183,FORECAST
FLIGHT,BH7337-WRY-IBM-13867485,PUJ,YYT,UE3587,2026-09-12,2026-07-14,60,128,184,0.1397,TARGET
FLIGHT,PY1252-YBC-TGB-64691267,POP,YLW,RH8865,2026-08-12,2025-10-16,300,129,172,0.0971,ACTUAL
FLIGHT,NR6708-RKK-AMS-43944101,PUJ,YLW,RH8865,2026-09-15,2026-07-17,60,105,189,0.9102,ACTUAL
FLIGHT,GV2043-UJV-PIG-34421065,POP,YQM,BS1196,2026-09-29,2026-03-13,200,10,187,0.7476,TARGET
FLIGHT,KY1851-ZXP-MSV-65959656,PUJ,YQR,UC2486,2026-07-18,2026-05-04,75,93,180,0.8690,TARGET
FLIGHT,QT8916-XRH-DPD-51114241,POP,YQR,IY9170,2026-09-04,2026-08-05,30,2,159,1.0130,TARGET
FLIGHT,AM1301-DVE-OGR-31817203,POP,YLW,IY9170,2026-07-08,2026-06-24,14,164,164,0.7723,TARGET
FLIGHT,PT170-YGP-SUU-30618920,PUJ,YQT,TT391,2026-07-01,2025-05-27,400,167,190,0.1058,FORECAST
FLIGHT,WB63O-BHL-KTL-91516761,PUJ,YYZ,EE44D,2026-09-21,2026-08-07,45,154,201,0.7286,FORECAST
FLIGHT,MI3032-TPO-WIJ-43329457,PUJ,YXU,ZU1297,2026-08-18,2026-04-20,120,116,116,0.3143,ACTUAL
FLIGHT,FI3265-OEA-YPT-80470789,PUJ,YYZ,ZU1297,2026-08-28,2026-03-01,180,168,205,0.2543,TARGET
FLIGHT,ZD8454-IDV-ZSR-38579282,POP,YUL,ZU1297,2026-08-24,2026-07-25,30,38,194,0.4817,TARGET
FLIGHT,EI3421-XGS-LZX-79656280,PUJ,YEG,ZU1297,2026-09-28,2026-09-25,3,60,157,0.4375,TARGET
FLIGHT,FK2577-MRS-SUW-77395166,POP,POP,ZU1297,2026-07-27,2026-06-27,30,0,191,0.3688,FORECAST
FLIGHT,IB0926-FRY-QML-80720080,PUJ,YXU,ZU1297,2026-07-26,2026-07-05,21,20,178,0.4083,TARGET
FLIGHT,IY2022-GAK-YSP-57336828,PUJ,YQX,ZU1297,2026-09-07,2026-08-31,7,47,175,0.4012,ACTUAL
FLIGHT,PM5755-LEK-QNR-56850664,PUJ,YXS,ZU1297,2026-09-02,2026-07-04,60,22,164,0.0673,ACTUAL
FLIGHT,LS8182-RIG-TSY-74869800,POP,YOW,ZU1297,2026-07-30,2025-10-03,300,0,187,0.6222,ACTUAL
FLIGHT,LG5153-IVW-PJG-92708120,POP,POP,ZU1297,2026-08-27,2026-06-13,75,18,187,0.4941,ACTUAL
FLIGHT,OQ2425-NLR-EYS-38540445,POP,POP,ZU1297,2026-09-21,2026-03-05,200,169,169,0.8035,TARGET
FLIGHT,ZW9511-DLP-ROE-39037155,POP,YOW,ZU1297,2026-07-15,2025-09-18,300,161,161,0.1603,TARGET
FLIGHT,OR7586-WIP-IAY-19255317,POP,YQX,ZU1297,2026-09-16,2026-09-02,14,50,173,0.2192,TARGET
FLIGHT,SW5829-LML-MFC-92959099,POP,YOW,ZU1297,2026-08-03,2026-03-06,150,129,199,0.2044,FORECAST
FLIGHT,LR9225-CUP-IPK-29497756,POP,POP,PU9526,2026-09-23,2026-09-02,21,132,185,0.9720,ACTUAL
FLIGHT,FE0532-XFB-RSH-95608980,POP,YXU,BT9587,2026-07-21,2026-07-21,0,151,185,0.2334,FORECAST
FLIGHT,MN7019-CQO-DOD-04599920,POP,YFC,ZS2708,2026-07-06,2026-05-22,45,19,165,0.7929,TARGET
FLIGHT,JG7108-IFK-OXL-42373534,PUJ,YDF,FI4111,2026-07-26,2025-08-10,350,150,185,0.3261,TARGET
FLIGHT,EZ0473-AQO-RRO-52632284,POP,YQR,RY9082,2026-07-24,2025-11-16,250,70,146,0.1126,ACTUAL
FLIGHT,HL1802-ZNJ-FDU-49288416,PUJ,YUL,RY9082,2026-07-23,2026-04-24,90,104,156,0.2171,TARGET
FLIGHT,FZ1542-WZN-ENO-18892670,PUJ,YOW,RY9082,2026-08-30,2025-09-14,350,30,187,0.3336,FORECAST
FLIGHT,MR1071-HPP-VSX-73095146,POP,YHZ,QM3455,2026-09-17,2026-09-17,0,85,156,0.8346,ACTUAL
FLIGHT,LT5240-KBB-IKZ-10666058,POP,YHM,QM3455,2026-08-26,2026-07-12,45,63,181,0.5959,FORECAST
FLIGHT,ZL1840-JUP-PHL-03188497,PUJ,YEG,FK6982,2026-09-13,2026-06-30,75,118,179,0.0573,TARGET
FLIGHT,UR1366-JTE-SAP-03839427,POP,YXE,TA8733,2026-08-20,2026-04-22,120,96,199,0.6215,TARGET
FLIGHT,TE9478-VVP-ILZ-45603186,PUJ,YLW,TA8733,2026-07-07,2026-05-08,60,34,173,0.3039,FORECAST
FLIGHT,YL2292-TOP-ZBF-59845855,PUJ,YBG,TA8733,2026-08-30,2026-08-30,0,16,160,0.1658,FORECAST
FLIGHT,TA4389-YGK-HDO-32461552,PUJ,EWR,TA8733,2026-08-18,2026-08-18,0,124,194,0.8723,ACTUAL
FLIGHT,QL8549-CWJ-WML-16792127,POP,YUL,TS7699,2026-08-31,2026-07-02,60,73,178,0.0763,FORECAST
FLIGHT,BW822-ZJI-VZW-91306108,POP,YLW,XN910,2026-09-07,2025-04-25,500,92,144,0.2781,TARGET
FLIGHT,YC5891-QUN-EHT-37840871,POP,YLW,MG1424,2026-08-07,2025-10-11,300,148,191,0.3379,ACTUAL
FLIGHT,BY7725-RJB-ZBT-06250946,POP,YYZ,HR2244,2026-07-03,2026-06-03,30,133,185,0.7918,FORECAST
FLIGHT,WZ7571-XYQ-NTZ-72500697,POP,YYZ,HR2244,2026-08-07,2026-01-19,200,28,209,0.1159,ACTUAL
FLIGHT,HN5879-ISW-EVG-15110817,POP,YQM,HR2244,2026-07-26,2026-07-05,21,69,184,0.5386,FORECAST
FLIGHT,GJ417-HAT-ZQZ-18192424,POP,YWG,XK787,2026-09-29,2026-07-31,60,20,196,0.8003,ACTUAL
FLIGHT,RL7001-ASF-BZP-37866557,PUJ,YQB,MR5145,2026-07-23,2025-06-18,400,77,189,0.8583,TARGET
FLIGHT,NI2151-CXE-WZM-10912827,POP,YVR,MR5145,2026-09-29,2025-07-06,450,12,194,0.5809,FORECAST
FLIGHT,EI4709-SYN-PIL-07162392,PUJ,YLW,MR5145,2026-07-21,2026-06-06,45,92,175,0.1252,TARGET
FLIGHT,MY6453-HQG-OHG-10747603,PUJ,YXU,MR5145,2026-08-15,2025-05-22,450,136,153,0.7948,FORECAST
FLIGHT,KB7975-YEF-COQ-06677481,POP,YQR,MR5145,2026-09-11,2025-09-26,350,153,196,0.7981,TARGET
FLIGHT,VZ2136-ABR-ZIX-38006399,PUJ,YWG,MR5145,2026-07-07,2025-02-22,500,54,189,0.1110,TARGET
FLIGHT,AT1260-EUQ-OUB-07110648,POP,YQX,MR5145,2026-07-06,2026-07-06,0,104,199,0.9102,ACTUAL
FLIGHT,GC5005-WRG-LVG-48584255,PUJ,YVR,MR5145,2026-08-25,2025-09-09,350,85,172,1.0074,FORECAST
FLIGHT,SA5291-RJJ-BSA-02558782,POP,YQR,MR5145,2026-08-31,2026-08-10,21,29,177,0.1233,TARGET
FLIGHT,GR2118-NFA-YKZ-02551309,POP,YQX,MR5145,2026-08-29,2026-08-29,0,0,188,0.8432,FORECAST
FLIGHT,CM9139-IMR-ZTH-32766163,POP,PUJ,MR5145,2026-08-26,2026-03-29,150,14,162,0.7873,TARGET
FLIGHT,KL7047-QOV-CEH-72873576,POP,PUJ,MR5145,2026-09-24,2026-03-28,180,43,82,1.0236,TARGET
FLIGHT,MW7465-KAL-OKV-19434254,PUJ,YXU,MW9338,2026-08-02,2025-03-20,500,88,153,0.0404,FORECAST
FLIGHT,QP9473-CCA-SQE-04816113,POP,YQT,MW9338,2026-08-08,2025-08-23,350,137,191,0.1915,TARGET
FLIGHT,TU9959-BLH-BII-31974063,PUJ,YQB,MW9338,2026-07-04,2026-04-05,90,8,163,0.0992,FORECAST
FLIGHT,US4994-ZUB-ZYD-89892662,POP,YQM,MW9338,2026-08-25,2026-08-18,7,159,183,0.8824,FORECAST
FLIGHT,HL3941-VUD-QYP-27429331,PUJ,YVR,TI7269,2026-08-01,2025-05-08,450,22,181,0.3765,FORECAST
FLIGHT,YC4101-ART-XRO-26905947,POP,YQB,EW7257,2026-07-28,2025-03-15,500,128,187,0.9818,ACTUAL
FLIGHT,JT609-DGG-APO-26292875,POP,YXU,CZ101,2026-09-26,2025-08-22,400,5,191,0.8410,TARGET
FLIGHT,WX7108-MMS-YIO-93802839,PUJ,YEG,BX8549,2026-09-01,2025-11-05,300,55,179,0.1082,TARGET
FLIGHT,IY494-LTU-QMP-39211219,PUJ,YYZ,BK044,2026-07-30,2026-06-15,45,109,173,0.0981,ACTUAL
FLIGHT,ZO025-GRZ-WHV-69779109,PUJ,YQM,WH968,2026-09-06,2025-06-13,450,48,167,0.9025,FORECAST
FLIGHT,AC848-ILN-JUQ-03567611,POP,YKF,RN010,2026-07-30,2025-10-03,300,73,199,0.0494,TARGET
FLIGHT,PQ552-SNI-QVT-39886113,PUJ,YDF,RN010,2026-09-09,2026-08-26,14,54,194,0.0956,TARGET
FLIGHT,ZI5322-ZCP-VQI-15166175,POP,YQB,DK2293,2026-07-12,2026-06-28,14,162,184,0.7628,TARGET
FLIGHT,RB8662-RCG-OFD-43308003,PUJ,YYT,IY6332,2026-09-04,2026-08-28,7,0,185,0.8925,ACTUAL
FLIGHT,RR421-XVN-GBV-90015944,PUJ,YFC,KF262,2026-09-20,2025-08-16,400,56,176,0.1517,FORECAST
FLIGHT,AP2024-LVV-WLV-91024510,PUJ,YDF,HA5069,2026-09-25,2026-09-22,3,59,202,0.9923,FORECAST
FLIGHT,JU0394-MIA-QHB-37360601,PUJ,YQB,HA5069,2026-08-29,2025-09-13,350,65,185,0.0456,TARGET
FLIGHT,PZ568-DIF-SRZ-31522910,POP,EWR,DZ829,2026-08-02,2026-07-03,30,104,211,0.9728,FORECAST
FLIGHT,SK1434-MRE-HSZ-48400273,PUJ,YEG,MG3024,2026-07-22,2026-06-22,30,0,209,0.7748,FORECAST
FLIGHT,YV7683-XDM-BRF-71721733,POP,YKF,MG3024,2026-08-09,2026-05-26,75,25,168,0.8204,FORECAST
FLIGHT,FB0480-NPK-PVC-23691496,POP,YXE,MG3024,2026-09-23,2026-09-02,21,162,188,0.0000,ACTUAL
FLIGHT,VU0409-LHW-DIZ-19615607,POP,YQX,MG3024,2026-09-03,2025-04-21,500,48,167,0.8083,ACTUAL
FLIGHT,YJ7241-TDN-KUB-34409661,PUJ,YWG,MG3024,2026-09-26,2026-03-10,200,9,172,0.1613,ACTUAL
FLIGHT,JI2990-MPI-VKN-86524062,PUJ,YQX,RV4716,2026-09-01,2026-06-03,90,168,196,0.3797,ACTUAL
FLIGHT,HX6090-WQK-RZD-81045024,POP,YXE,VS8758,2026-07-10,2025-11-02,250,37,154,0.2992,TARGET
FLIGHT,PE649-NGF-FLC-74224043,POP,YXU,KK064,2026-08-10,2026-03-13,150,0,164,0.3131,FORECAST
FLIGHT,NJ2357-AAJ-CFT-18285181,PUJ,YXU,BG3562,2026-09-05,2026-05-08,120,94,213,0.0133,ACTUAL
FLIGHT,KD8870-CPT-TSG-24202483,POP,YQM,MZ3963,2026-09-21,2026-07-23,60,86,86,0.3213,TARGET
FLIGHT,MM2295-EDP-TPB-56603616,POP,POP,MZ3963,2026-08-26,2025-07-22,400,127,186,0.9680,FORECAST
FLIGHT,ZQ2405-CNM-LIK-12244418,PUJ,YXS,IZ9259,2026-08-31,2025-11-04,300,152,196,0.8642,TARGET
FLIGHT,ZA706-MWY-TBD-07923729,PUJ,YKF,UV281,2026-09-01,2025-04-19,500,161,188,0.4500,TARGET
FLIGHT,WF6655-SCI-PYM-25380966,PUJ,YQT,YV9266,2026-08-16,2026-04-18,120,23,168,0.5689,FORECAST
FLIGHT,MJ0838-LXR-AKA-14171657,PUJ,YHM,QP6400,2026-08-25,2026-08-04,21,23,361,0.1369,FORECAST
FLIGHT,LM590-PAL-KJX-94343687,PUJ,YLW,BD179,2026-07-23,2025-11-15,250,74,74,0.7876,ACTUAL
FLIGHT,ZD2392-PQR-JYI-79098636,PUJ,YLW,KM3143,2026-07-21,2025-03-08,500,170,197,0.8671,FORECAST
FLIGHT,US9870-THH-TDW-36941264,POP,YYC,NT0164,2026-07-03,2026-07-03,0,155,164,0.7828,ACTUAL
FLIGHT,HB8292-UIU-REQ-73210788,POP,YQX,SR9632,2026-08-01,2025-06-27,400,80,190,0.5629,FORECAST
FLIGHT,SY3136-GWM-KSP-27676877,PUJ,YXU,PK7861,2026-07-25,2026-07-25,0,164,194,0.9282,ACTUAL
FLIGHT,DC1391-KJQ-AJJ-23647921,PUJ,YYZ,PK7861,2026-07-21,2026-05-22,60,56,187,0.2694,ACTUAL
FLIGHT,SU4715-LUZ-XHI-74502405,POP,POP,PK7861,2026-08-20,2026-07-06,45,13,180,0.0000,ACTUAL
FLIGHT,EG1820-YWM-QEZ-04810930,PUJ,PUJ,PK7861,2026-09-14,2026-07-31,45,8,199,0.3230,TARGET
FLIGHT,HQ1518-FPE-VGY-82642951,POP,YVR,PK7861,2026-09-22,2026-08-08,45,64,185,0.6063,FORECAST
FLIGHT,YY6766-HXI-ZEX-08348124,POP,YKF,UE3587,2026-08-29,2026-06-15,75,134,177,0.9147,ACTUAL
FLIGHT,BT3346-YLX-HHN-33057543,POP,POP,UE3587,2026-09-10,2026-05-13,120,0,182,0.8959,TARGET
FLIGHT,LY0557-WVP-XPY-91743124,PUJ,YBG,RH8865,2026-09-17,2025-06-24,450,87,181,0.7885,FORECAST
FLIGHT,FA8712-YDQ-SYI-52395960,POP,YVR,UC2486,2026-08-15,2026-05-17,90,65,177,0.8457,ACTUAL
FLIGHT,WG0341-HUM-KUG-29856849,PUJ,YQB,UC2486,2026-07-26,2026-07-23,3,115,165,0.4757,ACTUAL
FLIGHT,BK8355-WAC-PFO-27973282,POP,YKF,UC2486,2026-08-21,2026-02-02,200,110,171,0.7318,ACTUAL
FLIGHT,HJ0620-DNN-GHI-01421563,PUJ,EWR,UC2486,2026-09-16,2025-06-23,450,6,193,0.9104,ACTUAL
FLIGHT,PU4218-RWJ-FUY-46381512,PUJ,POP,UC2486,2026-07-14,2025-03-01,500,132,212,0.3450,FORECAST
FLIGHT,JN7901-VPZ-KYF-27929496,PUJ,YVR,ID2600,2026-07-08,2026-01-09,180,77,177,0.6712,ACTUAL
FLIGHT,SO7764-SCH-MXC-65765282,PUJ,YUL,ID2600,2026-08-01,2026-06-17,45,81,171,0.3289,ACTUAL
FLIGHT,KD3311-PQN-BKO-76771928,PUJ,YKF,QN3070,2026-09-24,2026-09-24,0,17,172,0.5840,TARGET
FLIGHT,JN167-SJN-XOU-78189863,PUJ,PUJ,RT780,2026-09-14,2026-07-16,60,138,205,0.8828,ACTUAL
FLIGHT,QI2519-LZN-YCP-65589223,POP,YQR,HH2316,2026-08-02,2026-07-26,7,52,185,0.3374,ACTUAL
FLIGHT,XP4645-KBO-VEQ-31018508,PUJ,YQT,HH2316,2026-09-12,2025-08-08,400,116,179,0.8580,TARGET
FLIGHT,ID82P-YPD-ZDJ-88160580,PUJ,YDF,EE44D,2026-08-02,2025-11-25,250,43,190,0.2299,ACTUAL
FLIGHT,RJ84H-WYZ-ZSH-00460356,POP,YQT,EE44D,2026-08-14,2026-06-30,45,166,182,0.9245,TARGET
FLIGHT,WF6251-BJS-IMD-73051513,POP,YBG,ZU1297,2026-07-28,2025-08-12,350,16,175,1.0349,ACTUAL
FLIGHT,OJ1706-AFF-LFK-53134176,POP,YWG,ZU1297,2026-07-20,2026-05-21,60,4,162,0.7899,FORECAST
FLIGHT,PZ3541-IKL-ZNJ-73116885,PUJ,YLW,ZU1297,2026-08-23,2026-05-25,90,0,191,0.1893,ACTUAL
FLIGHT,KG3430-ITR-FAZ-70002675,PUJ,YQR,ZU1297,2026-09-07,2026-09-04,3,0,173,0.8077,FORECAST
FLIGHT,UN8084-NTX-AAD-58123624,PUJ,YKF,ZU1297,2026-07-08,2025-02-23,500,142,172,0.3459,FORECAST
FLIGHT,SL3614-ARG-AUO-09063360,PUJ,YYT,ZU1297,2026-09-04,2026-09-01,3,139,185,0.6074,TARGET
FLIGHT,NA7983-HVJ-BQG-37836159,PUJ,YEG,ZU1297,2026-08-23,2026-07-09,45,19,152,0.8724,TARGET
FLIGHT,LQ6922-KWU-WIH-76366287,POP,YHZ,ZU1297,2026-08-20,2026-04-22,120,69,200,0.8786,ACTUAL
FLIGHT,GZ0824-CGB-DNZ-06449035,PUJ,YQB,ZU1297,2026-08-16,2026-03-19,150,19,200,0.5531,TARGET
FLIGHT,DC4963-GNA-SRT-10504596,PUJ,YQB,OO5405,2026-08-01,2026-05-18,75,126,168,0.2393,ACTUAL
FLIGHT,IC7071-EPQ-PYT-63387908,PUJ,YOW,OO5405,2026-08-18,2026-08-18,0,161,207,0.3861,FORECAST
FLIGHT,HO2990-WGK-ECW-96091027,POP,YQX,PU9526,2026-08-25,2026-06-26,60,63,185,0.3527,ACTUAL
FLIGHT,RQ3635-RBV-LYG-31513135,POP,YBG,PU9526,2026-07-28,2026-07-25,3,0,185,0.6738,FORECAST
FLIGHT,DJ4537-DKU-BIK-19678778,POP,YQB,PU9526,2026-07-03,2025-02-18,500,0,191,0.1124,FORECAST
FLIGHT,GC1621-BWV-WML-14947396,POP,YHM,PU9526,2026-09-23,2026-06-25,90,20,180,0.8315,ACTUAL
FLIGHT,BR8958-MTO-TGK-84342314,POP,YHM,PU9526,2026-08-18,2025-09-02,350,0,173,0.0000,FORECAST
FLIGHT,OM7823-MAU-RWJ-22966514,PUJ,YQT,PU9526,2026-07-17,2025-12-29,200,34,152,0.2774,ACTUAL
FLIGHT,TU8467-NCO-ATS-51103562,POP,YKF,MG5852,2026-09-28,2026-09-07,21,99,188,0.7344,ACTUAL
FLIGHT,HV9098-CVC-EEB-21512851,PUJ,YQB,MG5852,2026-09-15,2026-02-27,200,94,193,0.8510,TARGET
FLIGHT,BK2361-IYD-NZH-70727420,POP,YXS,CQ2943,2026-09-04,2026-08-14,21,1,165,0.0713,ACTUAL
FLIGHT,CP1687-JPR-FKN-34325101,POP,YQR,CQ2943,2026-08-06,2025-08-21,350,90,187,0.8980,FORECAST
FLIGHT,GB381-MSC-SYI-86707698,POP,YQX,MJ076,2026-07-10,2026-06-26,14,189,189,0.2516,ACTUAL
FLIGHT,FO7469-AGH-QIP-13705877,POP,YDF,FI4111,2026-09-18,2025-10-03,350,104,182,0.0442,ACTUAL
FLIGHT,WD3445-XKH-WFT-67737594,PUJ,YUL,FI4111,2026-08-02,2026-07-30,3,64,190,0.8171,ACTUAL
FLIGHT,FE0805-GRW-JYP-92795132,POP,YYZ,RY9082,2026-08-27,2026-05-29,90,155,194,0.8600,TARGET
FLIGHT,RH5002-ERP-XIA-89757842,POP,YHM,RY9082,2026-08-27,2026-02-28,180,25,180,0.8634,ACTUAL
FLIGHT,SR4070-XKJ-OEB-92646529,POP,YDF,RY9082,2026-09-18,2025-11-22,300,62,184,0.1186,ACTUAL
FLIGHT,RA3912-UZO-ZPT-05387518,PUJ,YXU,YH9730,2026-09-19,2026-08-20,30,39,203,0.4427,TARGET
FLIGHT,AD9969-ZSJ-MLZ-21745658,POP,YLW,SP0415,2026-08-29,2026-03-02,180,12,180,0.2252,TARGET
FLIGHT,VP2919-HAI-EYB-18590527,PUJ,YQR,SP0415,2026-09-10,2026-08-27,14,4,194,0.7094,FORECAST
FLIGHT,VS5787-JJD-DEX-84842172,PUJ,YKF,AA5674,2026-09-01,2026-07-18,45,94,200,0.8282,ACTUAL
FLIGHT,GF727-ZEZ-BNM-75490597,POP,YBG,PS289,2026-07-06,2026-05-07,60,55,198,0.0512,TARGET
FLIGHT,UG0545-AZZ-REP-59868581,PUJ,YYC,TA8733,2026-07-22,2026-05-23,60,178,178,0.6534,FORECAST
FLIGHT,UR1366-JTE-SAP-03839427,POP,YXS,TA8733,2026-07-22,2026-05-23,60,130,198,0.1767,FORECAST
FLIGHT,IT7567-LNI-MVN-76674913,PUJ,YVR,TA8733,2026-09-09,2025-04-27,500,143,191,0.3424,ACTUAL
FLIGHT,FP7236-LWO-NCI-76657164,POP,YQT,OW6432,2026-09-15,2026-07-02,75,63,92,0.0201,TARGET
FLIGHT,GQ0962-UXO-QYM-11891928,POP,YQR,MG1424,2026-08-21,2026-07-31,21,48,174,0.4714,FORECAST
FLIGHT,GY2882-UYH-TFW-75413870,PUJ,YEG,MG1424,2026-07-05,2026-06-05,30,41,176,0.1815,ACTUAL
FLIGHT,JQ1444-HYS-IIN-92662639,PUJ,YVR,HR2244,2026-09-08,2026-04-11,150,187,193,0.2566,ACTUAL
FLIGHT,WM6050-NQS-AZF-55288973,POP,YQX,HR2244,2026-08-25,2026-04-27,120,169,205,0.8324,TARGET
FLIGHT,GV201-HXY-AMK-33239691,POP,YVR,XK787,2026-09-06,2026-06-23,75,131,162,0.7020,FORECAST
FLIGHT,VU20S-OVO-VMN-31009453,POP,YYZ,EE44D,2026-09-04,2025-12-28,250,88,177,0.0105,TARGET
FLIGHT,TE6204-QEI-ADZ-52173810,POP,YQR,MR5145,2026-09-23,2026-01-16,250,50,201,0.6397,FORECAST
FLIGHT,TL1786-HDR-USF-78698568,POP,YYZ,MR5145,2026-08-12,2026-03-15,150,27,184,0.8028,TARGET
FLIGHT,HU7060-TZY-VGC-41733612,POP,YBG,MR5145,2026-09-04,2026-08-28,7,155,190,0.8526,FORECAST
FLIGHT,OW7296-EES-FHX-46718446,POP,YVR,MR5145,2026-08-05,2026-01-17,200,167,185,0.0150,TARGET
FLIGHT,NG5924-XIJ-YLA-76547889,POP,YKF,MR5145,2026-08-13,2026-06-14,60,50,189,0.3322,TARGET
FLIGHT,EF1203-YPX-GZN-00145232,POP,YFC,MR5145,2026-07-04,2026-06-27,7,50,185,0.8593,TARGET
FLIGHT,JD5176-YHQ-NCR-90854030,PUJ,YWG,MR5145,2026-09-14,2025-06-21,450,75,151,0.2017,TARGET
FLIGHT,UK7799-GVF-IMW-96492896,POP,YUL,MR5145,2026-07-03,2026-01-04,180,42,195,0.3694,TARGET
FLIGHT,RM6022-SMH-CNL-01240403,POP,YBG,MR5145,2026-08-06,2026-04-08,120,39,156,0.0992,TARGET
FLIGHT,KL7047-QOV-CEH-72873576,POP,YLW,MR5145,2026-09-08,2026-01-01,250,79,177,0.4225,FORECAST
FLIGHT,HI7862-NIN-ZCX-61501860,POP,YYT,MR5145,2026-07-16,2026-04-17,90,82,188,0.1336,TARGET
FLIGHT,WZ5515-DAY-VSH-46673088,POP,YBG,MW9338,2026-07-24,2026-01-05,200,0,177,0.4795,ACTUAL
FLIGHT,QT3725-SLN-DMX-89837501,POP,YHZ,MW9338,2026-07-30,2025-05-06,450,130,171,0.7246,TARGET
FLIGHT,YZ9367-IBQ-UNL-60022957,PUJ,YHM,KM3143,2026-07-11,2026-05-12,60,155,175,0.4617,FORECAST
FLIGHT,FA7308-CMG-JQD-10502725,PUJ,YHZ,OO0143,2026-07-25,2026-05-11,75,113,190,0.8427,ACTUAL
FLIGHT,FM1104-JXP-XVN-14943405,POP,YKF,OO0143,2026-07-11,2025-04-17,450,134,180,0.4970,FORECAST
FLIGHT,NO6787-TVA-KXJ-11669115,PUJ,YFC,OO0143,2026-09-16,2026-08-02,45,17,196,0.3035,FORECAST
FLIGHT,MM3266-HVW-XCQ-82978768,POP,YDF,TI7269,2026-09-21,2026-08-07,45,27,190,0.1311,FORECAST
FLIGHT,YS780-KKY-BDJ-43011167,POP,YXS,VF588,2026-08-21,2026-02-02,200,85,181,0.1283,ACTUAL
FLIGHT,ZV7274-BMJ-PZB-88704491,POP,EWR,EW7257,2026-09-09,2026-07-11,60,168,168,0.0984,FORECAST
FLIGHT,TB9472-DKW-LMH-25258885,POP,YHM,BX8549,2026-09-20,2025-11-24,300,61,177,0.7776,ACTUAL
FLIGHT,YC035-GLR-HTT-52580009,POP,YYT,RN010,2026-08-17,2026-08-14,3,187,187,0.6031,ACTUAL
FLIGHT,KN6094-IMT-PRS-55004796,POP,YXU,DK2293,2026-08-18,2025-09-02,350,40,190,0.3506,ACTUAL
FLIGHT,WV957-MPM-AFY-44011432,POP,YEG,LL083,2026-09-28,2026-03-12,200,59,180,0.7897,ACTUAL
FLIGHT,PJ1451-QPG-MLD-58543459,POP,YLW,QS2044,2026-08-28,2026-05-30,90,10,168,0.7303,TARGET
FLIGHT,EI1452-SSS-VUS-14300406,PUJ,YLW,QS2044,2026-08-31,2026-07-02,60,97,161,0.7344,FORECAST
FLIGHT,UB662-JQC-HFU-35707139,PUJ,YFC,CN977,2026-07-19,2025-08-03,350,116,196,0.7036,FORECAST
FLIGHT,KX6592-AZF-INC-75202389,PUJ,YHZ,HA5069,2026-08-09,2026-04-11,120,112,191,0.1007,FORECAST
FLIGHT,GS130-IJY-RYR-18984841,POP,YEG,DZ829,2026-09-15,2026-02-27,200,4,189,0.7199,TARGET
FLIGHT,QI9516-XHZ-EZD-11978718,POP,YLW,MG3024,2026-08-01,2025-10-05,300,137,194,0.4199,ACTUAL
FLIGHT,GL6178-COA-GFV-11920613,PUJ,YWG,MG3024,2026-09-10,2026-06-27,75,99,182,0.2032,TARGET
FLIGHT,SD5624-CVV-KFR-57256292,POP,YLW,MG3024,2026-08-24,2026-02-05,200,136,184,0.1757,FORECAST
FLIGHT,AX1193-ZSC-AHR-29742551,PUJ,YYT,VS8758,2026-09-08,2026-07-10,60,17,172,0.6907,ACTUAL
FLIGHT,JQ9742-EHK-IZG-40466821,POP,YYZ,OE7573,2026-09-01,2025-06-08,450,98,202,0.7109,FORECAST
FLIGHT,XP6887-WPO-TFL-60413482,POP,YKF,MZ3963,2026-07-08,2026-06-08,30,0,191,0.6734,ACTUAL
FLIGHT,ZV2205-HTP-VAP-74544708,PUJ,PUJ,MZ3963,2026-07-30,2026-05-31,60,76,180,1.0325,TARGET
FLIGHT,LH8116-ZQU-GWO-10307372,POP,POP,YV9266,2026-07-05,2025-04-11,450,119,161,0.3423,TARGET
FLIGHT,GQ2011-YIV-AMZ-52664267,POP,YXU,UC2486,2026-09-14,2026-08-15,30,56,211,0.1046,ACTUAL
FLIGHT,GB9016-QKM-JOD-77840190,POP,EWR,UC2486,2026-08-02,2026-07-26,7,9,176,0.7007,ACTUAL
FLIGHT,WH1105-VRG-VYX-30967397,PUJ,YYT,QP6400,2026-07-28,2026-01-29,180,5,187,0.1316,TARGET
FLIGHT,QW8093-OUM-CMK-22898907,PUJ,YLW,QP6400,2026-09-17,2026-06-19,90,158,183,0.3178,TARGET
FLIGHT,FY6983-VUI-JHX-69580504,PUJ,YLW,YW6964,2026-09-10,2026-05-13,120,45,193,0.6856,TARGET
FLIGHT,KR5150-VEW-WUA-45028143,POP,YXE,YW6964,2026-09-04,2026-07-06,60,88,188,0.5188,FORECAST
FLIGHT,LQ5835-WNH-VTS-81274392,POP,YBG,BH8107,2026-08-16,2026-08-02,14,143,174,0.9963,TARGET
FLIGHT,RE852-HHW-ESO-04937958,PUJ,YXU,KK483,2026-07-06,2025-09-09,300,160,160,0.9293,TARGET
FLIGHT,KW7557-DMN-ZHF-82463061,PUJ,YXU,KM3143,2026-08-10,2025-10-14,300,83,160,0.2940,FORECAST
FLIGHT,WR5185-NTB-LUB-96568826,PUJ,YWG,KM3143,2026-07-30,2026-07-23,7,24,349,0.4481,TARGET
FLIGHT,BN7015-VDF-BBG-93449076,PUJ,YQR,SR9632,2026-08-25,2026-08-25,0,166,182,0.7789,FORECAST
FLIGHT,PZ8192-CYZ-JPV-49847460,POP,YHM,SR9632,2026-09-19,2025-05-07,500,62,179,0.5157,ACTUAL
FLIGHT,PK804-LZE-TFN-76988979,POP,YXU,NR001,2026-07-08,2026-04-09,90,56,174,0.6725,TARGET
FLIGHT,LH8828-PFA-IOM-76660828,PUJ,YQB,PK7861,2026-08-21,2025-12-14,250,19,186,0.7890,FORECAST
FLIGHT,PJ9033-DFF-FHT-54807047,POP,YXS,PK7861,2026-09-17,2026-09-17,0,11,179,0.1445,ACTUAL
FLIGHT,ZS9741-KTE-ZBW-94101027,PUJ,YYT,PK7861,2026-08-18,2026-03-21,150,7,195,0.7146,ACTUAL
FLIGHT,UP7459-FLJ-WDE-38724937,PUJ,YQR,PK7861,2026-07-03,2025-04-09,450,15,173,0.4431,TARGET
FLIGHT,XJ0654-LEX-KSG-57076509,PUJ,YHZ,UE3587,2026-09-24,2026-01-17,250,170,190,0.1673,FORECAST
FLIGHT,SQ5857-ITC-YCB-66726418,PUJ,PUJ,UC2486,2026-09-06,2026-02-18,200,66,182,0.3304,TARGET
FLIGHT,CZ8756-ZSF-NWS-20327357,POP,YQM,UC2486,2026-08-29,2025-11-02,300,138,166,0.7390,TARGET
FLIGHT,SA1832-ALD-CYF-13406368,PUJ,YQX,UC2486,2026-09-03,2026-06-05,90,27,197,0.4070,FORECAST
FLIGHT,LF0235-QTG-OOY-12582848,PUJ,YQX,ID2600,2026-07-16,2026-06-16,30,27,182,0.9624,ACTUAL
FLIGHT,ZR9185-FZX-TQH-88201514,POP,EWR,ID2600,2026-08-20,2026-03-23,150,29,188,0.2050,ACTUAL
FLIGHT,CY2328-YWA-YMF-53941854,POP,YYT,QN3070,2026-07-05,2025-02-20,500,42,176,0.4354,FORECAST
FLIGHT,DO6350-NZY-JFW-72990438,PUJ,YOW,QP6400,2026-09-04,2026-07-06,60,30,182,0.2207,TARGET
FLIGHT,ZI988-ZIS-WXK-91260920,PUJ,YHZ,RT780,2026-08-29,2025-06-05,450,128,191,0.5162,ACTUAL
FLIGHT,XU5373-TNL-FPU-29598677,PUJ,YLW,HH2316,2026-08-20,2026-08-17,3,42,173,0.8322,FORECAST
FLIGHT,KX9193-IJF-JNE-71239330,POP,YBG,XP0727,2026-09-07,2025-12-31,250,32,193,0.3159,FORECAST
FLIGHT,EV530-YSL-LWX-87799364,PUJ,YQB,TT391,2026-07-22,2025-11-14,250,27,184,0.2130,FORECAST
FLIGHT,TC2867-FQP-PIP-86910407,POP,YVR,YW6964,2026-09-06,2025-12-30,250,87,178,0.7725,FORECAST
FLIGHT,WA6664-BKU-TSP-43087803,PUJ,YFC,ZU1297,2026-07-21,2026-07-18,3,118,178,0.1570,TARGET
FLIGHT,AS9286-DAE-QLU-51438255,PUJ,YYC,ZU1297,2026-07-20,2026-07-13,7,154,204,0.0890,ACTUAL
FLIGHT,FX6327-GFI-HPY-03919056,PUJ,YEG,ZU1297,2026-07-24,2026-01-05,200,56,180,0.5459,ACTUAL
FLIGHT,PR0194-MPB-CIW-12804471,POP,YLW,ZU1297,2026-09-29,2025-08-25,400,27,171,0.3764,FORECAST
FLIGHT,ZX6193-OTB-FFU-93094431,PUJ,PUJ,ZU1297,2026-08-25,2026-02-06,200,113,187,0.3713,FORECAST
FLIGHT,RW3590-XXT-JTB-44474270,PUJ,YYT,ZU1297,2026-08-30,2025-04-17,500,7,159,0.2260,FORECAST
FLIGHT,CV9055-RPL-GAW-29614990,POP,YYT,ZU1297,2026-07-18,2026-01-19,180,92,176,0.1649,TARGET
FLIGHT,NS7136-YHK-SCY-14202861,POP,YUL,ZU1297,2026-08-15,2026-02-16,180,128,175,0.3998,TARGET
FLIGHT,FS3675-MFO-LYI-54034989,POP,YYC,ZU1297,2026-07-02,2026-07-02,0,61,167,0.0213,ACTUAL
FLIGHT,QL4123-VIQ-DAX-94525539,POP,YQM,ZU1297,2026-07-13,2026-01-14,180,4,192,0.2245,TARGET
FLIGHT,JD3545-KVO-TOU-07907704,POP,YQX,ZU1297,2026-09-30,2026-08-31,30,158,183,0.2427,ACTUAL
FLIGHT,IM5506-GNS-WVQ-51676559,POP,POP,ZU1297,2026-09-28,2026-06-30,90,2,193,0.8315,TARGET
FLIGHT,VX4379-ZBW-QNR-08835855,POP,YXS,OO5405,2026-07-27,2026-07-20,7,0,187,0.6036,FORECAST
FLIGHT,ZI3316-CYE-AUT-92868784,POP,YKF,OO5405,2026-09-02,2026-08-30,3,133,194,0.2342,FORECAST
FLIGHT,UW7957-WSP-CDJ-91794619,POP,EWR,OO5405,2026-09-14,2026-09-14,0,150,175,0.0576,FORECAST
FLIGHT,BR3191-EUN-BIW-85896549,PUJ,POP,PU9526,2026-08-01,2026-05-03,90,145,176,0.0630,ACTUAL
FLIGHT,EU6059-BIO-HLG-52265493,PUJ,EWR,PU9526,2026-07-04,2026-03-06,120,134,189,0.3962,TARGET
FLIGHT,UM0098-TWO-FOI-05143164,POP,YKF,PU9526,2026-09-01,2025-12-25,250,112,186,0.9196,FORECAST
FLIGHT,QY7847-LTA-IIO-41764344,POP,YVR,ZS2708,2026-09-21,2026-09-18,3,99,194,0.8601,FORECAST
FLIGHT,JE7677-IDN-KHY-74667856,POP,POP,CQ2943,2026-08-15,2026-07-25,21,61,182,0.8852,ACTUAL
FLIGHT,XM1624-ETY-ZGG-80107017,POP,YOW,EQ9753,2026-09-02,2026-08-30,3,84,176,0.7198,FORECAST
FLIGHT,WX590-CFT-ESV-92920133,PUJ,YFC,HR631,2026-07-22,2026-04-23,90,129,171,0.8419,TARGET
FLIGHT,AQ1854-XRX-AKX-14388273,PUJ,YQT,RY9082,2026-09-02,2026-06-19,75,138,174,0.4016,FORECAST
FLIGHT,JS0711-HVN-INR-90688785,POP,YUL,YH9730,2026-08-06,2025-03-24,500,166,166,0.4401,ACTUAL
FLIGHT,CI3269-JUJ-DZA-42320086,PUJ,YEG,YH9730,2026-09-05,2026-08-06,30,170,179,0.8813,FORECAST
FLIGHT,TE9478-VVP-ILZ-45603186,PUJ,YQX,TA8733,2026-08-02,2026-06-03,60,0,167,0.5914,ACTUAL
FLIGHT,DA2537-VKS-HGK-85151494,PUJ,EWR,TS7699,2026-08-05,2026-07-29,7,68,167,0.5852,ACTUAL
FLIGHT,QI0927-AES-BZP-54224898,POP,YLW,ZS6814,2026-09-10,2026-06-12,90,101,194,0.9384,FORECAST
FLIGHT,WH810-DYG-MEI-08319526,POP,YVR,XN910,2026-08-02,2026-07-12,21,75,176,0.9465,FORECAST
FLIGHT,XO249-FRR-JBZ-96965738,POP,YDF,XN910,2026-07-12,2025-02-27,500,156,156,0.8812,ACTUAL
FLIGHT,SB2084-EZO-HLT-91921578,PUJ,YUL,MG1424,2026-08-06,2025-10-10,300,0,183,0.2128,TARGET
FLIGHT,AQ5111-KAV-WJD-22501128,POP,POP,HR2244,2026-08-26,2026-04-28,120,114,179,0.8176,ACTUAL
FLIGHT,YP8125-TQH-GWS-91979368,PUJ,YUL,MR5145,2026-08-31,2025-09-15,350,147,190,0.0450,ACTUAL
FLIGHT,TM4225-NGQ-YLC-60312191,POP,YQT,MR5145,2026-07-11,2025-11-03,250,134,195,0.8993,FORECAST
FLIGHT,RI3514-LJX-VME-60553855,POP,YQR,MR5145,2026-09-15,2025-08-11,400,123,172,0.7642,ACTUAL
FLIGHT,JC8084-RES-YNA-46208738,POP,YQR,MR5145,2026-07-05,2026-06-14,21,169,180,0.3783,FORECAST
FLIGHT,LH9563-SIV-RPJ-22434909,POP,YBG,MR5145,2026-08-15,2026-07-16,30,83,201,0.5850,TARGET
FLIGHT,HU7060-TZY-VGC-41733612,PUJ,YQT,MR5145,2026-07-10,2026-04-11,90,129,175,0.8465,TARGET
FLIGHT,SD9959-PYJ-NKC-98465631,POP,YDF,MR5145,2026-08-11,2026-07-28,14,112,180,0.7193,TARGET
FLIGHT,XA0975-CCA-YFS-39409965,POP,YXS,MR5145,2026-09-28,2025-12-02,300,131,183,0.1226,ACTUAL
FLIGHT,VW6224-VJN-YFN-55615772,POP,EWR,MR5145,2026-09-11,2026-03-15,180,61,196,0.1603,ACTUAL
FLIGHT,TL1139-CVZ-FEE-76158425,PUJ,YXS,MR5145,2026-07-20,2026-06-05,45,67,185,0.2539,FORECAST
FLIGHT,AG7944-ABA-CAK-68977903,POP,YLW,MR5145,2026-07-06,2026-06-06,30,157,191,0.7978,ACTUAL
FLIGHT,RM9384-CGP-AOQ-70330141,PUJ,YLW,MR5145,2026-09-21,2026-09-07,14,49,177,0.9171,FORECAST
FLIGHT,BN1937-WVX-OUB-61987801,POP,EWR,MW9338,2026-07-05,2025-07-20,350,85,210,0.1297,ACTUAL
FLIGHT,KB8202-YYN-XTE-78297253,POP,PUJ,MW9338,2026-08-24,2026-08-24,0,0,167,0.0779,TARGET
FLIGHT,ZE8753-GVJ-QAU-80136049,PUJ,YYZ,MW9338,2026-07-16,2025-07-31,350,27,208,0.6061,ACTUAL
FLIGHT,ZC5709-TLE-DBY-46059899,POP,YEG,OO0143,2026-08-24,2025-05-31,450,9,185,0.0951,TARGET
FLIGHT,FM1104-JXP-XVN-14943405,POP,YXU,OO0143,2026-08-30,2026-03-03,180,20,170,0.4214,FORECAST
FLIGHT,DG0223-SYU-HUL-40357133,PUJ,YBG,OO0143,2026-09-10,2026-06-27,75,88,164,0.0779,FORECAST
FLIGHT,OM9136-JUO-FVZ-59856842,POP,EWR,OO0143,2026-07-20,2026-07-13,7,18,166,0.4115,ACTUAL
FLIGHT,SA9342-YPI-TOQ-47522815,POP,PUJ,OO0143,2026-09-12,2026-09-12,0,168,185,0.0313,TARGET
FLIGHT,OE807-THW-JJZ-69690910,PUJ,YQB,VF588,2026-08-07,2025-07-03,400,10,192,0.3499,ACTUAL
FLIGHT,VS182-IYI-AIE-83242009,POP,YLW,VF588,2026-09-24,2025-11-28,300,181,187,0.7159,ACTUAL
FLIGHT,ZK031-NZH-BPX-33599857,POP,YHM,CZ101,2026-08-10,2026-02-11,180,161,179,0.0112,TARGET
FLIGHT,BL548-ABL-OXF-52944930,POP,YQR,CZ101,2026-09-19,2026-04-22,150,62,175,0.0743,TARGET
FLIGHT,PG3299-TMB-IHF-06112170,PUJ,YXS,YJ2090,2026-08-11,2026-07-12,30,151,151,0.1032,TARGET
FLIGHT,TB9472-DKW-LMH-25258885,PUJ,YWG,BX8549,2026-07-11,2026-03-13,120,22,175,0.1488,ACTUAL
FLIGHT,PE342-VHQ-EGR-92565846,PUJ,YQT,BK044,2026-08-18,2025-04-05,500,158,158,0.2489,TARGET
FLIGHT,QZ395-UIA-NHK-16098414,POP,YXU,WH968,2026-08-12,2026-01-24,200,135,183,0.0765,ACTUAL
FLIGHT,AC848-ILN-JUQ-03567611,POP,YQM,RN010,2026-09-26,2026-09-12,14,37,156,0.1637,FORECAST
FLIGHT,LQ1479-UVD-EFL-15753809,POP,YLW,QS2044,2026-07-15,2025-03-02,500,173,173,0.5726,ACTUAL
FLIGHT,EM7672-YAS-WLO-99270795,POP,YUL,SD9769,2026-07-06,2026-03-08,120,0,169,0.9362,ACTUAL
FLIGHT,HG2426-ALB-QZA-18498042,PUJ,YVR,IY6332,2026-07-30,2026-06-30,30,8,171,0.3208,TARGET
FLIGHT,CQ472-JEN-IFH-64281319,POP,YKF,KF262,2026-08-08,2026-06-09,60,8,137,0.8868,ACTUAL
FLIGHT,BS248-PNF-HAZ-39111428,PUJ,YBG,KF262,2026-09-18,2026-08-19,30,14,163,0.2104,TARGET
FLIGHT,QL6669-KJC-HFT-71506662,PUJ,YQR,HA5069,2026-07-25,2026-05-26,60,0,170,0.3052,TARGET
FLIGHT,PI3260-YAU-LWK-95501783,POP,YYT,HA5069,2026-09-22,2026-08-23,30,134,185,0.0204,ACTUAL
FLIGHT,HW4030-DAT-LMP-97564915,POP,YXU,MG3024,2026-09-13,2026-07-30,45,14,182,0.6855,FORECAST
FLIGHT,HB0622-DFE-JFY-76774625,POP,YXU,MG3024,2026-07-02,2026-05-18,45,88,192,0.4028,TARGET
FLIGHT,UH1980-ZPI-NZY-82354695,POP,YYT,MG3024,2026-08-16,2025-05-23,450,153,190,0.6546,TARGET
FLIGHT,FL7197-MAW-THE-01265789,POP,YQM,MG3024,2026-09-25,2026-06-27,90,14,192,0.6745,FORECAST
FLIGHT,AI5203-NBQ-TWY-41184913,PUJ,YOW,MG3024,2026-07-03,2025-02-18,500,142,205,0.8935,TARGET
FLIGHT,MO0636-ECS-QZM-55049444,POP,YXE,MG3024,2026-07-29,2026-07-26,3,93,184,0.7760,FORECAST
FLIGHT,XJ7243-LRN-CPN-82251272,POP,YYZ,OE7573,2026-09-23,2025-06-30,450,121,154,0.7023,TARGET
FLIGHT,XQ6037-EDW-XUQ-60032031,PUJ,YQR,OE7573,2026-09-10,2026-01-03,250,102,177,0.7730,ACTUAL
FLIGHT,VG2713-KGX-RMP-62592386,POP,YQX,OE7573,2026-09-01,2026-06-03,90,46,176,0.5213,TARGET
FLIGHT,LD4486-SRH-BLF-16903922,POP,YDF,MZ3963,2026-07-18,2026-06-18,30,17,194,0.1621,ACTUAL
FLIGHT,YA2548-LXH-MYE-68904723,PUJ,YXU,MZ3963,2026-09-06,2026-09-03,3,34,181,0.1308,FORECAST
FLIGHT,FR4976-WBH-TMU-70243652,PUJ,YHM,MZ3963,2026-08-17,2026-08-10,7,43,161,0.5504,ACTUAL
FLIGHT,KR4858-BKF-ZMH-21196047,POP,EWR,MZ3963,2026-07-08,2026-05-09,60,78,186,0.0785,FORECAST
FLIGHT,GQ2011-YIV-AMZ-52664267,POP,YHZ,UC2486,2026-08-16,2026-03-19,150,37,178,0.0000,ACTUAL
FLIGHT,NG0112-ZEA-BXV-84842648,PUJ,YEG,UC2486,2026-08-27,2025-09-11,350,0,107,0.8654,FORECAST
FLIGHT,NY7105-ESQ-VOP-07459915,POP,YXE,BH8107,2026-07-05,2025-10-28,250,9,169,0.2574,TARGET
FLIGHT,IL6972-TML-KMD-92767137,PUJ,YUL,BH8107,2026-09-02,2025-04-20,500,20,188,0.4193,TARGET
FLIGHT,UI9749-TOT-TBK-22171148,PUJ,POP,BH8107,2026-08-05,2026-08-02,3,74,203,0.5358,FORECAST
FLIGHT,NQ8568-XJV-NPN-78096458,PUJ,YYZ,PL4289,2026-08-10,2026-08-10,0,158,158,0.2131,TARGET
FLIGHT,BC5972-FIE-EQI-83492766,POP,YQX,PL4289,2026-07-14,2026-07-14,0,20,172,0.2653,TARGET
FLIGHT,PN4296-WFQ-ASE-41150509,PUJ,YUL,SR9632,2026-07-26,2026-06-26,30,20,204,0.6674,TARGET
FLIGHT,HC2653-FOH-KWV-51497249,PUJ,YBG,SR9632,2026-07-16,2026-06-16,30,97,97,0.3637,FORECAST
FLIGHT,FV3920-CAV-FTP-59974753,POP,YFC,SR9632,2026-07-06,2026-03-08,120,31,163,0.4505,FORECAST
FLIGHT,UZ467-HQM-ZKM-90448467,POP,YYZ,CY415,2026-08-29,2026-08-22,7,131,170,0.0000,FORECAST
FLIGHT,WG8326-IXQ-TPW-10017078,POP,EWR,PD3228,2026-07-30,2025-06-25,400,7,185,0.2159,ACTUAL
FLIGHT,AM6686-UVY-BMU-73476714,PUJ,YHM,PK7861,2026-09-06,2025-12-30,250,57,154,0.6206,ACTUAL
FLIGHT,EU5351-COQ-VRY-28050345,POP,YUL,PK7861,2026-08-25,2025-09-09,350,36,152,0.9310,FORECAST
FLIGHT,FX9136-TMJ-XQB-40737304,PUJ,YOW,PK7861,2026-07-16,2026-06-16,30,13,198,0.4845,TARGET
FLIGHT,VL5553-VKI-JYB-78967788,POP,YHM,BS1196,2026-07-10,2026-06-19,21,0,163,0.7115,TARGET
FLIGHT,PC5573-DAL-FAR-98318730,PUJ,YQM,UC2486,2026-09-30,2026-07-02,90,140,170,0.2821,ACTUAL
FLIGHT,LJ4220-NCV-WRL-06929873,POP,YQR,UC2486,2026-08-07,2025-05-14,450,93,202,0.9049,FORECAST
FLIGHT,SX1642-HAD-EPJ-69017631,PUJ,PUJ,ID2600,2026-08-07,2026-06-08,60,134,195,0.3685,FORECAST
FLIGHT,UA8486-CBM-XYN-00260469,POP,YDF,QN3070,2026-07-24,2026-02-24,150,48,153,0.6701,TARGET
FLIGHT,SW8962-KRM-TEM-35600625,PUJ,YXE,QP6400,2026-09-11,2025-06-18,450,150,191,0.9770,FORECAST
FLIGHT,NK6067-PLL-SLO-35410577,POP,YEG,XP0727,2026-07-15,2025-07-30,350,66,196,0.9967,TARGET
FLIGHT,JB8922-UPA-MST-06494935,POP,YQB,XP0727,2026-08-14,2025-08-29,350,22,182,0.5147,TARGET
FLIGHT,LT5176-HLF-IDH-02286710,PUJ,YXS,IY9170,2026-07-26,2025-05-02,450,110,186,0.8063,FORECAST
FLIGHT,OS5928-EYF-GHC-25677250,POP,YLW,KR0307,2026-07-08,2026-04-24,75,53,185,0.2114,ACTUAL
FLIGHT,WZ709-JGS-DHP-08587837,POP,PUJ,TT391,2026-09-09,2026-01-02,250,84,205,0.9611,FORECAST
FLIGHT,XV4792-YSO-XWK-91448940,PUJ,YFC,ZD4601,2026-08-22,2025-07-18,400,174,204,0.7920,FORECAST
FLIGHT,BU9985-OZK-ELM-37448455,POP,YYT,ZD4601,2026-07-29,2026-05-15,75,135,178,0.1244,FORECAST
FLIGHT,GJ7741-CNA-FQL-95388755,PUJ,YOW,ZU1297,2026-09-26,2026-07-13,75,66,179,0.9385,TARGET
FLIGHT,XO3297-PJC-YBK-06859023,POP,YQX,ZU1297,2026-07-14,2025-11-06,250,99,156,0.7521,TARGET
FLIGHT,KG4289-APW-QCU-62930961,POP,YHM,ZU1297,2026-08-21,2026-08-07,14,86,184,0.8205,FORECAST
FLIGHT,RC3191-LDQ-XCW-36900479,POP,YOW,ZU1297,2026-07-27,2026-07-13,14,21,195,0.0732,TARGET
FLIGHT,PG3500-NWI-WKY-58048294,POP,YQX,ZU1297,2026-08-04,2026-08-04,0,69,166,0.1612,TARGET
FLIGHT,IS3181-GOE-YES-38045030,PUJ,YHZ,ZU1297,2026-07-07,2026-04-23,75,15,203,0.3540,ACTUAL
FLIGHT,CK6830-TXL-HXC-22526497,PUJ,YEG,ZU1297,2026-07-01,2026-06-28,3,59,164,0.8844,TARGET
FLIGHT,PA8240-QTZ-HUL-13315792,PUJ,YDF,ZU1297,2026-07-18,2025-11-10,250,5,204,0.9056,FORECAST
FLIGHT,FS3675-MFO-LYI-54034989,POP,YDF,ZU1297,2026-07-29,2026-07-08,21,114,203,0.7919,ACTUAL
FLIGHT,FW3301-NOS-MKL-67323836,POP,YYT,ZU1297,2026-09-03,2026-08-31,3,107,180,0.8115,FORECAST
FLIGHT,KE3783-WTA-ITP-57456844,PUJ,YXU,ZU1297,2026-07-23,2026-07-02,21,143,152,0.0511,ACTUAL
FLIGHT,KF3221-JXR-TJI-13999517,PUJ,YLW,PU9526,2026-07-31,2026-06-16,45,33,164,0.3803,TARGET
FLIGHT,RI0161-VOB-UVM-49144533,POP,YDF,PU9526,2026-09-08,2025-08-04,400,40,193,0.0981,TARGET
FLIGHT,NP9699-TSG-VQD-91948746,PUJ,YXS,PU9526,2026-09-21,2026-03-25,180,28,172,0.7107,FORECAST
FLIGHT,QG1090-GLR-VLQ-72632750,PUJ,YOW,MG5852,2026-07-30,2026-07-16,14,63,213,0.0927,TARGET
FLIGHT,YY7693-BQQ-RGP-07991906,POP,YUL,BT9587,2026-07-13,2026-06-22,21,8,182,0.4521,TARGET
FLIGHT,VW9607-TZC-DPE-92335913,PUJ,POP,ZS2708,2026-07-25,2026-07-25,0,61,168,0.9004,FORECAST
FLIGHT,QY7847-LTA-IIO-41764344,PUJ,YHZ,ZS2708,2026-09-24,2026-09-17,7,115,176,0.3255,TARGET
FLIGHT,QF2092-LFU-DAU-94235479,PUJ,YLW,ZS2708,2026-08-03,2026-07-13,21,111,201,0.0470,TARGET
FLIGHT,ZL083-ZOI-HEX-00608307,POP,YQB,MJ076,2026-09-08,2026-09-05,3,27,175,0.9119,ACTUAL
FLIGHT,YG605-HYT-ARC-10007783,POP,YDF,MJ076,2026-08-03,2025-06-29,400,94,97,0.0614,ACTUAL
FLIGHT,ND9075-AKM-CDW-55510749,PUJ,YQT,FI4111,2026-07-01,2026-06-17,14,10,195,0.2168,TARGET
FLIGHT,VS114-BNL-UIP-65126749,PUJ,YXE,HR631,2026-09-22,2026-09-01,21,141,173,0.0220,TARGET
FLIGHT,VE922-HCX-TPX-89589320,POP,YYC,HR631,2026-09-21,2026-03-05,200,23,198,0.4943,FORECAST
FLIGHT,UR8104-FGR-UVK-24796554,PUJ,YWG,QM3455,2026-07-26,2025-03-13,500,87,176,0.8688,TARGET
FLIGHT,XP2424-FPQ-JZW-12876128,PUJ,YXE,QM3455,2026-07-08,2026-01-09,180,31,70,0.6280,ACTUAL
FLIGHT,JJ2509-VMS-GHY-75790155,PUJ,YQX,FK6982,2026-08-21,2025-09-05,350,178,203,0.1434,FORECAST
FLIGHT,XU5656-WXO-TWD-67127944,POP,YLW,OW6432,2026-07-01,2026-06-24,7,93,205,0.6635,FORECAST
FLIGHT,HV4402-NUW-BVQ-35889743,POP,YYC,MG1424,2026-07-04,2025-05-30,400,0,186,0.7790,FORECAST
FLIGHT,XH260-YVV-GFE-27561758,POP,YQM,XK787,2026-08-10,2026-07-11,30,163,192,0.9550,ACTUAL
FLIGHT,NE56S-LCE-LCN-28026142,PUJ,YXU,EE44D,2026-08-03,2026-02-04,180,9,179,0.5758,ACTUAL
FLIGHT,GT3622-HYH-TGM-46954946,PUJ,YXU,MR5145,2026-07-11,2026-04-27,75,89,188,0.2144,FORECAST
FLIGHT,XO8127-OTI-TDP-65589882,POP,YVR,MR5145,2026-07-06,2025-09-09,300,110,148,0.6794,ACTUAL
FLIGHT,KB7975-YEF-COQ-06677481,PUJ,YXE,MR5145,2026-09-06,2026-07-23,45,0,168,0.0604,TARGET
FLIGHT,PV0093-KQO-CPB-20055501,POP,YWG,MR5145,2026-08-31,2026-08-01,30,9,181,0.3690,ACTUAL
FLIGHT,GC5005-WRG-LVG-48584255,POP,YQR,MR5145,2026-08-10,2026-06-11,60,72,173,0.9058,ACTUAL
FLIGHT,SY3821-BNE-RMR-52100735,POP,YXE,MR5145,2026-08-06,2026-07-23,14,195,205,0.0753,ACTUAL
FLIGHT,YU9962-TJF-ZZV-64977070,POP,YVR,MR5145,2026-09-08,2026-09-05,3,103,196,0.5215,ACTUAL
FLIGHT,GW5985-XVC-YLU-32092835,POP,YQT,MR5145,2026-08-04,2026-08-01,3,94,185,1.0804,TARGET
FLIGHT,YB6438-LZK-XCE-99866318,PUJ,YYZ,MR5145,2026-07-23,2025-04-29,450,63,170,0.4949,TARGET
FLIGHT,GJ2875-UMO-GWD-10176602,PUJ,YQB,MR5145,2026-08-16,2026-07-26,21,88,167,0.5468,TARGET
FLIGHT,UR9763-SDM-ABO-69416587,POP,YQT,MR5145,2026-08-23,2026-06-24,60,166,170,0.7545,ACTUAL
FLIGHT,EL6183-WPB-DZK-77441662,POP,YQR,MR5145,2026-07-10,2026-04-11,90,15,172,0.1056,TARGET
FLIGHT,XN7043-AFI-DTG-50805423,PUJ,YYZ,MW9338,2026-08-20,2026-02-21,180,151,181,0.4288,ACTUAL
FLIGHT,LZ8243-JQE-EQA-85762362,POP,YQM,OO0143,2026-09-03,2026-04-06,150,48,174,0.2338,FORECAST
FLIGHT,BB6841-YVC-ZNB-20122125,POP,YQR,OO0143,2026-09-18,2025-05-06,500,20,188,0.1105,FORECAST
FLIGHT,RH0784-TAQ-FYI-56094320,POP,YQB,OO0143,2026-09-28,2025-10-13,350,3,188,0.1439,FORECAST
FLIGHT,LE5400-XXG-LVD-88934576,POP,YYT,TI7269,2026-08-03,2026-07-20,14,82,180,0.7622,FORECAST
FLIGHT,CB420-VOC-UBC-56339180,PUJ,PUJ,CZ101,2026-07-06,2026-02-06,150,14,201,0.0929,TARGET
FLIGHT,JM2956-OFG-AQK-54436449,POP,YYC,YJ2090,2026-08-08,2026-06-09,60,61,173,0.2371,FORECAST
FLIGHT,KE3563-ODA-VUW-89733561,POP,YUL,BX8549,2026-07-08,2025-07-23,350,13,195,0.1559,FORECAST
FLIGHT,ZE718-KZA-VQW-14635808,POP,YHM,BK044,2026-08-14,2026-06-30,45,30,182,0.2806,FORECAST
FLIGHT,FK5759-PVJ-YRV-87697042,POP,YFC,QS2044,2026-07-18,2026-02-18,150,25,173,0.8700,FORECAST
FLIGHT,VE1782-WOO-CBY-50183255,POP,EWR,QS2044,2026-08-09,2025-03-27,500,163,164,0.6375,TARGET
FLIGHT,LD2959-FOW-YFQ-27090814,PUJ,YEG,XP8077,2026-07-16,2026-07-13,3,58,186,0.7180,ACTUAL
FLIGHT,UZ753-MPW-ISO-85249141,PUJ,YHZ,KF262,2026-08-01,2026-08-01,0,90,188,0.1775,TARGET
FLIGHT,NU791-PNM-KDE-21500141,POP,YQR,KF262,2026-08-10,2026-06-26,45,176,176,0.1883,ACTUAL
FLIGHT,KZ0119-EXT-VFB-75360511,POP,YLW,MG3024,2026-07-29,2026-03-01,150,23,174,0.7617,FORECAST
FLIGHT,SK9481-KFY-MTE-55966472,POP,YHZ,MG3024,2026-09-05,2026-07-07,60,47,178,0.9115,FORECAST
FLIGHT,AL9685-CTY-KGZ-77492663,PUJ,EWR,OQ8459,2026-08-11,2026-08-08,3,4,160,0.9331,ACTUAL
FLIGHT,RR0644-YEV-ABZ-62987787,PUJ,YLW,ZS2708,2026-09-05,2026-02-17,200,8,159,0.9281,TARGET
FLIGHT,LM4184-YSG-ORV-46790870,PUJ,YYT,RV4716,2026-07-14,2026-05-30,45,0,61,0.0237,FORECAST
FLIGHT,PZ8018-SDL-NVP-34467177,POP,PUJ,VS8758,2026-08-22,2026-08-22,0,12,181,0.8133,FORECAST
FLIGHT,OA413-WAT-ATD-53860282,PUJ,YYZ,KK064,2026-09-09,2025-08-05,400,125,167,0.7677,FORECAST
FLIGHT,WA2123-XXP-VXE-05503300,PUJ,YHZ,BG3562,2026-09-18,2026-09-15,3,150,162,0.5623,FORECAST
FLIGHT,HO8844-GOB-MXM-18756467,POP,YKF,MZ3963,2026-08-15,2026-03-18,150,0,176,0.2813,FORECAST
FLIGHT,LH8116-ZQU-GWO-10307372,PUJ,YKF,YV9266,2026-07-13,2025-07-28,350,46,196,0.8670,TARGET
FLIGHT,YC4564-OXJ-HOA-19453911,POP,EWR,UR3098,2026-09-26,2026-06-28,90,45,207,0.8827,ACTUAL
FLIGHT,PR8119-GQW-WSU-99068201,PUJ,POP,BH8107,2026-08-23,2025-04-10,500,29,190,0.3988,FORECAST
FLIGHT,DS2615-JRP-VEA-12402545,PUJ,YYZ,KM3143,2026-08-19,2026-03-22,150,2,194,0.1362,FORECAST
FLIGHT,ZN9961-XXY-GDK-25523228,POP,YDF,SR9632,2026-07-17,2026-07-10,7,7,163,0.2664,FORECAST
FLIGHT,QY3756-VZR-CMP-84340730,PUJ,YFC,SR9632,2026-07-09,2025-11-01,250,32,173,0.3491,ACTUAL
FLIGHT,FV3920-CAV-FTP-59974753,PUJ,YXE,SR9632,2026-08-24,2025-09-08,350,34,201,0.1198,ACTUAL
FLIGHT,YZ9768-DXV-MYA-85571749,POP,YQX,SR9632,2026-07-02,2025-07-17,350,156,182,0.7718,ACTUAL
FLIGHT,FV833-IUU-LYY-57356232,POP,YUL,NR001,2026-07-16,2026-06-25,21,162,175,0.3947,TARGET
FLIGHT,BQ7300-EXC-AVE-73663256,POP,YWG,PK7861,2026-08-29,2025-12-22,250,30,175,0.7617,ACTUAL
FLIGHT,PD6458-DAJ-LYP-34669447,PUJ,YYT,PK7861,2026-08-24,2026-07-10,45,0,180,0.2543,TARGET
FLIGHT,RL6274-RAM-MDC-26203069,POP,YYC,PK7861,2026-08-19,2026-07-05,45,164,197,0.1302,TARGET
FLIGHT,FD0637-RVC-PYW-04836481,PUJ,YYT,PK7861,2026-09-27,2026-09-06,21,153,196,0.5821,FORECAST
FLIGHT,IS9010-XQM-DZM-47904991,POP,YQR,PK7861,2026-07-09,2026-06-25,14,164,180,0.8410,FORECAST
FLIGHT,SC6983-HWU-CPS-36470894,POP,YFC,UE3587,2026-08-17,2025-09-01,350,151,179,1.0408,ACTUAL
FLIGHT,LM3974-XQZ-VTF-50075167,PUJ,YQB,UE3587,2026-07-24,2026-07-10,14,168,186,0.0090,ACTUAL
FLIGHT,OH9222-SHC-OUO-86503947,POP,YQT,RH8865,2026-09-14,2026-05-17,120,101,201,0.4392,TARGET
FLIGHT,GJ5353-QWC-CWK-75092720,POP,EWR,RH8865,2026-07-26,2025-09-29,300,17,191,0.4483,ACTUAL
FLIGHT,AJ2797-ITG-LIS-21018188,POP,YQT,RH8865,2026-09-01,2025-12-25,250,88,152,0.1297,FORECAST
FLIGHT,RC8939-OUU-ZFB-48730451,POP,YDF,BS1196,2026-08-27,2026-08-13,14,86,161,0.2177,TARGET
FLIGHT,SV6403-UUZ-DLP-58593918,POP,YHZ,BS1196,2026-08-19,2026-08-16,3,163,191,0.1895,ACTUAL
FLIGHT,UK3620-LIJ-TGY-39271954,POP,YUL,BS1196,2026-09-17,2026-07-04,75,143,188,0.2518,FORECAST
FLIGHT,XQ127-XGX-DPW-42718322,POP,YLW,HY236,2026-09-17,2026-05-20,120,126,175,0.0061,TARGET
FLIGHT,FG3446-NMD-BLD-49618068,PUJ,YLW,UC2486,2026-07-08,2025-12-20,200,71,154,0.8036,ACTUAL
FLIGHT,GB7218-VZQ-OVO-16991658,PUJ,YXU,DU3168,2026-09-16,2026-04-19,150,60,201,0.3382,TARGET
FLIGHT,AR8679-PZI-IPN-19378866,PUJ,YUL,HH2316,2026-08-14,2026-08-07,7,107,183,0.0930,ACTUAL
FLIGHT,OF1281-KMR-HRO-02785379,POP,YBG,XP0727,2026-08-06,2025-05-13,450,113,113,0.4115,TARGET
FLIGHT,KA5688-UBQ-IUQ-20727126,POP,YYZ,XP0727,2026-07-13,2026-05-14,60,18,183,0.5426,ACTUAL
FLIGHT,OU749-VES-JIT-93136757,PUJ,YWG,JS586,2026-08-22,2026-02-03,200,111,174,0.0754,FORECAST
FLIGHT,ZM0931-MXI-EYM-63316140,POP,YXU,IY9170,2026-09-21,2026-06-23,90,97,159,0.1679,ACTUAL
FLIGHT,JC1643-IYW-FJV-11475466,POP,YLW,IY9170,2026-07-15,2026-07-08,7,91,169,0.2296,FORECAST
FLIGHT,OS5928-EYF-GHC-25677250,PUJ,YXU,KR0307,2026-08-16,2026-08-09,7,41,158,0.9136,FORECAST
FLIGHT,LB1691-LNT-PQB-79823070,POP,YUL,ZD4601,2026-09-04,2026-06-21,75,23,176,0.8687,FORECAST
FLIGHT,XF7721-OSG-CMF-50553267,POP,YXU,YW6964,2026-07-09,2026-06-25,14,71,184,0.1424,ACTUAL
FLIGHT,WC92Z-FRY-HJS-14309215,POP,POP,EE44D,2026-09-04,2025-11-08,300,134,166,0.7031,FORECAST
FLIGHT,OQ2537-DEN-XQQ-70415578,POP,YEG,ZU1297,2026-08-10,2026-07-20,21,154,176,0.2095,ACTUAL
FLIGHT,RO4961-EET-QHA-87884779,PUJ,EWR,ZU1297,2026-07-27,2026-07-24,3,158,193,0.5752,FORECAST
FLIGHT,AV9572-XQH-TOQ-30189865,POP,EWR,ZU1297,2026-07-06,2025-02-21,500,10,177,0.8993,ACTUAL
FLIGHT,KF9007-JCZ-XMM-43086042,PUJ,YLW,ZU1297,2026-07-02,2026-06-02,30,27,163,0.6406,FORECAST
FLIGHT,DZ8743-ATN-JPJ-29326834,PUJ,YQT,ZU1297,2026-09-21,2026-09-07,14,187,187,0.6100,ACTUAL
FLIGHT,NS2175-COD-HLW-28454705,PUJ,YVR,ZU1297,2026-07-03,2026-06-12,21,83,170,0.1245,TARGET
FLIGHT,AU0574-VKW-QBP-66487841,POP,YQR,ZU1297,2026-09-02,2025-09-17,350,167,182,0.8603,FORECAST
FLIGHT,KI8118-TDP-UFQ-45848749,PUJ,YHM,ZU1297,2026-07-28,2026-05-14,75,30,154,0.2050,ACTUAL
FLIGHT,TJ8467-JOX-UYL-29148356,POP,PUJ,ZU1297,2026-09-05,2026-09-05,0,112,189,0.7690,ACTUAL
FLIGHT,UI8243-NJR-KCO-82757730,POP,YYZ,ZU1297,2026-07-28,2026-03-30,120,174,174,0.1847,FORECAST
FLIGHT,XC0125-JWM-OKY-91499959,PUJ,PUJ,ZU1297,2026-08-26,2026-07-27,30,192,197,0.0362,TARGET
FLIGHT,SN7845-WEO-HWH-18815675,PUJ,YHM,ZU1297,2026-07-23,2026-01-24,180,172,183,0.2781,ACTUAL
FLIGHT,HS1067-HHG-QFO-65348024,PUJ,YOW,ZU1297,2026-08-26,2026-08-05,21,180,186,0.3718,FORECAST
FLIGHT,DK1569-JJH-RPR-71713593,POP,YXS,OO5405,2026-09-27,2026-05-30,120,0,187,0.5594,TARGET
FLIGHT,YT1761-TWN-RFF-58858431,POP,YUL,PU9526,2026-09-29,2026-07-16,75,0,361,0.3647,TARGET
FLIGHT,RB7296-NXC-QBR-43881684,PUJ,YFC,PU9526,2026-09-03,2026-02-15,200,78,220,0.7560,ACTUAL
FLIGHT,GC1621-BWV-WML-14947396,POP,YYZ,PU9526,2026-08-29,2026-08-29,0,10,189,0.6711,TARGET
FLIGHT,KW4392-JKG-TXM-04240817,PUJ,YOW,PU9526,2026-09-17,2025-10-02,350,165,187,0.3978,FORECAST
FLIGHT,TN5775-RHU-HLF-19706406,PUJ,YQR,PU9526,2026-07-14,2026-07-11,3,155,155,0.9609,ACTUAL
FLIGHT,HK9682-QSA-DZI-08123563,POP,YHM,PU9526,2026-08-31,2026-07-02,60,98,193,0.8185,TARGET
FLIGHT,AU8028-FDG-DWC-48241430,PUJ,YBG,PU9526,2026-07-27,2026-07-20,7,113,193,0.8904,FORECAST
FLIGHT,YK7513-DQY-HXX-82370844,PUJ,YDF,BT9587,2026-07-28,2026-03-30,120,66,186,0.9479,TARGET
FLIGHT,JB2073-NCP-JKO-41791848,PUJ,YHM,BT9587,2026-07-25,2026-04-26,90,99,197,0.0520,FORECAST
FLIGHT,ZX9599-YKZ-PCZ-94770071,POP,YHZ,ZS2708,2026-07-09,2026-03-11,120,84,186,0.8016,TARGET
FLIGHT,ZO730-TVO-RAH-99346862,PUJ,YEG,VY447,2026-09-07,2025-09-22,350,94,215,0.0621,FORECAST
FLIGHT,SI0568-JYV-LUZ-93401075,PUJ,YYT,EQ9753,2026-09-07,2026-07-24,45,173,173,0.8487,FORECAST
FLIGHT,UP2358-YYY-XGR-95175204,POP,YXU,FI4111,2026-07-24,2026-07-21,3,87,160,0.9280,FORECAST
FLIGHT,WX590-CFT-ESV-92920133,PUJ,YKF,HR631,2026-08-22,2026-03-25,150,149,195,0.1779,FORECAST
FLIGHT,QM0416-DJH-KIH-49189245,POP,YBG,RY9082,2026-08-08,2026-01-20,200,52,183,0.5566,ACTUAL
FLIGHT,GY8720-GFG-QHY-22704943,PUJ,YWG,RY9082,2026-09-30,2026-09-30,0,22,167,0.7831,TARGET
FLIGHT,PU4909-SIV-IPC-81324062,PUJ,PUJ,RY9082,2026-08-21,2025-10-25,300,42,179,0.8086,TARGET
FLIGHT,CI3269-JUJ-DZA-42320086,POP,YBG,YH9730,2026-08-15,2026-08-01,14,10,176,0.3202,FORECAST
FLIGHT,YH7256-LMH-GPG-43488919,POP,YXE,AA5674,2026-09-19,2025-05-07,500,94,180,0.8654,TARGET
FLIGHT,AZ9831-WQD-RBH-43071488,POP,YLW,TA8733,2026-07-04,2026-05-20,45,7,55,0.9001,TARGET
FLIGHT,XJ0568-WMJ-ESZ-61724727,PUJ,YUL,TA8733,2026-09-04,2026-04-07,150,40,188,0.1454,FORECAST
FLIGHT,GT7180-CEX-BMG-35759979,POP,YEG,TA8733,2026-07-02,2025-05-28,400,101,169,0.8267,TARGET
FLIGHT,DB4708-UUI-IWZ-44532567,POP,YQB,TA8733,2026-08-07,2026-01-19,200,115,193,0.0000,FORECAST
FLIGHT,EG8057-DED-MXN-29668273,PUJ,YUL,TS7699,2026-08-08,2026-08-08,0,192,205,0.5937,ACTUAL
FLIGHT,RZ6020-YQE-RSN-81814335,POP,PUJ,ZS6814,2026-07-03,2025-04-09,450,32,159,0.4520,ACTUAL
FLIGHT,WH810-DYG-MEI-08319526,POP,POP,XN910,2026-08-27,2026-03-30,150,38,161,0.0000,TARGET
FLIGHT,WF0852-BUL-MIK-98034405,PUJ,YBG,OW6432,2026-07-16,2026-04-17,90,154,183,0.8976,TARGET
FLIGHT,HG385-MRU-HMS-57001503,PUJ,YDF,CE840,2026-08-17,2026-08-03,14,166,199,0.9541,ACTUAL
FLIGHT,OY287-BEI-LMJ-53107690,POP,YXU,CE840,2026-08-20,2026-08-17,3,56,173,0.7337,TARGET
FLIGHT,BL4794-XQS-QHA-18608075,PUJ,YQX,MG1424,2026-07-06,2026-05-07,60,77,77,0.0934,TARGET
FLIGHT,IO1678-BIY-YOU-80544529,POP,YKF,MG1424,2026-08-16,2026-08-09,7,7,197,0.9882,FORECAST
FLIGHT,FI6302-YKY-XVU-78653578,POP,YYC,MG1424,2026-07-25,2026-01-26,180,68,197,0.9840,TARGET
FLIGHT,TY3487-PUV-MBD-31098624,PUJ,YWG,FS5153,2026-09-23,2026-05-26,120,29,169,0.2818,ACTUAL
FLIGHT,GN4567-CFC-WFJ-98764155,POP,YLW,FS5153,2026-09-10,2026-05-13,120,165,193,0.7658,TARGET
FLIGHT,CV5866-QJS-FOZ-25452832,POP,YQX,MR5145,2026-07-23,2026-07-02,21,171,177,0.5298,ACTUAL
FLIGHT,OD9796-ZTO-QCM-26671416,POP,YQB,MR5145,2026-09-15,2026-06-17,90,47,169,0.0172,FORECAST
FLIGHT,FT3956-CGM-CKZ-10037492,PUJ,YQB,MR5145,2026-07-13,2026-07-10,3,54,185,0.5029,TARGET
FLIGHT,XQ1755-EKW-HTC-25525003,POP,PUJ,MR5145,2026-09-14,2026-03-18,180,11,149,0.0007,ACTUAL
FLIGHT,FZ1427-NLU-NKO-07621416,POP,PUJ,MR5145,2026-08-29,2026-02-10,200,167,192,0.6149,TARGET
FLIGHT,MH1815-RTT-NAS-93263430,PUJ,YEG,MR5145,2026-08-04,2026-07-21,14,0,191,0.4744,TARGET
FLIGHT,HU7060-TZY-VGC-41733612,PUJ,YQT,MR5145,2026-09-30,2026-03-14,200,61,191,0.5581,TARGET
FLIGHT,IK3845-KJF-UUZ-72447539,POP,YXS,MR5145,2026-08-10,2025-08-25,350,160,207,0.7220,FORECAST
FLIGHT,ZA2732-EMT-TEO-28702294,PUJ,YLW,MR5145,2026-09-17,2026-08-18,30,129,178,0.3216,TARGET
FLIGHT,RP0321-QOA-HTL-08888423,PUJ,YLW,MR5145,2026-08-01,2026-07-02,30,28,160,0.2073,FORECAST
FLIGHT,AT1260-EUQ-OUB-07110648,POP,YDF,MR5145,2026-07-18,2026-07-15,3,79,174,0.2622,TARGET
FLIGHT,RZ8713-AQU-IQG-97200663,PUJ,YVR,MR5145,2026-09-22,2025-06-29,450,64,178,0.5303,ACTUAL
FLIGHT,MC4178-JGZ-OMA-18325798,POP,YUL,MR5145,2026-07-23,2025-04-29,450,13,182,0.5763,TARGET
FLIGHT,AM6446-LCK-ODP-92300288,PUJ,YLW,MR5145,2026-09-15,2026-08-01,45,63,167,0.7699,ACTUAL
FLIGHT,RM9384-CGP-AOQ-70330141,PUJ,YKF,MR5145,2026-09-26,2026-01-19,250,30,167,0.0991,TARGET
FLIGHT,AY5742-ALB-UBR-00018260,PUJ,POP,MR5145,2026-09-23,2025-05-11,500,103,103,0.1268,FORECAST
FLIGHT,CP5154-CQR-UEW-28700213,PUJ,YEG,MW9338,2026-09-15,2025-09-30,350,166,193,0.5929,FORECAST
FLIGHT,QE5085-XYC-CLJ-94750465,PUJ,YHZ,MW9338,2026-09-30,2026-08-01,60,23,199,0.4876,FORECAST
FLIGHT,NC2420-JIC-KMR-20727999,PUJ,YHM,MW9338,2026-07-13,2025-06-08,400,96,206,0.4105,FORECAST
FLIGHT,BC3681-TJV-YVL-75452355,POP,YQT,OO0143,2026-07-30,2025-11-22,250,15,199,0.4901,FORECAST
FLIGHT,UC1067-ATT-UBL-30326151,POP,YEG,OO0143,2026-07-09,2025-12-21,200,157,157,0.9071,TARGET
FLIGHT,QJ0144-XUT-PSB-57358054,PUJ,YQT,OO0143,2026-08-06,2026-05-08,90,63,168,0.1882,FORECAST
FLIGHT,BV6208-UBE-ADU-10412588,PUJ,YUL,TI7269,2026-09-06,2026-07-08,60,0,177,0.7805,ACTUAL
FLIGHT,XC4929-BZO-QGI-01077250,POP,YEG,TI7269,2026-09-23,2026-03-07,200,102,202,0.2315,TARGET
FLIGHT,XV3779-YAK-IEK-31702777,POP,YOW,TI7269,2026-08-15,2026-04-17,120,27,154,0.3472,ACTUAL
FLIGHT,CA9093-GUX-YFA-76257316,POP,YXE,YJ2090,2026-09-22,2026-08-08,45,159,190,0.2897,FORECAST
FLIGHT,CD7559-LQG-SVQ-21570956,POP,YHM,YJ2090,2026-07-06,2026-05-07,60,55,184,0.7448,TARGET
FLIGHT,GG9309-BNU-LQU-22830094,POP,YVR,KJ6652,2026-07-07,2025-12-19,200,133,165,0.4752,ACTUAL
FLIGHT,OD6345-UZP-QIQ-39974135,PUJ,YDF,BX8549,2026-08-08,2026-04-10,120,0,175,0.0417,ACTUAL
FLIGHT,CQ476-FSO-UIS-49791617,PUJ,EWR,WH968,2026-07-05,2026-07-02,3,36,168,0.2940,TARGET
FLIGHT,IM278-RYW-NNG-80033137,PUJ,YOW,RN010,2026-08-06,2026-05-23,75,50,185,0.3761,TARGET
FLIGHT,NF643-OWO-CKO-89937038,POP,YQR,LL083,2026-07-29,2026-03-31,120,2,182,0.0844,FORECAST
FLIGHT,KJ2283-SFJ-PXF-08172755,PUJ,EWR,GX0086,2026-07-15,2026-05-16,60,29,212,0.5808,TARGET
FLIGHT,BK3607-JWG-HSR-99809075,PUJ,YXS,QS2044,2026-08-25,2025-07-21,400,41,179,0.5570,ACTUAL
FLIGHT,RD9505-FRK-RSH-08210791,POP,YYC,QS2044,2026-07-30,2025-05-06,450,67,176,0.2674,FORECAST
FLIGHT,YB7330-KLT-PRE-45759833,PUJ,YOW,IY6332,2026-07-16,2025-11-08,250,21,171,0.7791,TARGET
FLIGHT,HG2426-ALB-QZA-18498042,POP,YXE,IY6332,2026-07-11,2026-07-04,7,65,174,0.7924,ACTUAL
FLIGHT,FB4713-OFV-PDC-75957498,PUJ,YKF,HA5069,2026-07-07,2025-07-22,350,119,170,0.2600,TARGET
FLIGHT,JY1368-XKF-RUG-06153701,POP,YDF,HA5069,2026-09-12,2026-08-22,21,10,164,0.6790,ACTUAL
FLIGHT,QD8804-UXI-UFR-77383638,PUJ,YXE,MG3024,2026-09-06,2026-08-23,14,155,181,0.6731,ACTUAL
FLIGHT,OI4227-WKQ-KXV-48596559,POP,YXS,MG3024,2026-07-27,2025-08-11,350,75,186,0.6413,ACTUAL
FLIGHT,VS1438-REH-FKU-53983584,PUJ,YYZ,MG3024,2026-08-20,2026-06-06,75,167,174,0.1947,FORECAST
FLIGHT,JU9769-QPU-HUC-37971669,POP,YQR,MG3024,2026-07-22,2026-07-01,21,157,178,0.6466,FORECAST
FLIGHT,FG6219-XVF-CLQ-18970591,POP,YQM,MG3024,2026-09-06,2026-08-07,30,33,103,0.5109,TARGET
FLIGHT,UD8726-UZB-ADU-36510344,POP,YHZ,RV4716,2026-08-10,2026-08-07,3,11,171,0.1077,ACTUAL
FLIGHT,TY9795-OFR-LYP-59582819,POP,YYC,VS8758,2026-09-24,2025-11-28,300,157,197,0.1624,ACTUAL
FLIGHT,UC7262-QFT-NRF-44850072,POP,YQT,MZ3963,2026-07-18,2025-12-30,200,0,196,0.4781,ACTUAL
FLIGHT,UL6479-TRI-MAY-58679496,POP,YWG,IZ9259,2026-08-13,2026-03-16,150,19,180,0.9003,ACTUAL
FLIGHT,LV7493-ELC-DIW-97887953,POP,YOW,YV9266,2026-09-30,2025-08-26,400,94,171,0.4542,FORECAST
FLIGHT,VC1266-WJS-OCT-67068335,POP,YLW,YV9266,2026-09-07,2026-07-09,60,133,179,0.7750,ACTUAL
FLIGHT,GY7932-ECS-CYI-39070547,POP,YXE,ID2600,2026-08-26,2025-04-13,500,117,188,0.1980,FORECAST
FLIGHT,BA5214-WWD-YBP-07163485,PUJ,YYZ,BH8107,2026-07-08,2026-01-09,180,188,188,0.8943,ACTUAL
FLIGHT,CP9854-SBY-BJW-90372954,POP,YQX,BH8107,2026-07-24,2026-07-24,0,21,197,0.5388,TARGET
FLIGHT,XX3318-CVE-GHL-76170731,POP,YYC,TC0312,2026-07-31,2025-03-18,500,0,176,0.4366,FORECAST
FLIGHT,ZK6535-FGV-ENN-00047091,PUJ,YXE,TC0312,2026-08-23,2026-08-02,21,3,172,0.8391,TARGET
FLIGHT,RS5796-OWE-UJN-10511090,POP,YHM,SR9632,2026-08-01,2026-05-03,90,45,172,0.1284,ACTUAL
FLIGHT,SY3136-GWM-KSP-27676877,PUJ,YLW,PK7861,2026-08-11,2026-08-11,0,55,92,0.8975,ACTUAL
FLIGHT,NB7819-KDM-JQI-97797383,PUJ,YHM,PK7861,2026-08-16,2026-06-17,60,21,197,0.6024,TARGET
FLIGHT,NN3795-QCV-WRP-74499246,POP,YEG,UE3587,2026-07-26,2026-01-27,180,158,191,0.6720,FORECAST
FLIGHT,PV9042-GGR-DAM-08917005,PUJ,YXS,UE3587,2026-07-27,2026-01-28,180,129,196,0.2202,ACTUAL
FLIGHT,PZ0149-OEW-MQE-11956964,POP,YXE,UE3587,2026-09-19,2026-04-22,150,66,139,0.9395,ACTUAL
FLIGHT,FB7459-LFZ-QWE-76774239,POP,YHM,UC2486,2026-08-29,2026-06-15,75,124,179,0.5872,FORECAST
FLIGHT,VT7707-ZBN-BAP-46143370,PUJ,YQX,UC2486,2026-07-03,2026-04-19,75,132,180,0.1471,FORECAST
FLIGHT,JU9123-FDM-VVA-05932418,POP,YQT,UC2486,2026-09-30,2026-09-27,3,40,191,0.9392,ACTUAL
FLIGHT,LU4787-YWF-NQD-93192294,PUJ,YQR,QN3070,2026-08-28,2025-09-12,350,153,215,0.6352,TARGET
FLIGHT,IR1440-ABX-XIB-75602310,PUJ,YXE,QP6400,2026-09-05,2026-04-08,150,79,143,0.0186,TARGET
FLIGHT,RR1303-URJ-MTD-28150164,PUJ,YYC,XP0727,2026-08-07,2025-08-22,350,103,103,0.3451,TARGET
FLIGHT,LI0627-QUT-AQR-06831121,PUJ,PUJ,KR0307,2026-07-15,2026-07-08,7,71,173,0.9863,FORECAST
FLIGHT,OL6073-AFD-WWO-37339701,POP,YEG,BR1274,2026-09-22,2026-09-19,3,61,195,0.1216,ACTUAL
FLIGHT,YS5870-YAL-DUE-53806319,PUJ,PUJ,ZU1297,2026-08-05,2026-01-17,200,165,165,0.1150,FORECAST
FLIGHT,QV9753-CCX-LFV-43872075,POP,EWR,ZU1297,2026-07-06,2026-06-15,21,71,170,0.3755,ACTUAL
FLIGHT,SR1223-VTM-ZKO-53764451,POP,PUJ,ZU1297,2026-07-06,2025-02-21,500,175,178,0.2084,ACTUAL
FLIGHT,VY7721-DEO-DWM-81098176,PUJ,YEG,ZU1297,2026-08-06,2025-11-29,250,33,163,0.7718,FORECAST
FLIGHT,BV2153-RMD-DKD-11627143,PUJ,YXE,ZU1297,2026-08-13,2026-07-14,30,86,175,0.0698,TARGET
FLIGHT,GG9680-BOD-DTJ-75052201,POP,YQX,ZU1297,2026-07-31,2025-10-04,300,32,206,0.0744,FORECAST
FLIGHT,CE7042-EWL-SXH-32381433,PUJ,YQB,ZU1297,2026-08-04,2025-03-22,500,15,187,0.5301,TARGET
FLIGHT,KL1263-OBU-BPY-96330225,POP,YXE,ZU1297,2026-09-08,2025-11-12,300,143,182,0.3050,ACTUAL
FLIGHT,FY2420-LTZ-NIE-54978064,PUJ,PUJ,OO5405,2026-09-12,2025-06-19,450,1,191,0.5533,FORECAST
FLIGHT,QU3645-IUR-OLY-97997425,PUJ,YYC,OO5405,2026-08-08,2026-08-01,7,28,87,0.3893,TARGET
FLIGHT,IK2770-LBZ-RZP-55056244,PUJ,YHZ,PU9526,2026-08-02,2026-07-12,21,1,181,0.2664,FORECAST
FLIGHT,AA0001-HHB-VUF-14890401,PUJ,YQX,BT9587,2026-07-19,2026-05-20,60,158,158,0.2492,TARGET
FLIGHT,CJ5244-RNI-YSC-53509043,PUJ,POP,ZS2708,2026-08-03,2025-03-21,500,2,177,0.9256,FORECAST
FLIGHT,EQ398-MGS-DUB-62046786,PUJ,PUJ,MJ076,2026-07-14,2026-01-15,180,79,79,0.7442,TARGET
FLIGHT,YG605-HYT-ARC-10007783,PUJ,YBG,MJ076,2026-09-08,2025-09-23,350,13,162,0.1374,TARGET
FLIGHT,II5190-MOP-JUE-10830634,PUJ,YBG,FI4111,2026-08-21,2026-08-18,3,43,191,0.2765,FORECAST
FLIGHT,RA2224-JMN-CWN-51758666,POP,YYC,RY9082,2026-09-21,2026-09-14,7,50,191,0.5803,FORECAST
FLIGHT,LO9557-GRC-KUN-79972815,POP,YBG,SP0415,2026-07-31,2025-10-04,300,14,175,0.0000,FORECAST
FLIGHT,NZ1245-ACC-NVB-12418116,POP,POP,TA8733,2026-09-04,2026-06-06,90,76,189,0.6865,ACTUAL
FLIGHT,UZ8628-HLQ-WRA-58877968,POP,YBG,ZS6814,2026-08-18,2026-07-19,30,167,179,0.5981,TARGET
FLIGHT,WM6050-NQS-AZF-55288973,PUJ,YQB,HR2244,2026-07-12,2025-09-15,300,22,187,0.9084,ACTUAL
FLIGHT,XH260-YVV-GFE-27561758,PUJ,YYC,XK787,2026-07-11,2026-06-20,21,29,188,0.5005,TARGET
FLIGHT,SK7880-WRH-LEM-27382760,POP,YQR,MR5145,2026-08-25,2026-03-28,150,13,193,0.4883,TARGET
FLIGHT,VI7583-HLM-MHQ-82822706,POP,YHZ,MR5145,2026-08-29,2026-02-10,200,33,178,0.1809,ACTUAL
FLIGHT,AS6124-TEB-DRX-43597309,PUJ,YLW,MR5145,2026-07-18,2026-07-18,0,16,165,0.8572,FORECAST
FLIGHT,AR3360-DJN-PDL-11888827,POP,YQX,MR5145,2026-07-29,2025-03-16,500,123,175,0.1281,TARGET
FLIGHT,RN5066-ADC-MLK-86511503,PUJ,POP,MR5145,2026-07-10,2025-09-13,300,33,179,0.9241,ACTUAL
FLIGHT,VW6224-VJN-YFN-55615772,POP,YHM,MR5145,2026-07-06,2025-09-09,300,140,198,0.7763,TARGET
FLIGHT,MI6504-YKM-SMA-62853674,PUJ,YXE,MR5145,2026-07-02,2025-02-17,500,148,175,0.4997,ACTUAL
FLIGHT,SS0401-THS-ZKX-89818432,POP,YVR,MR5145,2026-07-08,2026-06-17,21,166,205,0.8162,TARGET
FLIGHT,KO3130-FFZ-AHO-35405334,POP,YQB,MR5145,2026-08-21,2025-09-05,350,10,180,0.6822,TARGET
FLIGHT,UY6851-SEM-CPW-58692742,POP,YYT,MR5145,2026-08-19,2025-05-26,450,129,195,0.8711,ACTUAL
FLIGHT,GO0193-MHT-YXT-86514364,POP,YYC,MR5145,2026-09-26,2025-08-22,400,170,170,0.9143,FORECAST
FLIGHT,QH4979-SEZ-ETD-08077858,POP,YOW,MR5145,2026-07-30,2025-11-22,250,53,181,0.5897,ACTUAL
FLIGHT,VE7517-UFQ-MHE-49487836,PUJ,YBG,MW9338,2026-08-02,2025-06-28,400,146,174,0.6881,ACTUAL
FLIGHT,PF3754-GKJ-PPR-01526074,PUJ,YXU,MW9338,2026-07-15,2026-05-31,45,49,174,0.6409,FORECAST
FLIGHT,VI7399-AKH-OSU-99155728,PUJ,YEG,MW9338,2026-08-16,2026-01-28,200,12,171,0.0349,TARGET
FLIGHT,QV6601-SVX-IMW-11608107,PUJ,YWG,MW9338,2026-08-14,2026-06-30,45,144,199,0.0651,TARGET
FLIGHT,RZ1118-ATR-CNN-08989112,POP,YKF,KM3143,2026-09-15,2026-03-19,180,162,162,0.0843,ACTUAL
FLIGHT,BR8557-MHI-DXW-62531640,PUJ,YQR,TI7269,2026-08-12,2026-05-29,75,81,189,0.0362,ACTUAL
FLIGHT,VS182-IYI-AIE-83242009,PUJ,YXS,VF588,2026-08-07,2026-04-09,120,2,190,0.3377,FORECAST
FLIGHT,PD302-UPC-VLC-33269018,PUJ,YHZ,CZ101,2026-07-19,2026-06-04,45,143,207,0.0000,ACTUAL
FLIGHT,LZ862-DPB-AQP-81329911,PUJ,POP,CZ101,2026-09-20,2026-07-22,60,91,200,0.7992,ACTUAL
FLIGHT,AV8175-TOW-ADV-19080479,PUJ,YQX,YJ2090,2026-09-30,2026-08-31,30,64,188,0.0071,FORECAST
FLIGHT,GB896-CVE-UNS-44655173,PUJ,YYC,BK044,2026-09-06,2026-06-23,75,137,210,0.4575,TARGET
FLIGHT,ED476-EFQ-TVQ-99242803,PUJ,YBG,BK044,2026-09-10,2026-07-27,45,87,188,0.6966,TARGET
FLIGHT,DS828-YOA-YIQ-59593897,POP,EWR,WH968,2026-08-15,2025-12-08,250,16,174,0.9155,TARGET
FLIGHT,UB024-HEI-AKB-49113808,POP,YHZ,RN010,2026-09-08,2025-11-12,300,20,181,0.8537,ACTUAL
FLIGHT,UY634-KSM-FNG-53522774,PUJ,YVR,RN010,2026-09-18,2026-08-28,21,0,172,0.2524,FORECAST
FLIGHT,XY9997-LYO-BND-85168862,PUJ,YQB,DK2293,2026-08-30,2025-04-17,500,117,166,0.2072,ACTUAL
FLIGHT,UO6927-YJH-QDC-99537660,PUJ,YYZ,XP8077,2026-08-06,2025-03-24,500,85,185,0.6510,FORECAST
FLIGHT,TX76N-FPV-BLD-15794238,PUJ,YHZ,EE44D,2026-09-10,2026-09-03,7,91,93,0.1694,FORECAST
FLIGHT,RF5588-EKX-ULN-29657542,PUJ,YXS,IY6332,2026-09-01,2026-06-03,90,151,183,0.9462,ACTUAL
FLIGHT,PH7112-EEX-TSA-77560858,PUJ,POP,IY6332,2026-09-22,2025-11-26,300,52,163,0.5158,TARGET
FLIGHT,RM4986-IPR-NZQ-62376008,PUJ,YOW,WK2572,2026-09-12,2026-09-09,3,15,210,0.4788,TARGET
FLIGHT,TT0342-DYG-IQX-54842035,POP,YHM,YV9266,2026-08-19,2026-05-21,90,37,177,0.3213,TARGET
FLIGHT,FO2766-SRZ-UHI-51502528,PUJ,YLW,ID2600,2026-07-08,2025-07-23,350,150,150,0.3452,ACTUAL
FLIGHT,NM4853-EAV-ZOP-58708943,PUJ,YYZ,YW6964,2026-08-14,2026-08-14,0,29,188,0.2105,ACTUAL
FLIGHT,UW0940-ZNL-MLX-82344538,POP,YHM,TC0312,2026-08-28,2026-07-29,30,156,165,0.1734,FORECAST
FLIGHT,YT2383-DSH-JRY-91800381,PUJ,PUJ,TC0312,2026-07-05,2025-02-20,500,103,199,0.0961,TARGET
FLIGHT,BQ374-LWY-MBD-70396101,POP,YXE,BD179,2026-09-29,2026-09-15,14,99,192,0.7610,ACTUAL
FLIGHT,ZE3993-IIM-AZM-06943069,POP,YOW,WZ4529,2026-08-06,2026-07-16,21,70,150,0.7450,TARGET
FLIGHT,IN6589-KEX-IPN-09606472,PUJ,YYC,SR9632,2026-07-24,2026-05-25,60,0,185,0.3870,TARGET
FLIGHT,YX6715-FBP-OUD-07404336,POP,YKF,SR9632,2026-09-23,2025-05-11,500,36,169,0.7234,ACTUAL
FLIGHT,GN686-JEZ-OXP-86268527,POP,YWG,NR001,2026-08-07,2026-05-09,90,19,182,0.7478,TARGET
FLIGHT,AA1617-GIJ-OSV-45923516,POP,YVR,PD3228,2026-08-12,2026-05-29,75,36,196,0.7553,FORECAST
FLIGHT,NQ5224-OMX-PLD-25837990,PUJ,YXU,PK7861,2026-07-26,2026-06-26,30,53,53,0.8949,ACTUAL
FLIGHT,ET3285-APW-DTN-12933213,POP,YHM,PK7861,2026-09-17,2026-09-14,3,153,180,0.7693,FORECAST
FLIGHT,AG1788-HZV-ZMZ-43167859,PUJ,YBG,PK7861,2026-08-18,2026-08-15,3,44,197,0.2445,TARGET
FLIGHT,KJ6202-DHK-WIZ-69223940,PUJ,YYZ,RH8865,2026-08-15,2026-02-16,180,0,180,0.1633,TARGET
FLIGHT,UU987-UWN-WMP-40877210,PUJ,YQT,MM269,2026-08-08,2025-07-04,400,68,180,0.6531,TARGET
FLIGHT,PC5573-DAL-FAR-98318730,POP,YDF,UC2486,2026-08-14,2026-02-15,180,139,207,0.4387,ACTUAL
FLIGHT,HF4656-QJY-CKJ-63517573,POP,YUL,UC2486,2026-09-02,2025-07-29,400,90,197,0.1000,TARGET
FLIGHT,XG1081-EIM-JHX-78624301,POP,YQM,UC2486,2026-09-18,2025-08-14,400,96,174,0.9877,FORECAST
FLIGHT,MY6997-QIF-BBU-14144246,POP,YXE,UC2486,2026-08-09,2025-07-05,400,138,161,0.5882,TARGET
FLIGHT,HG3085-JJC-QUJ-36602093,PUJ,YXU,ID2600,2026-08-13,2026-02-14,180,140,181,0.4619,ACTUAL
FLIGHT,BX9367-EYU-KBX-28004177,POP,YQT,ID2600,2026-08-09,2026-01-21,200,76,192,0.0000,TARGET
FLIGHT,HT5260-QUR-LGF-98734011,PUJ,YVR,DU3168,2026-08-02,2026-01-14,200,28,175,0.3171,ACTUAL
FLIGHT,VL7052-TLB-RMR-74412359,POP,YXE,QP6400,2026-08-02,2026-04-04,120,185,194,0.2439,TARGET
FLIGHT,XP4645-KBO-VEQ-31018508,POP,YEG,HH2316,2026-09-05,2025-09-20,350,168,168,0.6860,TARGET
FLIGHT,OT374-DLU-QOC-99425059,PUJ,YXS,TT391,2026-08-23,2025-12-16,250,119,186,0.5014,FORECAST
FLIGHT,PP1405-ZOO-BEL-01554494,PUJ,YDF,ZD4601,2026-07-06,2026-05-07,60,182,182,0.4821,FORECAST
FLIGHT,DH78V-NYF-NQI-97042416,POP,YYT,EE44D,2026-08-25,2025-06-01,450,0,150,0.5436,TARGET
FLIGHT,WA6664-BKU-TSP-43087803,PUJ,POP,ZU1297,2026-08-23,2025-04-10,500,190,202,0.0281,TARGET
FLIGHT,IB7519-HTD-IMZ-03782803,POP,YFC,ZU1297,2026-09-01,2025-09-16,350,67,148,0.3590,ACTUAL
FLIGHT,UU0886-WCD-FYL-80443065,PUJ,YUL,ZU1297,2026-08-18,2026-07-19,30,79,193,0.2727,ACTUAL
FLIGHT,LB5633-PBN-TKU-11819613,POP,YLW,ZU1297,2026-09-19,2026-05-22,120,153,180,0.8655,FORECAST
FLIGHT,LW5733-QAO-TXE-66094044,POP,YDF,ZU1297,2026-08-01,2026-06-02,60,70,153,0.3903,FORECAST
FLIGHT,YL5624-CEN-VNO-68094059,POP,YBG,ZU1297,2026-08-16,2026-03-19,150,175,180,0.7750,TARGET
FLIGHT,NU1434-BWV-YGP-15243109,POP,YYC,ZU1297,2026-07-18,2025-12-30,200,99,159,0.9570,FORECAST
FLIGHT,II7658-WWG-TVY-01876927,PUJ,YVR,ZU1297,2026-08-26,2026-06-12,75,58,164,0.0917,FORECAST
FLIGHT,AR6249-ZKD-HGS-66057529,POP,YWG,ZU1297,2026-07-25,2026-07-25,0,138,185,0.6615,FORECAST
FLIGHT,JT9314-KHX-NKD-33861367,PUJ,YQT,ZU1297,2026-09-15,2026-01-08,250,121,126,0.6118,TARGET
FLIGHT,LX0411-PBQ-ESE-20925139,PUJ,POP,ZU1297,2026-07-27,2026-07-20,7,81,181,0.6498,ACTUAL
FLIGHT,ZF2896-LYP-VLJ-92039801,PUJ,YLW,OO5405,2026-08-12,2026-08-05,7,69,156,0.0223,FORECAST
FLIGHT,CX0753-TQP-CID-42642930,PUJ,YVR,OO5405,2026-08-04,2026-07-21,14,157,190,0.3873,ACTUAL
FLIGHT,XE2624-TZC-KEV-89328166,PUJ,YYZ,OO5405,2026-07-13,2026-06-22,21,98,170,0.0570,FORECAST
FLIGHT,DJ4537-DKU-BIK-19678778,POP,YQR,PU9526,2026-07-19,2026-01-20,180,66,172,0.9452,TARGET
FLIGHT,RL1475-NDN-XBZ-38495260,PUJ,YYZ,PU9526,2026-09-02,2026-08-30,3,67,183,0.1809,TARGET
FLIGHT,VL1113-UYT-SPY-73879278,PUJ,YQB,PU9526,2026-07-22,2026-06-07,45,27,181,0.6239,TARGET
FLIGHT,WV9426-TDL-IWR-97881412,PUJ,YEG,PU9526,2026-08-06,2026-04-08,120,112,176,0.5231,FORECAST
FLIGHT,ZX9599-YKZ-PCZ-94770071,POP,YEG,ZS2708,2026-07-28,2026-05-14,75,172,202,0.0763,ACTUAL
FLIGHT,QL694-JKC-WIF-15729914,PUJ,YXS,VY447,2026-07-10,2025-04-16,450,49,186,0.4490,ACTUAL
FLIGHT,QR9975-KQK-GPS-97881668,POP,YQT,EQ9753,2026-09-26,2026-09-12,14,46,175,0.6479,FORECAST
FLIGHT,CT456-CVX-KRD-81106994,POP,YQT,HR631,2026-08-11,2026-08-08,3,32,176,0.1660,ACTUAL
FLIGHT,CZ5704-LWG-XXH-04349481,PUJ,YYT,RY9082,2026-09-05,2025-08-01,400,41,181,0.5838,FORECAST
FLIGHT,EH7249-WWF-TFU-13324061,PUJ,YYT,QM3455,2026-08-15,2026-08-15,0,33,184,0.1657,ACTUAL
FLIGHT,EC3702-WNX-CMP-16727022,PUJ,YVR,SP0415,2026-09-14,2026-05-17,120,36,197,0.1719,FORECAST
FLIGHT,VD6018-NCS-DHY-64069580,PUJ,YXS,FK6982,2026-09-15,2026-03-19,180,66,174,0.2733,TARGET
FLIGHT,UI3737-WLC-IHL-35546222,POP,YOW,FK6982,2026-08-23,2026-02-04,200,135,190,0.2896,ACTUAL
FLIGHT,GF727-ZEZ-BNM-75490597,POP,YKF,PS289,2026-09-29,2026-07-31,60,87,185,0.0663,TARGET
FLIGHT,GY9393-VZT-MAM-26382391,PUJ,YHZ,TA8733,2026-08-23,2025-07-19,400,147,189,0.0911,ACTUAL
FLIGHT,LE4055-QSO-FHY-59199885,PUJ,YVR,TA8733,2026-07-12,2026-06-12,30,80,190,0.2372,TARGET
FLIGHT,QI0531-RUR-NKR-52288761,PUJ,YHM,TA8733,2026-07-20,2026-06-29,21,120,168,0.0695,ACTUAL
FLIGHT,IV4071-UFV-KHZ-46115552,POP,POP,TA8733,2026-09-21,2026-01-14,250,100,100,0.8818,ACTUAL
FLIGHT,CH0043-MEL-UMS-15393058,PUJ,YHM,TS7699,2026-09-24,2026-05-27,120,161,161,0.2611,FORECAST
FLIGHT,OG0060-ZHU-FZQ-97957377,POP,YUL,ZS6814,2026-08-06,2026-06-22,45,162,165,0.9889,ACTUAL
FLIGHT,LU4085-YRJ-FAJ-95492876,POP,YDF,MG1424,2026-09-29,2026-08-30,30,78,169,0.4383,ACTUAL
FLIGHT,UJ2378-GOU-NEH-14701260,POP,YUL,MG1424,2026-07-01,2025-12-13,200,191,191,0.1456,FORECAST
FLIGHT,ON7220-PZC-YUC-35033668,POP,YDF,FS5153,2026-08-13,2026-07-14,30,32,194,0.0986,TARGET
FLIGHT,VE022-BCO-HRF-26068686,POP,POP,XK787,2026-09-03,2025-06-10,450,2,188,0.1459,ACTUAL
FLIGHT,NP59M-KBZ-ZAY-02197976,PUJ,POP,EE44D,2026-07-07,2025-12-19,200,81,190,0.8882,TARGET
FLIGHT,VV3727-FLS-ZWA-63593121,PUJ,EWR,MR5145,2026-09-11,2026-09-11,0,160,192,0.6957,TARGET
FLIGHT,XG5195-BTN-EGH-44059389,POP,YWG,MR5145,2026-08-18,2026-05-20,90,4,180,0.4751,FORECAST
FLIGHT,RH3337-VQP-GVV-35805829,POP,YKF,MR5145,2026-09-29,2026-07-31,60,179,179,0.9185,ACTUAL
FLIGHT,AM3105-TUX-YLA-76140486,PUJ,POP,MR5145,2026-09-30,2026-09-23,7,35,168,0.8409,FORECAST
FLIGHT,QU4178-NPT-UZH-93693949,PUJ,YVR,MR5145,2026-07-18,2025-08-02,350,73,186,0.2736,TARGET
FLIGHT,KL7047-QOV-CEH-72873576,POP,YKF,MR5145,2026-07-25,2025-06-20,400,15,181,0.1192,FORECAST
FLIGHT,YD6195-WJN-OEG-90441850,PUJ,EWR,MR5145,2026-08-17,2026-03-20,150,52,168,0.5165,TARGET
FLIGHT,RM9384-CGP-AOQ-70330141,POP,YHM,MR5145,2026-07-02,2026-02-02,150,21,180,0.1556,ACTUAL
FLIGHT,YZ9367-IBQ-UNL-60022957,PUJ,YQM,KM3143,2026-08-09,2026-01-21,200,43,188,0.5511,FORECAST
FLIGHT,JC3728-FTD-FOC-64316958,POP,YXS,OO0143,2026-08-29,2026-06-15,75,154,183,0.3066,TARGET
FLIGHT,QH2697-UHM-BNH-01798210,PUJ,YQR,OO0143,2026-07-16,2026-04-17,90,32,182,0.8657,FORECAST
FLIGHT,TK9278-HWX-HFR-59683451,PUJ,YXE,OO0143,2026-09-03,2026-05-06,120,71,181,0.8531,FORECAST
FLIGHT,KY7290-HEC-VNK-15567337,PUJ,YLW,OO0143,2026-07-06,2026-07-06,0,118,184,0.9843,FORECAST
FLIGHT,NZ2094-QJW-UMC-80288239,PUJ,YDF,EW7257,2026-07-05,2025-05-31,400,41,125,0.6557,ACTUAL
FLIGHT,GW726-KNV-QGO-20045165,PUJ,YQT,CZ101,2026-07-18,2026-02-18,150,70,177,0.0523,FORECAST
FLIGHT,OK1777-QJE-LDB-81658878,POP,YYZ,YJ2090,2026-07-14,2026-04-15,90,69,200,0.5691,TARGET
FLIGHT,RO8250-RGV-JBY-01704764,PUJ,YEG,QB7299,2026-07-25,2025-08-09,350,162,162,0.3356,ACTUAL
FLIGHT,BW8899-YEC-FAG-08273636,PUJ,YKF,KJ6652,2026-09-04,2025-09-19,350,74,174,0.0091,ACTUAL
FLIGHT,DR9474-PCO-SSG-88684878,POP,YHZ,BX8549,2026-07-06,2025-04-12,450,57,182,0.2487,FORECAST
FLIGHT,PU7315-EZR-CLT-04361291,POP,YUL,BX8549,2026-07-27,2026-02-27,150,73,187,0.9381,TARGET
FLIGHT,VI344-BIW-RSA-21772074,PUJ,YXS,WH968,2026-07-21,2026-01-22,180,16,180,0.3139,ACTUAL
FLIGHT,YC035-GLR-HTT-52580009,POP,YHM,RN010,2026-09-05,2026-06-07,90,26,185,0.9964,FORECAST
FLIGHT,OI3881-YQW-AIW-00956394,POP,YKF,DK2293,2026-08-21,2026-04-23,120,11,179,0.9828,TARGET
FLIGHT,CV7030-GMX-WQP-33911584,PUJ,YQT,QS2044,2026-07-10,2026-06-26,14,33,94,0.8482,ACTUAL
FLIGHT,BD9276-HOW-UQM-28250994,POP,YDF,QS2044,2026-08-11,2026-08-08,3,127,162,0.1279,ACTUAL
FLIGHT,UP913-VYP-RYO-65530073,POP,YXU,DZ829,2026-08-11,2026-08-08,3,152,175,0.7486,ACTUAL
FLIGHT,CK2911-WGP-ZDO-85090255,POP,YXS,MG3024,2026-07-27,2025-08-11,350,115,187,0.1005,ACTUAL
FLIGHT,YL4026-ZHX-VLK-82430176,PUJ,YXE,MG3024,2026-08-12,2026-07-22,21,195,203,0.7161,ACTUAL
FLIGHT,WC4492-AWO-ISZ-26999699,POP,YQB,MG3024,2026-08-09,2026-07-19,21,99,163,0.3056,TARGET
FLIGHT,FH5521-MVV-LAY-58714692,POP,YKF,MG3024,2026-07-24,2026-07-17,7,78,165,0.1411,ACTUAL
FLIGHT,FT5634-FOP-PKZ-22592061,PUJ,YHZ,OQ8459,2026-09-03,2026-08-04,30,84,192,0.3001,TARGET
FLIGHT,IU8618-MVX-OAN-63201629,PUJ,YEG,MZ3963,2026-09-03,2026-08-31,3,59,177,0.7731,TARGET
FLIGHT,CJ4076-ETX-XCZ-43049134,PUJ,PUJ,MZ3963,2026-09-21,2026-09-14,7,31,185,0.8489,FORECAST
FLIGHT,HQ1180-URD-WRT-65583445,PUJ,YEG,MZ3963,2026-09-02,2025-09-17,350,152,200,0.1113,FORECAST
FLIGHT,WR9811-KTJ-RKH-40012762,PUJ,YBG,IZ9259,2026-08-14,2025-10-18,300,91,91,0.2158,TARGET
FLIGHT,EO1698-WRU-WGP-16115866,POP,YQB,UC2486,2026-09-26,2025-08-22,400,116,180,0.4728,TARGET
FLIGHT,UH0293-ADD-XEK-01860742,POP,YHZ,QP6400,2026-08-24,2025-07-20,400,6,176,0.8523,ACTUAL
FLIGHT,IN7541-RWX-EHZ-68810138,POP,YDF,BH8107,2026-07-10,2025-02-25,500,30,187,0.5685,FORECAST
FLIGHT,JP5398-TWC-GOB-54245190,POP,YYT,BH8107,2026-09-13,2025-09-28,350,147,147,0.1091,TARGET
FLIGHT,AF2406-ZLJ-PIO-69509041,PUJ,YEG,PL4289,2026-08-11,2026-02-12,180,36,196,0.1075,ACTUAL
FLIGHT,UQ3985-UUW-SXB-79965857,PUJ,YEG,SR9632,2026-07-28,2026-06-28,30,147,166,0.1068,TARGET
FLIGHT,PK804-LZE-TFN-76988979,PUJ,YDF,NR001,2026-08-09,2025-10-13,300,46,190,0.2969,TARGET
FLIGHT,BK203-CVH-VFT-88712320,PUJ,YWG,NR001,2026-08-28,2025-06-04,450,103,158,0.3292,ACTUAL
FLIGHT,TU214-LPJ-WJK-20302769,POP,YVR,CY415,2026-07-11,2026-01-12,180,53,185,0.7574,FORECAST
FLIGHT,GQ6827-RZI-YOE-64393304,POP,YFC,PK7861,2026-08-07,2026-07-24,14,40,186,0.0647,ACTUAL
FLIGHT,PN8705-WQY-APS-10651064,PUJ,YYT,PK7861,2026-08-23,2026-05-25,90,65,163,0.5354,FORECAST
FLIGHT,EG1820-YWM-QEZ-04810930,POP,YEG,PK7861,2026-08-27,2025-09-11,350,70,106,0.1060,FORECAST
FLIGHT,LF477-PPI-JYI-96493046,POP,YQR,HY236,2026-07-20,2026-07-20,0,119,147,0.1644,FORECAST
FLIGHT,FF0994-CPV-ZKG-04053198,PUJ,YEG,UC2486,2026-09-08,2026-06-25,75,0,162,0.9541,TARGET
FLIGHT,UJ5633-GYR-SEH-49524570,POP,YYZ,QN3070,2026-07-15,2026-05-31,45,2,199,0.7492,FORECAST
FLIGHT,SV9196-AUQ-JDX-58553730,POP,YQB,DU3168,2026-08-31,2025-12-24,250,2,205,0.6285,ACTUAL
FLIGHT,DO6350-NZY-JFW-72990438,PUJ,YKF,QP6400,2026-09-08,2026-07-25,45,0,173,0.8828,FORECAST
FLIGHT,OF1281-KMR-HRO-02785379,PUJ,YBG,XP0727,2026-08-02,2025-10-06,300,61,196,0.6320,ACTUAL
FLIGHT,WH5973-NYT-PBD-68525317,POP,YEG,KR0307,2026-08-03,2026-07-31,3,53,178,0.4348,FORECAST
FLIGHT,NW62S-MZL-RMX-36025368,POP,YQX,EE44D,2026-07-26,2026-07-19,7,44,176,0.9778,TARGET
FLIGHT,AW89W-UPB-MIS-37590447,POP,YWG,EE44D,2026-07-26,2025-09-29,300,178,200,0.7953,ACTUAL
FLIGHT,TZ3132-TJB-FVP-59425016,POP,YVR,ZU1297,2026-07-29,2026-05-30,60,64,192,0.3937,ACTUAL
FLIGHT,YH4926-GRS-YUR-74955910,POP,YYZ,ZU1297,2026-08-31,2025-06-07,450,142,182,0.4058,ACTUAL
FLIGHT,SE4567-VAQ-VUS-39350462,POP,YQR,ZU1297,2026-07-04,2025-12-16,200,6,196,0.4117,FORECAST
FLIGHT,YL5624-CEN-VNO-68094059,PUJ,YUL,ZU1297,2026-07-24,2026-07-21,3,151,183,0.1893,TARGET
FLIGHT,JV6169-XYB-JPV-61029654,PUJ,PUJ,ZU1297,2026-08-16,2025-05-23,450,84,177,0.7467,TARGET
FLIGHT,MO9964-KCD-LSU-05925687,POP,YQT,OO5405,2026-09-04,2026-08-28,7,85,192,0.1744,TARGET
FLIGHT,NZ4714-FIV-UHF-11190266,PUJ,YQR,PU9526,2026-09-16,2026-09-09,7,78,183,0.3101,FORECAST
FLIGHT,HK9682-QSA-DZI-08123563,PUJ,YDF,PU9526,2026-07-11,2025-09-14,300,173,173,0.1785,FORECAST
FLIGHT,ZB4441-LNY-MVH-05727562,PUJ,PUJ,MG5852,2026-09-09,2026-09-02,7,0,179,0.2282,TARGET
FLIGHT,KV9517-GHM-UMN-48143137,PUJ,YDF,ZS2708,2026-07-01,2026-06-17,14,4,171,0.0340,FORECAST
FLIGHT,JT4080-TCB-ANS-56981983,PUJ,YQR,ZS2708,2026-07-03,2025-07-18,350,21,183,0.9069,ACTUAL
FLIGHT,HP5583-QQG-XZH-31493254,POP,YQR,EQ9753,2026-07-07,2025-07-22,350,5,170,0.2180,ACTUAL
FLIGHT,HQ870-WKP-DNF-98475487,POP,YVR,HR631,2026-07-01,2025-09-04,300,55,178,0.9773,TARGET
FLIGHT,BJ9605-INS-ALB-84951704,POP,YXE,RY9082,2026-08-05,2026-06-06,60,156,177,0.6040,TARGET
FLIGHT,UY4373-HGC-FTG-86556850,POP,YEG,RY9082,2026-07-11,2025-04-17,450,133,361,0.0223,FORECAST
FLIGHT,YW0411-AQB-BUF-64913597,POP,YVR,AA5674,2026-07-12,2025-12-24,200,162,168,0.0000,ACTUAL
FLIGHT,BA0024-FAZ-CZE-77606625,PUJ,YQB,AA5674,2026-07-15,2025-07-30,350,46,199,0.9940,ACTUAL
FLIGHT,IT7567-LNI-MVN-76674913,POP,YXE,TA8733,2026-08-21,2026-07-07,45,173,189,0.3999,ACTUAL
FLIGHT,GY9393-VZT-MAM-26382391,PUJ,YOW,TA8733,2026-09-05,2025-11-09,300,86,183,0.2348,TARGET
FLIGHT,TE9478-VVP-ILZ-45603186,POP,YOW,TA8733,2026-07-01,2025-02-16,500,18,210,0.5722,FORECAST
FLIGHT,LL7717-AOO-LPN-62710610,POP,YQR,HR2244,2026-09-02,2025-11-06,300,130,171,0.5793,FORECAST
FLIGHT,OD9554-SYN-RIP-27604128,PUJ,YYT,FS5153,2026-09-03,2026-02-15,200,21,181,0.5967,ACTUAL
FLIGHT,VV3727-FLS-ZWA-63593121,POP,YLW,MR5145,2026-07-18,2026-07-18,0,164,167,0.3302,ACTUAL
FLIGHT,DU2178-RVX-RWQ-16266698,POP,YFC,MR5145,2026-09-16,2026-09-02,14,134,183,0.1223,ACTUAL
FLIGHT,HZ8217-WFX-YTK-21866782,POP,YXU,MR5145,2026-07-20,2026-06-05,45,107,196,0.9159,FORECAST
FLIGHT,DW6953-ULE-IVX-69360425,POP,PUJ,MR5145,2026-08-19,2025-09-03,350,41,176,0.5385,ACTUAL
FLIGHT,QL6429-NLG-YZT-99095471,PUJ,YYC,MR5145,2026-08-25,2026-08-04,21,31,173,0.0000,ACTUAL
FLIGHT,YK9919-FQS-VVE-17696038,POP,YLW,MR5145,2026-07-25,2026-04-26,90,175,189,0.0612,TARGET
FLIGHT,NJ3206-ZKT-HDE-48382790,PUJ,YKF,MW9338,2026-08-17,2026-08-10,7,184,192,0.3430,TARGET
FLIGHT,JS7038-HJD-AHC-11557701,PUJ,YHM,OO0143,2026-07-18,2025-12-30,200,115,196,0.1494,FORECAST
FLIGHT,KV4960-VMN-BOW-66471243,POP,YUL,OO0143,2026-07-12,2026-02-12,150,24,206,0.5634,TARGET
FLIGHT,AI666-BXY-WLV-22612471,POP,YQM,VF588,2026-07-21,2026-06-21,30,175,191,0.2070,FORECAST
FLIGHT,FM9549-ABC-XAH-80121924,PUJ,YQX,YJ2090,2026-09-17,2026-07-19,60,0,161,0.4699,FORECAST
FLIGHT,JU3236-FUT-QUF-59955114,POP,YQX,QB7299,2026-07-18,2025-06-13,400,4,174,0.2093,ACTUAL
FLIGHT,WZ1230-NUL-WLG-35174964,POP,YXU,QB7299,2026-07-06,2026-07-03,3,98,192,0.2990,FORECAST
FLIGHT,KE3563-ODA-VUW-89733561,POP,YFC,BX8549,2026-08-29,2025-11-02,300,173,173,0.3683,ACTUAL
FLIGHT,ED476-EFQ-TVQ-99242803,POP,YQX,BK044,2026-08-21,2026-07-22,30,81,186,0.3880,ACTUAL
FLIGHT,AD801-HVQ-UUB-52063572,POP,YDF,WH968,2026-07-13,2026-02-13,150,67,184,0.7554,FORECAST
FLIGHT,CU813-PSO-VUE-41742265,POP,YLW,RN010,2026-09-06,2026-08-30,7,17,202,0.5847,FORECAST
FLIGHT,YA273-XKR-XCB-79024756,PUJ,PUJ,RN010,2026-08-06,2026-08-03,3,2,190,0.8348,FORECAST
FLIGHT,NC654-HQJ-IDU-26326237,POP,YYZ,RN010,2026-09-25,2025-07-02,450,185,186,0.0000,ACTUAL
FLIGHT,VE1782-WOO-CBY-50183255,POP,YXE,QS2044,2026-08-12,2026-02-13,180,0,168,0.8538,TARGET
FLIGHT,DV2137-PHA-MYX-26042359,PUJ,YWG,IY6332,2026-08-28,2026-06-29,60,73,194,0.2637,ACTUAL
FLIGHT,ED0314-FDY-OKD-88781794,PUJ,YXU,HA5069,2026-09-14,2026-08-24,21,176,190,0.0725,ACTUAL
FLIGHT,ZC5152-MZG-RIX-09112252,POP,YYZ,HA5069,2026-07-07,2026-06-16,21,168,168,0.3155,FORECAST
FLIGHT,ST3020-EBU-GBI-23227752,PUJ,YWG,MG3024,2026-09-23,2026-04-26,150,162,173,0.1776,FORECAST
FLIGHT,MO0636-ECS-QZM-55049444,PUJ,YEG,MG3024,2026-08-17,2025-07-13,400,154,173,0.4395,FORECAST
FLIGHT,SG3261-JYK-JGW-07963731,POP,YBG,MG3024,2026-08-12,2026-04-14,120,18,194,0.4327,ACTUAL
FLIGHT,GB2955-YVW-SMH-63726294,PUJ,YWG,OQ8459,2026-09-21,2026-09-14,7,16,183,0.6663,ACTUAL
FLIGHT,UM0252-GSI-YCE-09447726,PUJ,YOW,WK2572,2026-09-10,2026-02-22,200,40,97,0.1828,ACTUAL
FLIGHT,OD8830-BYS-ZSK-42887344,PUJ,YUL,TC0312,2026-07-18,2026-03-20,120,28,151,0.0825,TARGET
FLIGHT,NS0149-OCC-AYG-84715675,POP,YYZ,TC0312,2026-09-28,2026-09-07,21,117,183,0.0000,ACTUAL
FLIGHT,BV3857-NXF-YMJ-81638493,POP,YYC,TC0312,2026-09-18,2025-10-03,350,46,166,0.8501,ACTUAL
FLIGHT,NY5815-GTQ-YRL-21789559,POP,YXU,TC0312,2026-08-25,2026-07-26,30,51,353,0.1203,FORECAST
FLIGHT,YW2572-HCM-YXG-16037811,POP,YHZ,LC0517,2026-08-17,2026-04-19,120,78,361,0.7121,ACTUAL
FLIGHT,XX5130-NCA-TYE-21689745,POP,YOW,UE3587,2026-08-05,2025-03-23,500,27,193,0.0821,TARGET
FLIGHT,VR1403-BUP-KKT-84142024,PUJ,YXU,UC2486,2026-07-08,2026-03-10,120,25,209,0.7012,FORECAST
FLIGHT,ZY9294-FOW-BEC-50134339,POP,YXE,UC2486,2026-08-23,2026-08-23,0,95,190,0.0788,TARGET
FLIGHT,OC6504-IYD-LFN-44582969,POP,YXU,XP0727,2026-09-27,2026-09-24,3,139,190,0.9184,ACTUAL
FLIGHT,PG20T-EFK-ILB-80694097,POP,YBG,EE44D,2026-07-25,2026-07-18,7,118,164,0.3204,ACTUAL
FLIGHT,CO6602-JJW-LMT-79181433,PUJ,EWR,ZU1297,2026-07-05,2025-05-31,400,104,189,0.0981,FORECAST
FLIGHT,QN0969-EKY-HHN-01099931,PUJ,YXS,ZU1297,2026-09-05,2026-07-07,60,33,187,0.0000,TARGET
FLIGHT,WJ6161-NAK-IHH-70736712,POP,YHM,ZU1297,2026-07-29,2026-07-08,21,19,176,0.9502,FORECAST
FLIGHT,YI7414-CFV-IAV-43968483,PUJ,YFC,OO5405,2026-07-18,2026-05-04,75,54,180,0.7741,TARGET
FLIGHT,RW6569-SNW-XHR-74477134,PUJ,YEG,OO5405,2026-09-24,2026-06-26,90,96,164,0.0000,TARGET
FLIGHT,DH1565-GWM-NPC-36463514,POP,YUL,PU9526,2026-09-09,2025-09-24,350,5,195,0.1224,FORECAST
FLIGHT,IV4865-OIG-AME-06814849,POP,EWR,PU9526,2026-08-09,2026-08-09,0,41,167,0.1383,ACTUAL
FLIGHT,KB1541-PPM-LOR-66100005,PUJ,YEG,BT9587,2026-08-21,2025-10-25,300,119,176,0.1725,TARGET
FLIGHT,HY8183-UTF-ILD-67917761,PUJ,YUL,ZS2708,2026-07-13,2026-07-13,0,106,177,0.6551,FORECAST
FLIGHT,DE3315-VHI-TPM-21741037,PUJ,YVR,EQ9753,2026-07-24,2025-08-08,350,96,198,0.9001,TARGET
FLIGHT,GY9393-VZT-MAM-26382391,PUJ,PUJ,TA8733,2026-09-19,2025-08-15,400,173,182,0.9001,FORECAST
FLIGHT,TA4389-YGK-HDO-32461552,PUJ,YHM,TA8733,2026-08-02,2026-07-26,7,30,186,0.8589,TARGET
FLIGHT,XR8276-WHI-GZT-46357188,PUJ,YWG,UW3816,2026-08-08,2026-06-24,45,8,198,0.0000,ACTUAL
FLIGHT,XU5656-WXO-TWD-67127944,POP,PUJ,OW6432,2026-09-19,2026-09-16,3,86,168,0.9989,FORECAST
FLIGHT,CN6556-HUN-HAB-43359015,POP,YLW,OW6432,2026-07-19,2025-03-06,500,9,194,0.6949,FORECAST
FLIGHT,BL4794-XQS-QHA-18608075,POP,YQM,MG1424,2026-09-18,2026-06-20,90,125,171,0.1842,FORECAST
FLIGHT,OD9554-SYN-RIP-27604128,PUJ,YBG,FS5153,2026-08-25,2026-06-26,60,106,206,0.0494,TARGET
FLIGHT,JZ70U-JWR-NVA-16561246,POP,YQX,EE44D,2026-07-17,2025-12-29,200,108,172,0.1661,FORECAST
FLIGHT,SD9179-SOA-ZKO-97310802,POP,YUL,MR5145,2026-09-29,2026-07-31,60,15,152,0.5127,ACTUAL
FLIGHT,QD5474-GWF-ZUT-95575538,POP,YQX,MR5145,2026-08-24,2026-04-26,120,87,87,0.1572,TARGET
FLIGHT,HS3381-RSI-KUI-97515238,POP,YEG,MR5145,2026-07-22,2026-06-22,30,180,183,0.4004,TARGET
FLIGHT,DA0726-BOM-QVL-16406400,PUJ,YOW,MR5145,2026-07-07,2025-12-19,200,36,181,0.4429,ACTUAL
FLIGHT,DY5765-CLB-EDQ-64598219,POP,YQX,MR5145,2026-08-10,2026-03-13,150,89,178,0.2420,ACTUAL
FLIGHT,UK7799-GVF-IMW-96492896,POP,YEG,MR5145,2026-09-28,2026-09-07,21,0,146,0.3011,TARGET
FLIGHT,KL7047-QOV-CEH-72873576,PUJ,YXU,MR5145,2026-08-05,2026-05-22,75,34,182,0.2015,TARGET
FLIGHT,QL6429-NLG-YZT-99095471,POP,YDF,MR5145,2026-09-27,2026-03-11,200,14,195,0.2976,ACTUAL
FLIGHT,HS0019-SAO-XHS-48834039,POP,YDF,MR5145,2026-08-17,2025-10-21,300,43,131,0.8457,FORECAST
FLIGHT,HS1613-XKZ-AEJ-85525687,PUJ,YXS,OO0143,2026-09-18,2026-03-02,200,64,197,0.9467,TARGET
FLIGHT,YQ9729-ZKL-ALL-24110871,PUJ,YQX,OO0143,2026-09-26,2026-01-19,250,27,92,0.2477,TARGET
FLIGHT,VG755-RIT-DEU-82642491,POP,YHM,VF588,2026-07-11,2025-02-26,500,130,183,0.9560,ACTUAL
FLIGHT,UA3970-XXT-PXZ-04922105,PUJ,POP,QB7299,2026-09-15,2026-09-01,14,41,171,0.2711,FORECAST
FLIGHT,IY0539-IOO-EUG-13336143,PUJ,YYZ,QB7299,2026-09-22,2026-04-25,150,164,171,0.0282,ACTUAL
FLIGHT,HU4998-YKA-GBQ-38924490,PUJ,YUL,KJ6652,2026-09-24,2026-09-24,0,155,186,0.5367,FORECAST
FLIGHT,AZ071-VGN-WKY-91061835,POP,YFC,BK044,2026-09-01,2025-11-05,300,81,145,0.3397,ACTUAL
FLIGHT,EA124-QJJ-DOC-54439618,POP,YWG,BK044,2026-09-29,2025-05-17,500,15,204,0.9852,ACTUAL
FLIGHT,NG180-YYB-SRX-63316659,POP,YDF,RN010,2026-09-07,2025-09-22,350,61,200,0.4548,ACTUAL
FLIGHT,FZ0244-ZKV-QTB-23702402,PUJ,YHM,QS2044,2026-07-04,2026-04-20,75,21,97,0.8970,ACTUAL
FLIGHT,VB8779-RBR-PJK-63473728,PUJ,YVR,QS2044,2026-08-07,2026-07-31,7,21,174,0.3793,FORECAST
FLIGHT,EE883-IYC-GHZ-51390143,PUJ,YQR,BD179,2026-08-08,2025-07-04,400,9,188,0.1138,ACTUAL
FLIGHT,BE3251-APW-CLL-58709404,POP,YQT,KM3143,2026-08-25,2025-07-21,400,169,169,0.8634,TARGET
FLIGHT,PS5127-SQG-DFY-42853541,PUJ,YXE,SR9632,2026-07-19,2026-06-04,45,97,216,0.5510,FORECAST
FLIGHT,BP0783-YRV-UJO-84830348,PUJ,YYT,PK7861,2026-09-08,2026-05-11,120,0,186,0.5967,TARGET
FLIGHT,JW6352-VXH-ZKN-11882038,POP,PUJ,ID2600,2026-09-16,2026-09-02,14,25,179,0.8421,TARGET
FLIGHT,VC0793-WFW-EML-27825463,POP,YQB,XP0727,2026-07-25,2026-06-25,30,156,183,0.0081,ACTUAL
FLIGHT,BD8830-IDW-VKU-44747334,PUJ,YYZ,KR0307,2026-09-08,2025-06-15,450,174,176,0.5153,TARGET
FLIGHT,PX7282-PMS-KVQ-87089426,POP,YVR,ZD4601,2026-07-11,2026-04-12,90,165,178,0.8738,ACTUAL
FLIGHT,RV3167-EGE-JMX-44710606,PUJ,YYT,ZU1297,2026-09-01,2026-08-29,3,71,150,0.1753,ACTUAL
FLIGHT,YC3734-KIE-JPY-11558221,PUJ,POP,ZU1297,2026-08-30,2026-07-16,45,76,167,0.0865,ACTUAL
FLIGHT,AU8028-FDG-DWC-48241430,POP,YHZ,PU9526,2026-08-09,2025-03-27,500,0,181,0.7075,ACTUAL
FLIGHT,WV9426-TDL-IWR-97881412,PUJ,YDF,PU9526,2026-07-23,2026-07-02,21,73,162,0.1398,TARGET
FLIGHT,LD4164-RXX-NWM-89823973,POP,YLW,EQ9753,2026-09-21,2026-09-14,7,115,160,0.1058,FORECAST
FLIGHT,CN6556-HUN-HAB-43359015,POP,YQR,OW6432,2026-08-13,2026-04-15,120,38,191,0.1132,ACTUAL
FLIGHT,GP9730-SAK-HZG-01925186,POP,YVR,HR2244,2026-09-16,2025-10-01,350,69,183,0.5066,FORECAST
FLIGHT,VU20S-OVO-VMN-31009453,PUJ,YQM,EE44D,2026-08-31,2026-08-28,3,56,165,0.1574,ACTUAL
FLIGHT,VL9402-XZC-NSR-06813563,POP,YXU,MR5145,2026-07-18,2025-03-05,500,51,168,0.1598,FORECAST
FLIGHT,DG9604-PUK-YDU-04242584,POP,EWR,MR5145,2026-07-27,2026-07-06,21,44,176,0.8481,TARGET
FLIGHT,KB7904-OLL-FGY-03350123,POP,YQX,MR5145,2026-09-07,2025-09-22,350,147,190,0.1122,TARGET
FLIGHT,WF0416-QZS-GTW-42418504,POP,YHZ,MW9338,2026-09-05,2025-04-23,500,126,206,0.2268,ACTUAL
FLIGHT,US4994-ZUB-ZYD-89892662,POP,YXE,MW9338,2026-07-20,2026-06-05,45,56,174,0.0583,ACTUAL
FLIGHT,DR9474-PCO-SSG-88684878,POP,YKF,BX8549,2026-08-16,2026-05-18,90,65,186,0.7891,FORECAST
FLIGHT,AK1093-FXQ-ZFD-25285520,POP,YWG,BX8549,2026-08-08,2025-10-12,300,54,211,0.2805,ACTUAL
FLIGHT,XW880-FIE-PIG-41842435,PUJ,YHZ,WH968,2026-07-17,2026-04-18,90,134,197,0.7966,TARGET
FLIGHT,ZC027-NZU-HYA-90157304,PUJ,YQM,WH968,2026-08-06,2026-07-23,14,107,172,0.1584,ACTUAL
FLIGHT,OA0018-ZQS-IOW-57862180,PUJ,EWR,DK2293,2026-09-16,2026-07-03,75,175,175,0.4198,TARGET
FLIGHT,LY9781-KLI-EMU-09723602,POP,YQM,OE7573,2026-07-10,2026-04-11,90,173,180,0.8073,TARGET
FLIGHT,PM6696-TFY-FSL-33861941,PUJ,YQB,BH8107,2026-08-06,2026-07-23,14,0,164,0.8304,FORECAST
FLIGHT,VD6498-FQY-VYH-85974776,PUJ,YUL,PL4289,2026-07-14,2025-11-06,250,111,193,0.0000,ACTUAL
FLIGHT,YB2264-ELT-PVE-05548298,POP,YQB,SR9632,2026-08-05,2026-05-22,75,128,192,0.6494,ACTUAL
FLIGHT,RT4131-SQK-SMP-18321305,POP,POP,ID2600,2026-07-14,2025-04-20,450,46,178,0.3604,FORECAST
FLIGHT,PG3500-NWI-WKY-58048294,PUJ,YHM,ZU1297,2026-08-06,2026-01-18,200,48,83,0.9339,FORECAST
FLIGHT,MI4490-IHZ-SJX-61622277,PUJ,YQB,ZU1297,2026-09-29,2026-03-13,200,120,180,0.2452,ACTUAL
FLIGHT,SN0586-LHC-IVZ-34220704,POP,YVR,ZU1297,2026-07-28,2026-07-28,0,90,184,0.9645,TARGET
FLIGHT,IY4469-ORU-SJE-59634900,PUJ,YUL,PU9526,2026-08-04,2026-05-21,75,172,173,0.1656,FORECAST
FLIGHT,ST7853-EDW-WAC-33989309,PUJ,YUL,PU9526,2026-08-13,2026-02-14,180,54,198,0.0185,FORECAST
FLIGHT,IK2770-LBZ-RZP-55056244,POP,YBG,PU9526,2026-07-28,2026-07-07,21,152,160,0.5261,FORECAST
FLIGHT,JA0001-GYO-IGO-84710738,PUJ,YYZ,BT9587,2026-09-02,2026-08-19,14,26,181,0.3868,TARGET
FLIGHT,QR9975-KQK-GPS-97881668,PUJ,YXU,EQ9753,2026-09-23,2026-08-24,30,6,173,0.0496,TARGET
FLIGHT,OE2696-YMO-HIT-58601500,PUJ,YQT,TS7699,2026-08-02,2026-07-03,30,90,197,0.3664,FORECAST
FLIGHT,ZE2851-ICH-YMX-32558613,PUJ,YHZ,ZS6814,2026-09-01,2025-12-25,250,36,194,0.1813,ACTUAL
FLIGHT,UG835-ASH-EOL-32969486,POP,YBG,XK787,2026-07-23,2026-07-20,3,90,190,0.8050,ACTUAL
FLIGHT,AY2687-JXR-LDU-17661247,PUJ,YFC,RJ1024,2026-08-08,2026-03-11,150,105,175,0.4004,FORECAST
FLIGHT,PF4168-KXQ-VUI-53698105,POP,YXU,MR5145,2026-07-01,2025-07-16,350,72,187,0.0630,FORECAST
FLIGHT,AY5742-ALB-UBR-00018260,PUJ,YQR,MR5145,2026-07-06,2026-06-29,7,98,98,0.2730,FORECAST
FLIGHT,OS8105-DWH-DJN-92993386,PUJ,POP,MR5145,2026-08-15,2025-08-30,350,89,152,0.1974,ACTUAL
FLIGHT,DB1038-HUG-HCC-29797445,PUJ,YQT,BX8549,2026-08-28,2026-08-25,3,114,175,0.1026,TARGET
FLIGHT,NO463-CZX-SJK-23621903,PUJ,YQR,RN010,2026-07-22,2025-04-28,450,113,182,0.3440,TARGET
FLIGHT,UY634-KSM-FNG-53522774,PUJ,YKF,RN010,2026-08-16,2026-08-09,7,41,171,0.3432,FORECAST
FLIGHT,OT3599-VVK-URJ-38356999,POP,YQB,UE3587,2026-08-18,2025-09-02,350,19,189,0.1922,FORECAST
FLIGHT,OT3978-TKG-OPB-12493164,PUJ,POP,UC2486,2026-07-28,2026-07-28,0,147,196,0.8270,ACTUAL
FLIGHT,QG1357-CTB-SWG-66176588,POP,YQB,HR2244,2026-09-30,2026-08-31,30,97,352,0.3427,TARGET
FLIGHT,QD1052-CFI-AVP-66786198,POP,EWR,MR5145,2026-08-23,2026-06-09,75,125,200,0.7298,ACTUAL
FLIGHT,DU2178-RVX-RWQ-16266698,PUJ,YYC,MR5145,2026-09-11,2026-08-21,21,55,192,0.5668,TARGET
FLIGHT,NO1436-IRS-HMC-75908870,POP,YHM,MW9338,2026-07-26,2026-07-12,14,160,205,0.0674,FORECAST
FLIGHT,DH1117-LDP-HVG-58362492,POP,YQB,OO5405,2026-08-29,2026-07-30,30,151,191,0.0921,FORECAST
FLIGHT,DD21F-TBL-QQX-84193626,PUJ,YYC,EE44D,2026-08-02,2026-01-14,200,126,183,0.6946,TARGET
FLIGHT,YH2912-GUM-KXK-64414930,PUJ,POP,MR5145,2026-08-20,2026-08-17,3,51,199,0.9380,ACTUAL
FLIGHT,WZ1230-NUL-WLG-35174964,PUJ,YXS,QB7299,2026-07-11,2026-02-11,150,0,179,0.3079,FORECAST
FLIGHT,TL6784-JXM-AOR-90751991,PUJ,YYZ,PL4289,2026-09-04,2025-04-22,500,99,176,0.1380,FORECAST
FLIGHT,ZO12M-THO-SIT-99522529,PUJ,YLW,EE44D,2026-07-04,2026-06-13,21,154,178,0.5088,FORECAST
FLIGHT,JK52L-SPC-AOL-63353574,POP,POP,EE44D,2026-09-20,2026-08-21,30,58,177,0.4026,FORECAST
FLIGHT,JK52L-SPC-AOL-63353574,PUJ,YKF,EE44D,2026-07-17,2025-12-29,200,146,192,0.8324,TARGET
FLIGHT,XS81J-EAO-MVR-17006814,POP,YUL,EE44D,2026-08-18,2025-05-25,450,16,187,0.4165,ACTUAL
FLIGHT,OZ15B-AZP-NAC-75180077,POP,PUJ,EE44D,2026-08-19,2025-07-15,400,97,186,0.0942,FORECAST
FLIGHT,RI28J-LLO-NDQ-67706672,PUJ,YXS,EE44D,2026-09-17,2025-06-24,450,162,210,1.0064,FORECAST
FLIGHT,RI28J-LLO-NDQ-67706672,PUJ,YWG,EE44D,2026-09-19,2025-08-15,400,142,186,0.0410,FORECAST
FLIGHT,FO25T-PRH-GNO-40891205,PUJ,YBG,EE44D,2026-08-07,2026-02-08,180,34,198,0.9955,ACTUAL
FLIGHT,WB63O-BHL-KTL-91516761,PUJ,YHZ,EE44D,2026-07-02,2026-06-29,3,37,196,0.1586,FORECAST
FLIGHT,PG20T-EFK-ILB-80694097,POP,YQR,EE44D,2026-09-05,2026-06-22,75,69,185,0.6606,FORECAST
FLIGHT,RZ73U-RPD-RGU-41000665,POP,YWG,EE44D,2026-08-23,2025-10-27,300,110,196,0.9774,ACTUAL
FLIGHT,BK59Y-HXC-SSI-93449916,POP,YXU,EE44D,2026-09-15,2025-06-22,450,141,174,0.0000,TARGET
FLIGHT,CL90F-ZRO-TWR-26225557,PUJ,PUJ,EE44D,2026-09-11,2026-09-11,0,145,166,0.9653,FORECAST
FLIGHT,IA91W-YMC-NSG-13336345,POP,YDF,EE44D,2026-07-13,2025-04-19,450,5,204,0.1268,FORECAST
FLIGHT,JS46D-ZKF-UQN-81591567,PUJ,YQM,EE44D,2026-09-24,2026-01-17,250,27,171,0.9765,TARGET
FLIGHT,JU07W-SIS-DOU-90608125,POP,YWG,EE44D,2026-09-28,2026-04-01,180,15,172,0.8690,FORECAST
FLIGHT,DD21F-TBL-QQX-84193626,POP,POP,EE44D,2026-08-17,2026-04-19,120,7,172,0.0000,TARGET
FLIGHT,CN548-OML-OQC-59166551,POP,YQR,PS289,2026-07-26,2026-06-26,30,17,200,0.9107,TARGET
FLIGHT,ZO286-IEC-YGN-01714722,PUJ,EWR,PS289,2026-07-31,2026-01-12,200,26,156,0.4972,FORECAST
FLIGHT,VE945-GDS-MWZ-51644180,POP,EWR,PS289,2026-09-22,2026-09-22,0,178,188,0.8156,ACTUAL
FLIGHT,WD990-UTO-SRZ-96591311,PUJ,POP,PS289,2026-09-05,2026-05-08,120,98,169,0.9796,ACTUAL
FLIGHT,RP087-QXC-KOI-91671656,PUJ,YOW,PS289,2026-09-20,2026-09-17,3,87,157,0.1061,TARGET
FLIGHT,EU857-TJZ-BCK-41506898,POP,YKF,PS289,2026-09-13,2026-06-15,90,6,172,0.6640,ACTUAL
FLIGHT,YK149-MNO-LOV-16954023,POP,YXE,PS289,2026-09-14,2025-06-21,450,45,176,0.4935,FORECAST
FLIGHT,SI817-BIS-WNP-29427919,PUJ,YXS,PS289,2026-09-09,2026-09-09,0,174,174,0.0236,FORECAST
FLIGHT,JI2607-ZYQ-CSO-54373476,POP,YQT,CK9844,2026-08-24,2025-05-31,450,107,173,0.5519,TARGET
FLIGHT,KB5573-RKP-HNR-01192360,PUJ,YXU,CK9844,2026-08-15,2026-04-17,120,61,196,0.0000,ACTUAL
FLIGHT,GO6811-VRO-WEH-33510409,POP,POP,CK9844,2026-08-18,2026-04-20,120,23,209,0.2395,ACTUAL
FLIGHT,RO8494-POC-VFS-03500618,PUJ,EWR,OE7573,2026-08-08,2026-08-05,3,76,173,0.1091,ACTUAL
FLIGHT,TR3924-RJQ-CHA-04169105,POP,YEG,OE7573,2026-08-28,2026-07-14,45,93,196,0.7900,TARGET
FLIGHT,KP3855-XYD-ERY-17751239,POP,YDF,OE7573,2026-07-26,2025-09-29,300,9,195,0.0152,TARGET
FLIGHT,LY9781-KLI-EMU-09723602,POP,YYZ,OE7573,2026-08-05,2026-05-07,90,10,170,0.6398,TARGET
FLIGHT,LY9781-KLI-EMU-09723602,POP,YYC,OE7573,2026-09-24,2025-05-12,500,173,193,1.0028,FORECAST
FLIGHT,HQ0274-CJQ-KWO-26029254,POP,YQR,OE7573,2026-07-06,2026-06-22,14,32,188,0.2497,TARGET
FLIGHT,QX969-HGL-HZT-00585615,PUJ,YQR,KK064,2026-07-29,2026-07-15,14,21,190,0.6615,FORECAST
FLIGHT,UJ731-UKM-MHS-79255116,PUJ,YBG,KK064,2026-08-20,2025-07-16,400,58,194,0.5739,ACTUAL
FLIGHT,GA427-NGN-EQD-44471893,POP,YQX,KK064,2026-09-17,2025-06-24,450,0,195,0.5467,ACTUAL
FLIGHT,RU109-PWT-JDU-22487098,POP,YLW,KK064,2026-09-21,2026-01-14,250,16,173,0.0000,TARGET
FLIGHT,LV5441-DQD-ZYW-85136738,POP,YHZ,WZ4529,2026-09-09,2026-05-12,120,95,185,0.9040,FORECAST
FLIGHT,DF7283-MAG-AQP-64770906,POP,YYZ,WZ4529,2026-07-14,2026-01-15,180,4,176,0.1212,FORECAST
FLIGHT,VF6456-ITN-OJD-99160539,POP,YKF,WZ4529,2026-09-30,2026-07-17,75,82,181,0.5734,TARGET
FLIGHT,VB1815-RSD-GMR-29670742,POP,EWR,WZ4529,2026-09-05,2026-07-07,60,183,193,0.3120,FORECAST
FLIGHT,DA2140-ZYC-ERH-31955897,POP,YFC,WZ4529,2026-07-14,2026-05-30,45,9,9,0.2142,TARGET
FLIGHT,SS0359-ODP-PCP-03056870,POP,YQB,WZ4529,2026-09-01,2025-09-16,350,131,175,0.2183,ACTUAL
FLIGHT,CU7303-HFI-SZN-75745104,PUJ,POP,WZ4529,2026-07-11,2026-06-11,30,60,184,0.6917,ACTUAL
FLIGHT,PB7995-SWJ-ZPN-11107976,POP,YQX,WZ4529,2026-08-11,2026-05-28,75,66,161,0.6945,FORECAST
FLIGHT,BY3996-EMH-POS-27110735,POP,YXU,WZ4529,2026-08-27,2026-03-30,150,96,181,0.4698,TARGET
FLIGHT,BY3996-EMH-POS-27110735,PUJ,YQR,WZ4529,2026-08-27,2026-03-30,150,183,183,0.3352,TARGET
FLIGHT,FB4713-OFV-PDC-75957498,PUJ,YQM,HA5069,2026-09-17,2026-06-19,90,113,166,0.7598,TARGET
FLIGHT,OE2145-WKS-HWP-66189437,PUJ,YKF,HA5069,2026-08-21,2026-03-24,150,33,191,0.0841,FORECAST
FLIGHT,JU0394-MIA-QHB-37360601,PUJ,YYC,HA5069,2026-07-31,2026-07-10,21,91,177,0.4655,TARGET
FLIGHT,CH4261-XXS-VEG-72450184,POP,YLW,XP8077,2026-07-11,2026-05-27,45,146,191,0.2535,TARGET
FLIGHT,DY3599-NMW-XBL-77980660,POP,YOW,XP8077,2026-08-11,2025-05-18,450,10,204,0.8104,ACTUAL
FLIGHT,GS2051-JNZ-AXO-45553470,POP,YHZ,XP8077,2026-08-17,2025-09-01,350,121,202,0.4241,ACTUAL
FLIGHT,KO4238-YRU-KXM-52715598,POP,YKF,XP8077,2026-09-27,2026-09-20,7,74,96,0.5507,TARGET
FLIGHT,ZO5225-ADG-SJQ-84882691,POP,YXE,XP8077,2026-09-28,2026-09-07,21,16,168,0.6541,FORECAST
FLIGHT,ZO5225-ADG-SJQ-84882691,POP,YHM,XP8077,2026-09-27,2025-10-12,350,150,184,0.1931,TARGET
FLIGHT,NL5358-LCW-EKW-38921878,POP,YHM,XP8077,2026-08-21,2025-04-08,500,28,160,0.5738,TARGET
FLIGHT,SD1918-NXF-XGH-92207151,PUJ,YOW,XP8077,2026-07-09,2025-02-24,500,31,186,0.9586,TARGET
FLIGHT,DM9666-WPE-KFD-45264712,POP,YUL,XP8077,2026-09-15,2026-09-01,14,23,189,0.9356,TARGET
FLIGHT,IM3351-KOY-DQI-09080512,PUJ,YUL,XP8077,2026-07-26,2026-07-05,21,130,160,0.4703,TARGET
FLIGHT,CK3523-PGZ-MBL-07918158,PUJ,YEG,XP8077,2026-08-22,2026-03-25,150,72,167,0.3543,FORECAST
FLIGHT,XS8250-RAB-JMG-58068828,POP,YXE,XP8077,2026-07-06,2026-02-06,150,12,159,0.2208,ACTUAL
FLIGHT,XS8250-RAB-JMG-58068828,POP,YVR,XP8077,2026-07-25,2026-07-11,14,1,196,0.4339,FORECAST
FLIGHT,DY0037-AYX-SAO-03780886,POP,YWG,PK7861,2026-09-18,2026-07-20,60,88,176,0.2177,FORECAST
FLIGHT,OE6765-VIC-YTQ-28179477,PUJ,YUL,PK7861,2026-08-30,2025-11-03,300,105,163,0.6271,TARGET
FLIGHT,OD9851-PNS-VMR-06455442,POP,YUL,PK7861,2026-08-25,2025-09-09,350,68,215,0.3790,ACTUAL
FLIGHT,QL9342-QRG-UZS-03979978,PUJ,YKF,PK7861,2026-08-06,2026-07-07,30,35,175,0.2382,ACTUAL
FLIGHT,AM6686-UVY-BMU-73476714,POP,YQT,PK7861,2026-08-12,2026-01-24,200,146,189,0.4251,ACTUAL
FLIGHT,AM6686-UVY-BMU-73476714,POP,YHM,PK7861,2026-09-13,2026-08-23,21,155,173,0.0988,ACTUAL
FLIGHT,TK9403-RSL-KZX-46565317,PUJ,YQT,PK7861,2026-08-16,2026-04-18,120,1,192,0.1736,ACTUAL
FLIGHT,BQ7300-EXC-AVE-73663256,PUJ,YQR,PK7861,2026-09-02,2025-04-20,500,50,180,0.0127,TARGET
FLIGHT,VZ7322-XGJ-QOI-93916601,POP,POP,PK7861,2026-08-11,2025-05-18,450,34,179,0.0682,FORECAST
FLIGHT,PD6458-DAJ-LYP-34669447,POP,YDF,PK7861,2026-07-25,2025-03-12,500,0,175,0.4729,ACTUAL
FLIGHT,PD6458-DAJ-LYP-34669447,PUJ,YXS,PK7861,2026-08-16,2026-08-16,0,30,193,0.1356,ACTUAL
FLIGHT,NA4903-PMI-OIO-69116122,POP,YLW,PK7861,2026-09-25,2026-09-11,14,7,183,0.9560,ACTUAL
FLIGHT,KQ9333-LER-NWW-60138550,PUJ,PUJ,PK7861,2026-09-11,2026-02-23,200,15,183,0.1123,ACTUAL
FLIGHT,DV9396-ROC-QNZ-71708049,POP,YHZ,PK7861,2026-07-27,2026-05-13,75,136,186,0.1959,TARGET
FLIGHT,CW2524-FGK-EKX-60085894,POP,EWR,PK7861,2026-09-04,2026-08-28,7,108,190,0.3692,FORECAST
FLIGHT,JY5263-YWJ-QQR-23725442,POP,YQM,PK7861,2026-08-14,2026-08-14,0,73,175,0.7140,TARGET
FLIGHT,TG1526-EDV-UBP-41443010,PUJ,YQR,PK7861,2026-08-03,2025-05-10,450,152,206,0.2938,TARGET
FLIGHT,CP8602-DLS-SEP-94376382,PUJ,YXS,PK7861,2026-07-05,2026-04-21,75,28,159,0.5375,ACTUAL
FLIGHT,PJ9033-DFF-FHT-54807047,POP,YQX,PK7861,2026-08-09,2026-03-12,150,75,196,0.8292,FORECAST
FLIGHT,GV1483-ZMR-OJO-77407036,PUJ,EWR,PK7861,2026-08-01,2026-07-18,14,133,163,0.1342,FORECAST
FLIGHT,GQ6827-RZI-YOE-64393304,POP,YFC,PK7861,2026-08-11,2026-07-28,14,64,196,0.2572,FORECAST
FLIGHT,IS9010-XQM-DZM-47904991,PUJ,YUL,PK7861,2026-09-02,2025-06-09,450,30,188,0.8403,FORECAST
FLIGHT,HO7290-RXI-VXQ-96539450,PUJ,YWG,PK7861,2026-07-28,2026-05-14,75,0,179,0.0676,ACTUAL
FLIGHT,HO5480-YPQ-ALH-83385693,PUJ,YYT,PK7861,2026-07-21,2026-07-18,3,170,192,0.5582,ACTUAL
FLIGHT,CL0632-ZWI-AKD-02658387,PUJ,YOW,PK7861,2026-08-01,2026-01-13,200,18,191,0.9054,FORECAST
FLIGHT,YL7365-VJW-VAJ-49272809,PUJ,YEG,PK7861,2026-09-06,2026-09-06,0,142,204,0.2820,TARGET
FLIGHT,MG3092-HLM-LIA-30799154,POP,YEG,PK7861,2026-09-12,2026-09-09,3,195,213,0.7244,TARGET
FLIGHT,EG1820-YWM-QEZ-04810930,PUJ,YYZ,PK7861,2026-07-26,2026-05-27,60,81,180,0.6444,FORECAST
FLIGHT,HQ1518-FPE-VGY-82642951,PUJ,YHM,PK7861,2026-08-27,2026-08-06,21,56,207,0.3354,TARGET
FLIGHT,QK2557-VNY-QZQ-15590308,PUJ,YUL,PK7861,2026-09-10,2025-09-25,350,61,187,0.0275,ACTUAL
FLIGHT,UP7459-FLJ-WDE-38724937,POP,YXS,PK7861,2026-07-23,2025-03-10,500,136,168,0.6513,TARGET
FLIGHT,TP9007-BWJ-KLT-48496741,POP,YYC,PK7861,2026-08-13,2026-07-14,30,102,168,0.6032,ACTUAL
FLIGHT,NN2395-ZNV-PDE-55935027,PUJ,YXE,PK7861,2026-09-10,2026-04-13,150,143,184,0.0999,TARGET
FLIGHT,LN2168-VGG-LZV-76680895,POP,YQT,PK7861,2026-08-26,2025-09-10,350,129,180,0.1115,TARGET
FLIGHT,ZH3064-ATW-QAK-87715559,PUJ,YYC,SR9632,2026-08-24,2026-08-03,21,78,187,0.5201,FORECAST
FLIGHT,ZH3064-ATW-QAK-87715559,PUJ,YXE,SR9632,2026-07-17,2025-03-04,500,139,189,0.7422,ACTUAL
FLIGHT,LV9997-OYH-XOZ-93957955,PUJ,YYZ,SR9632,2026-09-27,2025-12-01,300,5,175,0.2528,ACTUAL
FLIGHT,LV9997-OYH-XOZ-93957955,POP,YHM,SR9632,2026-09-28,2026-09-25,3,3,152,0.6794,FORECAST
FLIGHT,CS2474-VCC-CPV-36703862,PUJ,YHM,SR9632,2026-09-05,2025-09-20,350,123,176,0.6151,TARGET
FLIGHT,LM7611-FLR-JXF-33008056,POP,YYC,SR9632,2026-08-25,2025-04-12,500,0,184,0.1892,TARGET
FLIGHT,HB8292-UIU-REQ-73210788,PUJ,YXU,SR9632,2026-07-04,2026-06-27,7,139,199,0.9915,TARGET
FLIGHT,GC2736-LYJ-RLE-20720197,PUJ,YQX,SR9632,2026-07-24,2026-06-09,45,172,180,0.0863,TARGET
FLIGHT,EN2300-GNA-OEE-35028303,POP,YQB,SR9632,2026-07-02,2026-06-29,3,123,167,0.7966,TARGET
FLIGHT,PN4296-WFQ-ASE-41150509,PUJ,PUJ,SR9632,2026-08-18,2026-05-20,90,95,176,0.6127,ACTUAL
FLIGHT,ZN9961-XXY-GDK-25523228,POP,YOW,SR9632,2026-07-07,2026-06-30,7,92,361,0.2177,FORECAST
FLIGHT,NC4229-HLW-KWY-45920559,POP,YQR,SR9632,2026-07-01,2025-09-04,300,182,182,0.2607,FORECAST
FLIGHT,DU5603-GQV-PXR-85285898,PUJ,YUL,SR9632,2026-07-12,2026-07-12,0,40,164,0.8657,ACTUAL
FLIGHT,FE3385-JAH-GNS-99528502,POP,YHM,SR9632,2026-09-26,2025-08-22,400,101,101,0.1560,FORECAST
FLIGHT,LW7020-BND-PIC-36445947,PUJ,YQT,SR9632,2026-07-28,2025-03-15,500,29,166,0.5509,FORECAST
FLIGHT,ZM1218-SHV-TCU-27065076,PUJ,YWG,SR9632,2026-07-17,2025-09-20,300,89,161,0.2042,FORECAST
FLIGHT,ZM1218-SHV-TCU-27065076,PUJ,YDF,SR9632,2026-07-22,2025-11-14,250,4,189,0.0174,TARGET
FLIGHT,DE2283-UWU-ALM-44685304,POP,YHM,SR9632,2026-07-13,2025-11-05,250,167,184,0.1902,ACTUAL
FLIGHT,ZG3276-GSX-TBI-60082369,POP,YEG,SR9632,2026-09-03,2026-08-27,7,61,197,0.1752,TARGET
FLIGHT,MX2690-FVF-EBS-75506179,POP,YHM,SR9632,2026-08-06,2025-10-10,300,173,173,0.2864,TARGET
FLIGHT,ZU9210-KHA-PCF-26008228,PUJ,YYC,SR9632,2026-07-29,2026-01-30,180,93,169,0.3319,ACTUAL
FLIGHT,HU7742-OYB-KJT-85788728,PUJ,YXS,SR9632,2026-09-24,2025-08-20,400,150,150,0.4917,ACTUAL
FLIGHT,IN6589-KEX-IPN-09606472,PUJ,YLW,SR9632,2026-07-22,2025-09-25,300,0,190,0.9390,FORECAST
FLIGHT,TN5974-IYF-LEM-94204164,PUJ,YQR,SR9632,2026-07-21,2026-07-14,7,58,168,0.3066,TARGET
FLIGHT,YZ9768-DXV-MYA-85571749,PUJ,YDF,SR9632,2026-07-19,2026-06-04,45,119,189,0.5915,ACTUAL
FLIGHT,QM2405-OII-KAS-99863245,POP,YKF,SR9632,2026-08-01,2026-06-17,45,0,154,0.1968,FORECAST
FLIGHT,YH5279-DDD-CWB-85184668,POP,YKF,SR9632,2026-07-30,2026-01-11,200,18,82,0.8651,ACTUAL
FLIGHT,YB2264-ELT-PVE-05548298,POP,YXU,SR9632,2026-08-27,2026-04-29,120,100,176,1.0162,TARGET
FLIGHT,SR2267-HVZ-DFY-34388804,PUJ,YFC,BH8107,2026-07-11,2025-12-23,200,29,166,0.2485,FORECAST
FLIGHT,QL1420-ELT-HMJ-50282313,POP,YVR,BH8107,2026-09-13,2026-09-13,0,97,163,1.0337,TARGET
FLIGHT,NE9179-EMZ-KZC-73281629,POP,YVR,BH8107,2026-09-22,2026-09-22,0,69,152,0.2712,FORECAST
FLIGHT,GX4502-TKQ-MOY-60304093,POP,YQT,BH8107,2026-09-08,2026-05-11,120,104,104,0.1750,TARGET
FLIGHT,DH8825-ZHF-BYR-31681636,POP,YWG,BH8107,2026-09-09,2026-08-10,30,64,166,0.5155,FORECAST
FLIGHT,OX1886-YEN-HSL-61266783,PUJ,YXS,BH8107,2026-07-16,2026-07-13,3,4,170,0.0843,TARGET
FLIGHT,AL5737-DGR-QPX-40223461,POP,YXU,BH8107,2026-09-06,2025-09-21,350,11,202,0.4251,FORECAST
FLIGHT,PD8301-RDO-WSY-60757898,PUJ,YYC,BH8107,2026-09-02,2026-08-30,3,0,168,0.3413,TARGET
FLIGHT,CP9854-SBY-BJW-90372954,PUJ,YQM,BH8107,2026-09-01,2025-09-16,350,178,178,0.8233,FORECAST
FLIGHT,JE2241-WTQ-ZXH-06323654,PUJ,POP,BH8107,2026-08-18,2026-07-04,45,0,193,0.8915,ACTUAL
FLIGHT,AD8144-IFJ-YRI-20243509,POP,YFC,BH8107,2026-09-19,2026-09-05,14,59,189,0.4589,FORECAST
FLIGHT,QF6110-UGK-MKT-42992023,POP,YKF,BH8107,2026-07-05,2026-05-06,60,3,158,0.6808,TARGET
FLIGHT,PM6696-TFY-FSL-33861941,PUJ,YQR,BH8107,2026-07-17,2026-07-10,7,131,150,0.9178,TARGET
FLIGHT,QO7464-HQV-KAQ-82570445,POP,YYZ,MG1424,2026-09-07,2025-06-14,450,135,201,0.3674,TARGET
FLIGHT,YL4283-LUQ-RPU-42109438,PUJ,YYC,MG1424,2026-07-31,2025-03-18,500,168,174,0.7285,TARGET
FLIGHT,QH9654-XQU-SJU-33805363,PUJ,YFC,MG1424,2026-07-24,2026-06-09,45,172,192,0.4551,TARGET
FLIGHT,FI6302-YKY-XVU-78653578,PUJ,YEG,MG1424,2026-08-15,2026-06-16,60,174,174,0.7767,TARGET
FLIGHT,PT9844-WWD-RVL-19968327,POP,YYT,MG1424,2026-09-20,2025-11-24,300,38,187,0.8320,ACTUAL
FLIGHT,PT9844-WWD-RVL-19968327,POP,EWR,MG1424,2026-09-24,2026-07-11,75,146,159,0.0260,ACTUAL
FLIGHT,XN2890-QEH-PDA-59602339,PUJ,YDF,MG1424,2026-09-21,2026-08-31,21,0,183,0.3680,FORECAST
FLIGHT,QA4732-PZF-EIG-75811625,POP,YKF,MG1424,2026-07-10,2026-07-07,3,57,178,0.3435,FORECAST
FLIGHT,CZ3373-GZF-MVJ-08194448,PUJ,YQB,MG1424,2026-07-21,2026-07-14,7,77,173,0.3626,FORECAST
FLIGHT,BM2465-ECU-VZE-25624437,PUJ,POP,MG1424,2026-08-30,2026-08-09,21,183,183,0.0641,ACTUAL
FLIGHT,BM2465-ECU-VZE-25624437,PUJ,YBG,MG1424,2026-08-29,2026-04-01,150,56,208,0.3253,ACTUAL
FLIGHT,DP1856-TDW-CWX-78188758,POP,YQX,MG1424,2026-07-02,2026-06-11,21,16,180,0.6527,ACTUAL
FLIGHT,NQ5900-GOA-RNC-46391027,POP,YDF,MG1424,2026-08-29,2025-04-16,500,118,181,0.0584,FORECAST
FLIGHT,NQ5900-GOA-RNC-46391027,PUJ,YQT,MG1424,2026-09-15,2026-03-19,180,111,192,0.2553,TARGET
FLIGHT,XL6292-MMS-FHM-20134214,POP,YHZ,MG1424,2026-08-27,2026-08-06,21,30,212,0.3342,TARGET
FLIGHT,GY2882-UYH-TFW-75413870,PUJ,YOW,MG1424,2026-08-10,2025-05-17,450,136,193,0.5824,ACTUAL
FLIGHT,GY2882-UYH-TFW-75413870,POP,YFC,MG1424,2026-08-29,2026-04-01,150,28,191,0.2354,TARGET
FLIGHT,PY5360-AIY-KYJ-57942753,POP,POP,MG1424,2026-07-20,2025-08-04,350,27,188,0.1178,FORECAST
FLIGHT,OG7326-WSL-GOE-44497122,PUJ,YXU,MG1424,2026-09-11,2025-09-26,350,156,156,0.8459,ACTUAL
FLIGHT,IR9678-ZEN-HPM-92461059,PUJ,YKF,MG1424,2026-09-20,2025-05-08,500,93,105,0.4933,FORECAST
FLIGHT,IB1493-RVJ-PYL-43188645,POP,YQT,IY9170,2026-08-19,2026-08-16,3,104,155,0.7355,FORECAST
FLIGHT,RE3101-PCW-ODT-94574051,PUJ,YYZ,IY9170,2026-09-04,2026-02-16,200,0,191,0.7990,ACTUAL
FLIGHT,LT5176-HLF-IDH-02286710,POP,EWR,IY9170,2026-07-30,2026-01-31,180,2,170,0.8280,FORECAST
FLIGHT,MN5602-JSF-GLO-77414905,PUJ,YOW,IY9170,2026-09-24,2026-09-03,21,97,161,0.6680,TARGET
FLIGHT,MN5602-JSF-GLO-77414905,POP,YQR,IY9170,2026-07-29,2026-05-15,75,24,168,0.0378,ACTUAL
FLIGHT,PC7532-EWP-VTT-75261587,POP,YOW,IY9170,2026-09-29,2025-05-17,500,53,186,0.2517,FORECAST
FLIGHT,FJ8454-NOG-CVG-71741906,PUJ,YHZ,IY9170,2026-08-23,2026-08-02,21,138,170,0.2245,TARGET
FLIGHT,KP9656-IAA-CSC-54260782,POP,EWR,IY9170,2026-09-29,2025-10-14,350,98,193,0.9072,TARGET
FLIGHT,AV1818-PRL-BHO-43612514,POP,EWR,ZS6814,2026-09-06,2026-08-23,14,14,164,0.3987,TARGET
FLIGHT,FY6189-VCE-JCK-21219338,POP,YQM,ZS6814,2026-09-03,2026-08-20,14,165,187,0.7031,FORECAST
FLIGHT,IS4133-ASQ-IXK-52255494,POP,YHZ,ZS6814,2026-08-11,2025-10-15,300,9,157,0.3832,FORECAST
FLIGHT,RZ6020-YQE-RSN-81814335,POP,YVR,ZS6814,2026-08-28,2025-11-01,300,35,185,0.7922,FORECAST
FLIGHT,QI0927-AES-BZP-54224898,PUJ,YYT,ZS6814,2026-08-07,2025-05-14,450,27,178,0.6018,FORECAST
FLIGHT,BC4768-SRY-GMG-91596586,POP,YQT,ZS6814,2026-09-21,2026-06-23,90,52,178,0.0550,ACTUAL
FLIGHT,NG3457-BQV-CCP-59661446,PUJ,YXE,ZS6814,2026-09-30,2026-01-23,250,6,186,0.4197,FORECAST
FLIGHT,IA0267-CNC-OEZ-77539954,PUJ,YYZ,MR5145,2026-09-18,2026-08-19,30,139,190,0.8880,FORECAST
FLIGHT,BA4492-FSI-NZR-97616611,PUJ,YUL,MR5145,2026-09-29,2025-05-17,500,192,192,0.7341,ACTUAL
FLIGHT,DA3580-OOW-CBS-12045938,POP,YKF,MR5145,2026-09-10,2026-07-12,60,134,183,0.8557,ACTUAL
FLIGHT,TC2552-TDV-MLG-97944740,POP,YQM,MR5145,2026-09-24,2025-07-01,450,93,93,0.9052,ACTUAL
FLIGHT,QJ6740-PEJ-YQB-18799971,POP,YXS,MR5145,2026-08-30,2025-11-03,300,190,201,0.3077,ACTUAL
FLIGHT,QJ6740-PEJ-YQB-18799971,PUJ,YLW,MR5145,2026-08-05,2026-07-15,21,63,185,0.8525,TARGET
FLIGHT,OU3613-FBJ-BZM-32236281,POP,YBG,MR5145,2026-07-10,2026-07-07,3,56,159,0.0000,ACTUAL
FLIGHT,IE6786-XCO-QIA-54851206,PUJ,POP,MR5145,2026-09-03,2026-08-04,30,99,104,0.0373,FORECAST
FLIGHT,YP8125-TQH-GWS-91979368,POP,YYZ,MR5145,2026-08-29,2026-07-15,45,143,194,0.3616,TARGET
FLIGHT,KV2408-PWI-DKY-50757644,POP,YFC,MR5145,2026-09-20,2026-08-30,21,1,175,0.0672,FORECAST
FLIGHT,SM3921-JRZ-DSM-42404365,PUJ,YHZ,MR5145,2026-09-06,2026-02-18,200,111,185,0.9627,FORECAST
FLIGHT,FN6243-IWX-XDO-81480896,POP,EWR,MR5145,2026-08-26,2026-07-12,45,105,200,0.4113,FORECAST
FLIGHT,DF6662-VBN-RKM-60902885,POP,YYC,MR5145,2026-07-04,2025-07-19,350,142,158,0.4097,ACTUAL
FLIGHT,FT3956-CGM-CKZ-10037492,PUJ,YBG,MR5145,2026-09-02,2026-04-05,150,103,198,0.9547,FORECAST
FLIGHT,CO1003-UUK-PUB-58334943,PUJ,YOW,MR5145,2026-09-23,2026-07-10,75,40,171,0.2240,FORECAST
FLIGHT,AL4069-NLD-IQE-68272563,PUJ,YYT,MR5145,2026-08-13,2026-01-25,200,39,184,0.3048,ACTUAL
FLIGHT,SP0739-TLL-DHC-03986886,PUJ,YEG,MR5145,2026-09-08,2026-07-25,45,32,211,0.0441,FORECAST
FLIGHT,EL5922-PCT-FUA-74411486,POP,YDF,MR5145,2026-09-27,2026-09-06,21,80,195,0.5271,FORECAST
FLIGHT,IU7440-BBK-IVH-12226492,PUJ,YUL,MR5145,2026-07-24,2026-07-24,0,177,192,0.0518,FORECAST
FLIGHT,HE7244-YVU-VLB-38934764,POP,YQM,MR5145,2026-07-15,2026-01-16,180,127,198,0.2192,TARGET
FLIGHT,DY6176-ELC-YZS-73102983,POP,YQB,MR5145,2026-07-09,2025-06-04,400,3,185,0.3864,TARGET
FLIGHT,GT3622-HYH-TGM-46954946,POP,YWG,MR5145,2026-08-14,2025-05-21,450,40,196,0.0157,ACTUAL
FLIGHT,LH8676-OOA-VGP-37967280,PUJ,YQR,MR5145,2026-09-15,2026-08-01,45,177,189,0.7878,ACTUAL
FLIGHT,WO1888-AVV-MVT-51319142,POP,POP,MR5145,2026-08-12,2026-04-14,120,12,175,0.1071,TARGET
FLIGHT,HT1627-BJT-DJU-18562333,PUJ,YQX,MR5145,2026-09-19,2026-04-22,150,65,180,0.9201,ACTUAL
FLIGHT,UB8392-VEN-HZX-03078371,PUJ,PUJ,MR5145,2026-07-24,2025-11-16,250,152,173,0.0645,TARGET
FLIGHT,UB8392-VEN-HZX-03078371,POP,YYZ,MR5145,2026-09-09,2025-04-27,500,129,129,0.2454,TARGET
FLIGHT,UN4294-YXM-DEU-57981233,PUJ,YBG,MR5145,2026-08-13,2026-03-16,150,46,194,0.6618,ACTUAL
FLIGHT,XD5308-ZAZ-JBF-76177812,POP,YDF,MR5145,2026-09-18,2026-06-20,90,8,188,0.0000,FORECAST
FLIGHT,CV2155-YLE-IRS-93087130,PUJ,YDF,MR5145,2026-08-24,2026-06-25,60,166,166,0.2061,TARGET
FLIGHT,ZG1639-GWJ-RHL-57490857,POP,YQT,MR5145,2026-09-15,2026-06-17,90,32,194,0.2725,ACTUAL
FLIGHT,HU0912-WPX-BZO-36620627,PUJ,YDF,MR5145,2026-07-29,2026-07-29,0,137,178,0.9736,ACTUAL
FLIGHT,KV5530-XVI-APZ-43938727,PUJ,YWG,MR5145,2026-09-20,2026-09-17,3,100,170,0.0129,FORECAST
FLIGHT,AP5933-LTU-FJF-38448232,PUJ,YOW,MR5145,2026-07-28,2026-02-28,150,12,167,0.2313,TARGET
FLIGHT,UZ9895-SXQ-CJQ-80595155,POP,YHZ,MR5145,2026-08-08,2026-02-09,180,45,187,0.6710,TARGET
FLIGHT,SD9179-SOA-ZKO-97310802,PUJ,YYC,MR5145,2026-07-20,2026-03-22,120,17,190,0.8079,FORECAST
FLIGHT,ME5999-COR-AUW-27152273,PUJ,YQM,MR5145,2026-07-22,2026-07-01,21,103,182,0.7210,ACTUAL
FLIGHT,PW2263-YQN-DOD-68138358,PUJ,YYC,MR5145,2026-09-09,2026-02-21,200,152,152,0.0244,TARGET
FLIGHT,DZ7810-YLE-JUK-03578354,PUJ,YYT,MR5145,2026-07-01,2026-06-01,30,46,201,0.5564,FORECAST
FLIGHT,FC1357-TZM-CJI-40057997,POP,YQM,MR5145,2026-08-23,2026-08-16,7,37,201,0.9260,FORECAST
FLIGHT,ML3020-ANR-XMZ-52320420,PUJ,EWR,MR5145,2026-07-19,2026-06-28,21,22,179,0.4604,FORECAST
FLIGHT,OP5475-BHU-CNU-81573664,POP,YLW,MR5145,2026-09-02,2026-09-02,0,34,180,0.8752,FORECAST
FLIGHT,JC8084-RES-YNA-46208738,PUJ,YVR,MR5145,2026-07-24,2026-07-21,3,50,191,0.9138,FORECAST
FLIGHT,HL0654-CGZ-SAP-44329792,PUJ,YHZ,MR5145,2026-07-30,2026-04-01,120,49,190,0.2268,FORECAST
FLIGHT,RB8691-SCQ-BSR-17455275,POP,YOW,MR5145,2026-08-15,2026-08-12,3,20,187,0.8951,ACTUAL
FLIGHT,UG7004-DBF-XGH-62864116,PUJ,YQX,MR5145,2026-08-24,2026-02-05,200,85,180,0.5207,TARGET
FLIGHT,OC6889-PES-UHC-90101855,POP,YVR,MR5145,2026-07-14,2026-06-23,21,76,166,0.9355,ACTUAL
FLIGHT,OC6889-PES-UHC-90101855,POP,YQM,MR5145,2026-08-08,2026-07-18,21,125,195,0.3993,ACTUAL
FLIGHT,GZ4269-YFN-HJI-48304105,POP,YBG,MR5145,2026-07-27,2025-03-14,500,70,166,0.3782,TARGET
FLIGHT,GZ4269-YFN-HJI-48304105,POP,YQX,MR5145,2026-09-26,2026-09-23,3,83,83,0.6552,ACTUAL
FLIGHT,JK8960-CTH-UOP-28675668,POP,POP,MR5145,2026-09-16,2026-09-09,7,38,202,0.1368,FORECAST
FLIGHT,BF6472-EGC-INV-42020765,POP,YEG,MR5145,2026-09-22,2025-08-18,400,46,182,0.2744,ACTUAL
FLIGHT,PS6675-QCW-GJH-44776236,POP,YVR,MR5145,2026-08-10,2026-06-26,45,156,196,0.6041,FORECAST
FLIGHT,WW9663-ORN-DFA-45977674,POP,YBG,MR5145,2026-08-08,2026-08-05,3,174,186,0.1093,FORECAST
FLIGHT,CB7773-ULH-HSN-41441275,PUJ,YXE,MR5145,2026-07-08,2026-06-17,21,36,189,0.4352,ACTUAL
FLIGHT,PS8802-OYE-BTT-35251209,PUJ,YYC,MR5145,2026-08-11,2026-08-08,3,15,192,0.1999,TARGET
FLIGHT,ME8419-IIO-JMT-05792321,PUJ,YWG,MR5145,2026-07-14,2025-06-09,400,89,197,0.0787,TARGET
FLIGHT,HS0742-VMN-GGQ-91228002,POP,YBG,MR5145,2026-07-04,2026-06-04,30,7,200,0.2630,TARGET
FLIGHT,HS3381-RSI-KUI-97515238,PUJ,YQR,MR5145,2026-07-11,2025-06-06,400,73,149,0.8355,ACTUAL
FLIGHT,VK8972-LAZ-YMO-13223709,PUJ,YXS,MR5145,2026-07-12,2026-07-05,7,35,181,0.0887,FORECAST
FLIGHT,XY8931-MTQ-EZG-79953420,PUJ,YVR,MR5145,2026-07-15,2025-03-02,500,73,157,0.9037,ACTUAL
FLIGHT,XY8931-MTQ-EZG-79953420,POP,YWG,MR5145,2026-09-18,2026-07-20,60,28,171,0.6105,TARGET
FLIGHT,XY8931-MTQ-EZG-79953420,PUJ,YXS,MR5145,2026-09-12,2026-09-05,7,152,173,0.2871,FORECAST
FLIGHT,HU0361-AAI-UNU-05100199,POP,YFC,MR5145,2026-09-09,2026-09-09,0,58,199,0.8919,TARGET
FLIGHT,HY5415-PXF-HSP-42474258,POP,YXS,MR5145,2026-08-22,2026-05-24,90,164,208,0.6295,FORECAST
FLIGHT,ZM0328-VRQ-SIV-89789417,PUJ,YYZ,MR5145,2026-08-20,2025-12-13,250,95,198,0.0004,ACTUAL
FLIGHT,LE0029-YWQ-TAJ-26980878,PUJ,EWR,MR5145,2026-07-19,2025-08-03,350,169,182,0.0000,ACTUAL
FLIGHT,LE0029-YWQ-TAJ-26980878,POP,YXU,MR5145,2026-08-27,2025-09-11,350,118,169,0.7759,ACTUAL
FLIGHT,PI2233-QZJ-JJM-11795495,POP,YQB,MR5145,2026-09-14,2026-09-07,7,121,169,0.7366,TARGET
FLIGHT,DA0726-BOM-QVL-16406400,PUJ,YYT,MR5145,2026-09-03,2026-06-20,75,108,173,0.1274,ACTUAL
FLIGHT,TD3375-SSY-GHI-58238818,POP,YQM,MR5145,2026-07-21,2026-05-22,60,111,186,0.1189,FORECAST
FLIGHT,PD6946-XOY-LNR-92924768,POP,YBG,MR5145,2026-09-27,2026-04-30,150,171,171,0.9133,TARGET
FLIGHT,DG6062-TJW-SII-72724557,PUJ,YFC,MR5145,2026-07-09,2025-09-12,300,127,193,0.3140,TARGET
FLIGHT,NA1447-DLV-XSS-77194459,POP,YOW,MR5145,2026-08-02,2025-05-09,450,144,186,0.2281,ACTUAL
FLIGHT,LW9614-BTO-OJC-84126405,PUJ,YOW,MR5145,2026-07-01,2026-06-17,14,6,165,0.8262,FORECAST
FLIGHT,HL2932-EOM-SWP-30572186,PUJ,YOW,MR5145,2026-09-26,2026-08-12,45,0,188,0.6443,ACTUAL
FLIGHT,OC2882-YYN-HDA-96872540,POP,YWG,MR5145,2026-08-17,2026-06-18,60,169,192,0.0409,ACTUAL
FLIGHT,OC2882-YYN-HDA-96872540,PUJ,PUJ,MR5145,2026-09-07,2026-07-09,60,40,182,0.2555,FORECAST
FLIGHT,VI7583-HLM-MHQ-82822706,POP,YXU,MR5145,2026-09-03,2026-02-15,200,165,189,0.8995,ACTUAL
FLIGHT,GN8104-NZH-MVH-20154612,PUJ,YFC,MR5145,2026-09-11,2025-08-07,400,110,171,0.9090,FORECAST
FLIGHT,CI9122-RUU-NVO-31941949,POP,YQX,MR5145,2026-08-08,2026-08-05,3,28,197,0.1342,ACTUAL
FLIGHT,CI9122-RUU-NVO-31941949,PUJ,YEG,MR5145,2026-09-23,2025-05-11,500,83,177,0.3796,ACTUAL
FLIGHT,EU6511-RKW-QBF-02315218,PUJ,YYC,MR5145,2026-08-09,2025-07-05,400,122,181,0.3552,FORECAST
FLIGHT,QB6572-PGQ-BDN-58456324,POP,YWG,MR5145,2026-08-21,2026-08-14,7,159,187,0.1058,ACTUAL
FLIGHT,CZ4371-BJW-KUQ-26096007,PUJ,YUL,MR5145,2026-09-10,2026-09-07,3,66,187,0.8908,FORECAST
FLIGHT,KB7975-YEF-COQ-06677481,PUJ,YQR,MR5145,2026-07-06,2026-04-22,75,181,193,0.3535,ACTUAL
FLIGHT,CR6771-XNY-ICQ-14604991,POP,YQB,MR5145,2026-07-14,2026-07-14,0,4,187,0.3213,TARGET
FLIGHT,CR6771-XNY-ICQ-14604991,POP,YKF,MR5145,2026-07-07,2026-03-09,120,7,185,0.7502,FORECAST
FLIGHT,UM3371-WCT-GKD-70871650,POP,YFC,MR5145,2026-07-03,2026-06-26,7,65,187,0.0914,FORECAST
FLIGHT,UG4923-FUZ-CFV-43025833,POP,YQT,MR5145,2026-08-09,2025-03-27,500,56,188,0.1587,ACTUAL
FLIGHT,GG4335-VYO-QJH-70118033,PUJ,YQX,MR5145,2026-08-21,2025-04-08,500,40,186,0.1995,TARGET
FLIGHT,XM1363-PWK-ANA-50335116,PUJ,YYC,MR5145,2026-09-22,2025-08-18,400,168,195,0.0728,FORECAST
FLIGHT,HZ7845-VOU-HNZ-25303426,POP,YUL,MR5145,2026-09-13,2026-09-06,7,93,178,0.0925,ACTUAL
FLIGHT,WF3143-QPJ-JHP-30535962,PUJ,YKF,MR5145,2026-07-16,2026-05-17,60,118,187,0.5830,TARGET
FLIGHT,VW6224-VJN-YFN-55615772,PUJ,YQM,MR5145,2026-07-23,2026-07-16,7,81,189,0.9094,TARGET
FLIGHT,AT1260-EUQ-OUB-07110648,PUJ,YYT,MR5145,2026-09-03,2026-07-05,60,111,197,0.4366,ACTUAL
FLIGHT,HZ8217-WFX-YTK-21866782,PUJ,YXU,MR5145,2026-07-28,2026-01-09,200,96,175,0.9078,FORECAST
FLIGHT,CK9364-BPW-MEB-28207495,POP,YYT,MR5145,2026-08-14,2025-04-01,500,0,155,0.9694,TARGET
FLIGHT,GJ9428-HLE-OBN-07714976,POP,YHM,MR5145,2026-07-15,2025-09-18,300,91,181,0.9315,FORECAST
FLIGHT,DP2098-JAF-OYB-94315211,POP,YXE,MR5145,2026-08-01,2026-07-29,3,56,184,0.4713,FORECAST
FLIGHT,DP2098-JAF-OYB-94315211,POP,YXE,MR5145,2026-08-21,2025-04-08,500,14,188,0.2735,TARGET
FLIGHT,DP2098-JAF-OYB-94315211,POP,YXU,MR5145,2026-07-04,2025-02-19,500,62,191,0.4876,ACTUAL
FLIGHT,OG3806-YDP-PTT-89043810,PUJ,YQB,MR5145,2026-09-07,2025-11-11,300,16,172,0.9625,TARGET
FLIGHT,AM3105-TUX-YLA-76140486,PUJ,YQB,MR5145,2026-07-08,2025-04-14,450,29,179,0.0000,ACTUAL
FLIGHT,RZ8713-AQU-IQG-97200663,PUJ,YYT,MR5145,2026-09-04,2026-06-06,90,127,181,0.1144,ACTUAL
FLIGHT,WX7500-GQC-ZXJ-04388015,POP,YXU,MR5145,2026-08-02,2026-05-04,90,62,191,0.6139,ACTUAL
FLIGHT,DW6953-ULE-IVX-69360425,PUJ,YBG,MR5145,2026-07-01,2025-07-16,350,58,176,0.1256,TARGET
FLIGHT,DW6953-ULE-IVX-69360425,POP,YQR,MR5145,2026-09-27,2026-03-31,180,150,197,0.3430,FORECAST
FLIGHT,DW6953-ULE-IVX-69360425,POP,YUL,MR5145,2026-08-22,2025-09-06,350,165,165,0.6611,FORECAST
FLIGHT,SS0401-THS-ZKX-89818432,POP,YQM,MR5145,2026-09-28,2026-09-28,0,3,170,0.8048,TARGET
FLIGHT,IJ5743-JUF-KSL-12286952,POP,YEG,MR5145,2026-07-26,2026-07-23,3,134,182,0.1626,TARGET
FLIGHT,SY3821-BNE-RMR-52100735,POP,YFC,MR5145,2026-09-05,2025-06-12,450,13,199,0.2416,ACTUAL
FLIGHT,FK9588-RLK-OGT-39742608,PUJ,YQB,MR5145,2026-07-10,2025-09-13,300,143,181,0.2651,FORECAST
FLIGHT,NT1720-PBH-NWP-98893736,POP,YOW,MR5145,2026-08-22,2025-07-18,400,94,188,0.1299,ACTUAL
FLIGHT,SA5291-RJJ-BSA-02558782,PUJ,EWR,MR5145,2026-07-24,2026-05-25,60,161,205,0.4870,ACTUAL
FLIGHT,QW7950-JOU-WBA-62250177,PUJ,YHM,MR5145,2026-08-16,2025-05-23,450,180,184,0.1480,FORECAST
FLIGHT,KZ2813-ISO-QKO-52326610,POP,YXE,MR5145,2026-09-18,2026-08-28,21,56,181,0.0825,ACTUAL
FLIGHT,GJ5621-LLK-EPI-21691957,POP,YHZ,MR5145,2026-09-16,2025-08-12,400,54,194,0.0328,TARGET
FLIGHT,DH9360-ZLW-PEX-07311567,PUJ,PUJ,MR5145,2026-08-23,2026-02-24,180,76,203,0.7334,FORECAST
FLIGHT,WA1982-POU-ZDO-95678587,POP,YDF,MR5145,2026-07-06,2026-02-06,150,113,176,0.9084,ACTUAL
FLIGHT,GZ7598-FJR-CGE-81801295,PUJ,YQM,MR5145,2026-07-29,2026-03-31,120,162,203,0.0571,TARGET
FLIGHT,TL1139-CVZ-FEE-76158425,POP,YXE,MR5145,2026-08-24,2026-07-25,30,119,201,0.3019,ACTUAL
FLIGHT,LU6882-NWH-JFJ-23592887,PUJ,YQX,MR5145,2026-09-21,2026-04-24,150,29,174,0.3751,FORECAST
FLIGHT,XC4004-ZMI-BQP-98173618,POP,YYZ,MR5145,2026-09-18,2026-07-05,75,177,197,0.5136,ACTUAL
FLIGHT,XP9740-UPZ-NQL-64492559,PUJ,YYZ,MR5145,2026-07-25,2026-07-22,3,157,162,0.7974,FORECAST
FLIGHT,RW3437-AHO-KFM-96857539,POP,YEG,MR5145,2026-07-09,2026-06-09,30,1,192,0.8757,TARGET
FLIGHT,ZG2460-UMH-TQD-80855420,POP,YQB,MR5145,2026-07-24,2025-09-27,300,73,188,0.3101,TARGET
FLIGHT,QU4178-NPT-UZH-93693949,POP,YQM,MR5145,2026-08-11,2026-08-11,0,41,182,0.3077,TARGET
FLIGHT,UC3893-HCG-QNG-49235249,PUJ,YHM,MR5145,2026-07-19,2026-07-12,7,40,158,0.5099,ACTUAL
FLIGHT,XI0397-YVM-EDD-88069043,POP,YHZ,MR5145,2026-08-29,2026-05-01,120,22,177,0.5428,FORECAST
FLIGHT,QS1148-ECT-SZD-20624418,POP,YYC,MR5145,2026-08-25,2025-09-09,350,117,186,0.1535,TARGET
FLIGHT,KF7730-RPW-EVI-03648002,PUJ,YHZ,MR5145,2026-09-28,2026-09-21,7,29,184,0.0214,FORECAST
FLIGHT,AM6446-LCK-ODP-92300288,POP,YWG,MR5145,2026-09-22,2026-09-01,21,85,169,0.5999,FORECAST
FLIGHT,XN1845-MWW-PEO-85730239,POP,YBG,MR5145,2026-07-11,2026-06-27,14,138,193,0.1099,TARGET
FLIGHT,MW0113-UZA-HEF-32354337,PUJ,YYZ,MR5145,2026-09-12,2026-09-12,0,8,166,0.8265,TARGET
FLIGHT,IK9622-HTU-PEI-84396099,POP,YBG,MR5145,2026-07-01,2025-05-27,400,38,189,0.5122,ACTUAL
FLIGHT,MW0793-SCA-LDL-07108165,POP,YLW,MR5145,2026-09-30,2025-10-15,350,48,170,0.9397,TARGET
FLIGHT,GW5985-XVC-YLU-32092835,POP,YUL,MR5145,2026-07-07,2026-07-04,3,98,165,0.6557,TARGET
FLIGHT,RM6022-SMH-CNL-01240403,POP,YEG,MR5145,2026-08-11,2026-02-12,180,158,165,0.2152,ACTUAL
FLIGHT,YB6438-LZK-XCE-99866318,POP,YQX,MR5145,2026-09-15,2026-08-16,30,20,178,0.0699,FORECAST
FLIGHT,VA5830-TOM-SAZ-46350773,POP,POP,MR5145,2026-09-04,2026-06-21,75,79,188,0.2381,TARGET
FLIGHT,FU4335-AMS-YQY-44338902,POP,YQB,MR5145,2026-08-27,2026-08-20,7,119,183,0.4369,TARGET
FLIGHT,KI7127-RAZ-MMI-48567868,PUJ,YFC,MR5145,2026-07-17,2026-04-18,90,66,179,0.8015,TARGET
FLIGHT,ZX7055-JLN-WKD-54142386,POP,YEG,MR5145,2026-07-02,2026-01-03,180,160,164,0.7547,TARGET
FLIGHT,MO1162-ZLG-KFE-93862918,POP,YKF,MR5145,2026-08-24,2026-03-27,150,0,177,0.7711,TARGET
FLIGHT,XM2071-GQS-IPV-78540794,PUJ,YHM,MR5145,2026-08-10,2026-04-12,120,158,188,0.6945,TARGET
FLIGHT,QL6429-NLG-YZT-99095471,PUJ,YFC,MR5145,2026-07-18,2026-02-18,150,103,183,0.2402,TARGET
FLIGHT,AA8044-GLX-RHK-10067076,POP,YBG,MR5145,2026-07-09,2026-04-25,75,116,179,0.9469,FORECAST
FLIGHT,AA8044-GLX-RHK-10067076,PUJ,YQX,MR5145,2026-09-08,2025-11-12,300,8,166,0.6838,TARGET
FLIGHT,XC2813-GBT-JHZ-80180875,POP,PUJ,MR5145,2026-08-20,2025-04-07,500,133,163,0.0743,FORECAST
FLIGHT,YD6195-WJN-OEG-90441850,POP,YOW,MR5145,2026-07-17,2026-05-03,75,63,177,0.8724,ACTUAL
FLIGHT,HS0019-SAO-XHS-48834039,PUJ,YLW,MR5145,2026-09-25,2026-05-28,120,150,182,0.5605,ACTUAL
FLIGHT,BN0771-ROF-ZTP-03450588,PUJ,YKF,MR5145,2026-07-03,2026-04-19,75,39,192,0.0529,FORECAST
FLIGHT,PS8304-UED-IKG-82332130,POP,YXU,MR5145,2026-09-07,2025-08-03,400,56,179,0.3826,ACTUAL
FLIGHT,PS8304-UED-IKG-82332130,PUJ,PUJ,MR5145,2026-08-23,2026-08-02,21,25,185,0.1609,TARGET
FLIGHT,CS3868-YFE-MOF-35611943,PUJ,YEG,MR5145,2026-09-29,2025-10-14,350,45,178,0.4300,ACTUAL
FLIGHT,YC4077-DIE-CWA-54351371,PUJ,YUL,MR5145,2026-08-15,2026-04-17,120,96,188,0.4710,FORECAST
FLIGHT,QH4979-SEZ-ETD-08077858,POP,YFC,MR5145,2026-07-06,2026-02-06,150,0,184,0.2248,TARGET
FLIGHT,YK9919-FQS-VVE-17696038,PUJ,YLW,MR5145,2026-07-29,2026-07-08,21,95,95,0.9114,TARGET
FLIGHT,HJ7008-EMG-PJV-64622507,PUJ,YQT,MR5145,2026-07-19,2025-06-14,400,118,176,0.9619,ACTUAL
FLIGHT,IO6219-RSX-HXR-35930168,PUJ,YYC,MR5145,2026-08-18,2026-05-20,90,157,195,0.2432,FORECAST
FLIGHT,JR1003-GJU-KGY-93174221,POP,YQR,MR5145,2026-09-14,2026-01-07,250,95,199,0.3239,TARGET
FLIGHT,SW5432-WIJ-WGX-92207810,POP,YYT,MR5145,2026-08-08,2025-10-12,300,24,161,0.8682,FORECAST
FLIGHT,MS3510-OGQ-LCK-34356794,POP,YYZ,MR5145,2026-07-11,2026-03-13,120,18,208,0.8935,FORECAST
FLIGHT,CL4094-NDO-ILK-63780187,PUJ,YEG,MR5145,2026-08-01,2026-01-13,200,168,168,0.0770,TARGET
FLIGHT,CL4094-NDO-ILK-63780187,PUJ,YHZ,MR5145,2026-07-19,2026-02-19,150,54,183,0.5796,TARGET
FLIGHT,KB7904-OLL-FGY-03350123,PUJ,YYC,MR5145,2026-07-30,2026-07-23,7,35,167,0.3320,FORECAST
FLIGHT,AK6605-WSS-SXX-32197465,POP,YXE,MR5145,2026-08-25,2026-06-11,75,24,190,0.0635,FORECAST
FLIGHT,YW9967-EQF-JDX-97868042,POP,YEG,MR5145,2026-09-06,2025-11-10,300,45,196,0.4011,TARGET
FLIGHT,NP1917-JFL-CQV-69756671,POP,YVR,MR5145,2026-08-21,2026-02-22,180,8,198,0.1436,FORECAST
FLIGHT,RM9384-CGP-AOQ-70330141,POP,YUL,MR5145,2026-09-30,2026-08-16,45,68,200,0.2004,FORECAST
FLIGHT,RM9384-CGP-AOQ-70330141,POP,YYC,MR5145,2026-08-07,2026-07-31,7,23,175,0.8123,ACTUAL
FLIGHT,TE2021-HTU-KZE-07643593,PUJ,YEG,MR5145,2026-08-23,2026-02-24,180,45,168,0.0550,TARGET
FLIGHT,DJ5984-VUQ-WUI-71693617,POP,YHM,MR5145,2026-09-28,2026-09-25,3,145,167,0.4769,FORECAST
FLIGHT,DJ5984-VUQ-WUI-71693617,POP,YKF,MR5145,2026-09-17,2025-06-24,450,95,181,0.8777,TARGET
FLIGHT,FL3525-HOA-TJE-06599954,POP,YWG,MR5145,2026-08-19,2025-09-03,350,16,198,0.4869,FORECAST
FLIGHT,AQ3977-EVK-DRQ-33895349,PUJ,YFC,MR5145,2026-08-09,2025-05-16,450,42,183,0.0910,TARGET
FLIGHT,KP4382-NPQ-ERF-75987680,PUJ,YOW,MR5145,2026-08-21,2026-03-24,150,44,166,0.3169,ACTUAL
FLIGHT,KP4382-NPQ-ERF-75987680,PUJ,YFC,MR5145,2026-07-17,2025-11-09,250,34,181,0.2986,FORECAST
FLIGHT,DD5247-CQX-OXC-00030035,PUJ,YHZ,MW9338,2026-07-22,2026-06-22,30,83,189,0.0828,TARGET
FLIGHT,AN9668-QYY-IYI-87949317,PUJ,YQR,MW9338,2026-09-27,2026-05-30,120,4,70,0.0597,ACTUAL
FLIGHT,AN9668-QYY-IYI-87949317,PUJ,YYC,MW9338,2026-07-26,2026-07-23,3,69,193,0.4402,TARGET
FLIGHT,SG2874-WHY-JEB-50240905,POP,YXU,MW9338,2026-09-12,2026-04-15,150,138,167,0.2146,ACTUAL
FLIGHT,NN3110-XQI-RLK-79393812,POP,PUJ,MW9338,2026-09-12,2025-08-08,400,161,196,0.2512,TARGET
FLIGHT,IA1476-MSM-IRI-61591014,POP,YEG,MW9338,2026-08-19,2025-12-12,250,56,198,0.2405,FORECAST
FLIGHT,KF9717-VGX-AIG-11387509,PUJ,POP,MW9338,2026-07-20,2026-03-22,120,125,176,0.2576,ACTUAL
FLIGHT,GC0617-HKW-LVT-97177721,PUJ,YQM,MW9338,2026-09-29,2026-09-08,21,0,189,0.1159,ACTUAL
FLIGHT,GC0617-HKW-LVT-97177721,PUJ,YDF,MW9338,2026-07-25,2025-03-12,500,75,83,0.5668,ACTUAL
FLIGHT,QT3725-SLN-DMX-89837501,PUJ,YXS,MW9338,2026-08-21,2026-08-07,14,173,183,0.1393,ACTUAL
FLIGHT,JR1027-AYV-HMI-65761052,POP,YHZ,MW9338,2026-09-29,2026-04-02,180,67,171,0.5551,TARGET
FLIGHT,PF3754-GKJ-PPR-01526074,PUJ,YXS,MW9338,2026-08-26,2026-08-23,3,0,160,0.7099,FORECAST
FLIGHT,RM9935-QQG-SPX-84791665,POP,PUJ,MW9338,2026-07-20,2026-05-21,60,127,173,0.2583,TARGET
FLIGHT,GU0092-PGH-QKE-89257026,POP,YXU,MW9338,2026-07-07,2026-05-23,45,99,175,0.2891,TARGET
FLIGHT,VP2182-LPC-ZLO-73175363,POP,YFC,MW9338,2026-09-11,2025-11-15,300,43,188,0.0073,FORECAST
FLIGHT,TO8690-HMD-QIH-96822983,POP,YOW,MW9338,2026-07-05,2026-04-21,75,153,173,0.9511,FORECAST
FLIGHT,HN2885-PZU-BDL-89671965,POP,YEG,MW9338,2026-07-28,2026-04-29,90,157,163,0.2968,FORECAST
FLIGHT,HN2885-PZU-BDL-89671965,PUJ,YXU,MW9338,2026-07-21,2026-06-06,45,11,178,0.6640,ACTUAL
FLIGHT,CY5235-SQY-FUB-29016651,POP,YHZ,MW9338,2026-08-21,2026-08-18,3,87,169,0.5994,ACTUAL
FLIGHT,RO1669-SGI-UCB-55672427,POP,YHZ,MW9338,2026-07-30,2026-01-11,200,121,205,0.6307,ACTUAL
FLIGHT,RO1669-SGI-UCB-55672427,PUJ,YEG,MW9338,2026-08-22,2026-02-03,200,172,172,0.9455,ACTUAL
FLIGHT,ZI2078-JFU-ODY-71375648,POP,YHM,MW9338,2026-09-07,2026-08-08,30,68,188,0.2685,ACTUAL
FLIGHT,NO1436-IRS-HMC-75908870,POP,YEG,MW9338,2026-07-27,2026-07-24,3,0,196,0.2321,FORECAST
FLIGHT,FF0139-ECN-AUS-22893709,POP,YQR,MW9338,2026-07-11,2026-02-11,150,4,188,0.3062,TARGET
FLIGHT,XT7263-HES-GHV-00232852,POP,YVR,MW9338,2026-08-03,2026-07-31,3,180,180,0.7961,ACTUAL
FLIGHT,MU5457-HIV-RXK-41323661,POP,YHM,MW9338,2026-07-01,2026-03-03,120,195,202,0.5061,ACTUAL
FLIGHT,NF5230-VYV-RCT-73349452,PUJ,YYC,MW9338,2026-08-28,2025-11-01,300,73,174,0.3328,FORECAST
FLIGHT,XD3187-WMH-VZV-95400220,POP,YWG,MW9338,2026-07-14,2026-03-16,120,138,170,0.5274,FORECAST
FLIGHT,FR2103-RQP-QDK-14178926,PUJ,EWR,MW9338,2026-09-17,2026-05-20,120,99,189,0.8793,FORECAST
FLIGHT,PK4496-GFI-EJM-60472948,POP,YQB,MW9338,2026-08-27,2026-06-13,75,100,190,0.0054,ACTUAL
FLIGHT,VI7399-AKH-OSU-99155728,PUJ,YKF,MW9338,2026-07-26,2026-05-12,75,64,189,0.3633,ACTUAL
FLIGHT,WP6841-QYD-NEX-82613624,POP,YFC,MW9338,2026-08-10,2026-08-03,7,144,144,0.7429,TARGET
FLIGHT,BJ9625-FLX-KRA-31539531,PUJ,YBG,MW9338,2026-08-28,2025-04-15,500,6,171,0.8780,TARGET
FLIGHT,XG1352-CJX-QKV-75174319,POP,YWG,MW9338,2026-07-10,2026-01-11,180,50,165,0.4267,FORECAST
FLIGHT,GU6443-YCM-FHA-03004520,POP,YBG,MW9338,2026-09-04,2026-08-28,7,163,181,0.2983,TARGET
FLIGHT,WQ6768-III-CVY-21917062,POP,YKF,MW9338,2026-07-17,2026-06-17,30,134,161,0.5944,FORECAST
FLIGHT,TD5425-TJW-EQH-98112105,POP,PUJ,MW9338,2026-08-28,2026-06-29,60,57,197,0.2165,ACTUAL
FLIGHT,TD5425-TJW-EQH-98112105,POP,YDF,MW9338,2026-09-09,2026-06-26,75,84,199,0.8190,FORECAST
FLIGHT,TD5425-TJW-EQH-98112105,POP,YYT,MW9338,2026-08-25,2026-08-22,3,34,179,0.4043,ACTUAL
FLIGHT,TP6812-OQQ-QWT-01226995,PUJ,YHZ,MW9338,2026-08-21,2025-12-14,250,37,189,0.8227,TARGET
FLIGHT,NC2420-JIC-KMR-20727999,POP,YDF,MW9338,2026-07-10,2026-06-26,14,70,207,0.5730,TARGET
FLIGHT,US4994-ZUB-ZYD-89892662,PUJ,YBG,MW9338,2026-07-18,2025-06-13,400,26,177,0.5812,ACTUAL
FLIGHT,US4994-ZUB-ZYD-89892662,PUJ,PUJ,MW9338,2026-09-20,2026-03-24,180,132,185,0.4863,ACTUAL
FLIGHT,EL9188-HWC-FJU-97736772,POP,POP,KM3143,2026-08-05,2026-07-15,21,88,193,0.0732,FORECAST
FLIGHT,EL9188-HWC-FJU-97736772,PUJ,YQX,KM3143,2026-09-23,2026-01-16,250,25,191,0.3197,FORECAST
FLIGHT,MT7920-XNO-LZI-93934396,PUJ,YOW,KM3143,2026-07-02,2026-06-18,14,47,194,0.0830,FORECAST
FLIGHT,BE3251-APW-CLL-58709404,POP,YQX,KM3143,2026-07-23,2026-04-24,90,57,195,0.8014,FORECAST
FLIGHT,EE4564-CCS-TFL-51253807,POP,YWG,KM3143,2026-07-19,2026-02-19,150,46,199,0.4245,ACTUAL
FLIGHT,YQ1913-XLA-LWX-34941971,POP,YFC,KM3143,2026-09-02,2026-09-02,0,112,173,0.8201,ACTUAL
FLIGHT,KW7557-DMN-ZHF-82463061,PUJ,YWG,KM3143,2026-08-31,2025-11-04,300,60,183,0.4159,ACTUAL
FLIGHT,SU9514-LJT-RGN-71467490,POP,YHM,KM3143,2026-07-17,2026-05-18,60,10,175,0.0487,FORECAST
FLIGHT,NY6289-PWG-LDQ-96225275,POP,POP,KM3143,2026-09-21,2026-01-14,250,169,209,0.0836,ACTUAL
FLIGHT,ZD2392-PQR-JYI-79098636,PUJ,YQT,KM3143,2026-09-29,2026-09-22,7,154,177,0.8144,ACTUAL
FLIGHT,AH4935-XLG-IDP-60798767,POP,YXS,KM3143,2026-08-27,2025-06-03,450,80,192,0.0990,ACTUAL
FLIGHT,ID5463-UZG-JVJ-19012802,PUJ,YDF,KM3143,2026-08-21,2026-05-23,90,151,166,0.8039,FORECAST
FLIGHT,QP1002-GZS-ZPO-04313455,PUJ,YQR,KM3143,2026-07-26,2025-11-18,250,125,195,0.8312,ACTUAL
FLIGHT,QP1002-GZS-ZPO-04313455,POP,YWG,KM3143,2026-08-11,2025-10-15,300,39,87,0.3077,ACTUAL
FLIGHT,CN3888-YHF-QTT-71057549,POP,EWR,KM3143,2026-09-21,2026-08-22,30,21,206,0.0592,FORECAST
FLIGHT,LW2579-KSS-BWA-47941232,POP,YYZ,LC0517,2026-07-04,2026-05-05,60,78,171,0.2321,ACTUAL
FLIGHT,LW2579-KSS-BWA-47941232,POP,YWG,LC0517,2026-09-01,2026-06-03,90,120,179,0.1298,ACTUAL
FLIGHT,LW2579-KSS-BWA-47941232,PUJ,YXE,LC0517,2026-09-16,2026-08-02,45,68,166,0.0205,TARGET
FLIGHT,TC3813-BCJ-SJR-02989088,POP,YYZ,LC0517,2026-08-08,2026-07-18,21,48,198,0.8560,TARGET
FLIGHT,UQ1966-JZL-FGD-91990821,PUJ,EWR,LC0517,2026-09-09,2026-07-26,45,63,186,0.7517,FORECAST
FLIGHT,AY3449-LNA-PCI-87650775,PUJ,POP,LC0517,2026-09-01,2026-06-18,75,45,103,0.5557,FORECAST
FLIGHT,RY7448-WQR-GTU-23759097,PUJ,YQT,LC0517,2026-08-02,2026-06-03,60,78,176,0.9030,FORECAST
FLIGHT,YY6766-HXI-ZEX-08348124,POP,YQB,UE3587,2026-09-16,2025-11-20,300,51,188,0.1555,FORECAST
FLIGHT,BL5126-UXP-UNI-49436327,PUJ,YXU,UE3587,2026-07-01,2025-02-16,500,12,185,0.5076,FORECAST
FLIGHT,EE9184-LOU-YJS-65990527,POP,POP,UE3587,2026-07-09,2025-11-01,250,13,172,0.5360,TARGET
FLIGHT,AW2599-NDD-ZJG-58304077,PUJ,YQM,UE3587,2026-09-15,2026-09-12,3,147,202,0.0494,FORECAST
FLIGHT,KK2672-BVH-MUP-02751005,PUJ,YHZ,UE3587,2026-07-09,2026-06-25,14,17,184,0.0000,TARGET
FLIGHT,XV6870-NSA-KOC-12181679,POP,YYC,UE3587,2026-07-10,2026-06-26,14,156,187,0.4690,ACTUAL
FLIGHT,GZ2353-SZH-YWH-05484951,PUJ,YXU,UE3587,2026-08-10,2026-01-22,200,67,185,0.0814,TARGET
FLIGHT,GZ2353-SZH-YWH-05484951,PUJ,POP,UE3587,2026-07-05,2026-04-21,75,49,156,0.1744,ACTUAL
FLIGHT,NK7079-JGE-DWQ-30242646,POP,YHM,UE3587,2026-07-10,2026-05-26,45,127,170,0.5969,ACTUAL
FLIGHT,SA8170-BGE-PWM-28058777,PUJ,YQX,UE3587,2026-09-22,2026-08-23,30,67,183,0.5866,TARGET
FLIGHT,NA7735-TLM-WZS-19220513,POP,YQR,UE3587,2026-08-31,2026-08-24,7,122,186,0.7993,ACTUAL
FLIGHT,OT3599-VVK-URJ-38356999,PUJ,YYC,UE3587,2026-07-21,2025-11-13,250,0,163,0.3703,ACTUAL
FLIGHT,LZ8243-JQE-EQA-85762362,POP,YXU,OO0143,2026-07-02,2026-04-03,90,126,185,0.0588,TARGET
FLIGHT,JC3728-FTD-FOC-64316958,POP,YHM,OO0143,2026-07-05,2026-07-02,3,136,177,0.4608,TARGET
FLIGHT,FK0913-LVX-OWV-81374214,PUJ,YQB,OO0143,2026-09-29,2025-10-14,350,134,185,0.8258,FORECAST
FLIGHT,FK0913-LVX-OWV-81374214,POP,YXE,OO0143,2026-07-30,2026-03-02,150,104,173,0.2046,ACTUAL
FLIGHT,KJ0992-FTV-VGJ-66297254,PUJ,PUJ,OO0143,2026-07-18,2026-07-04,14,114,197,0.4635,FORECAST
FLIGHT,RH5459-SKO-FNG-48550023,POP,YXE,OO0143,2026-08-30,2026-03-03,180,125,182,0.1323,FORECAST
FLIGHT,AT9449-KOC-RCG-41029061,POP,PUJ,OO0143,2026-09-04,2026-08-21,14,99,185,0.7942,TARGET
FLIGHT,MS1853-NCB-NPA-76967025,PUJ,YFC,OO0143,2026-08-20,2026-08-06,14,8,189,0.3248,TARGET
FLIGHT,MS1853-NCB-NPA-76967025,POP,EWR,OO0143,2026-07-06,2025-04-12,450,98,192,0.3319,ACTUAL
FLIGHT,ZS0078-FQZ-DMA-41379640,POP,YFC,OO0143,2026-09-27,2026-03-11,200,87,192,0.7677,FORECAST
FLIGHT,JS7038-HJD-AHC-11557701,POP,YLW,OO0143,2026-08-05,2025-10-09,300,29,156,0.2223,FORECAST
FLIGHT,JX6834-QKJ-SOK-15798005,PUJ,YYZ,OO0143,2026-07-20,2025-04-26,450,87,169,0.3364,TARGET
FLIGHT,TK9278-HWX-HFR-59683451,PUJ,PUJ,OO0143,2026-09-19,2026-01-12,250,119,169,0.8116,TARGET
FLIGHT,CN1065-CKU-DGQ-22262936,PUJ,YFC,OO0143,2026-09-10,2026-09-07,3,163,175,0.8341,ACTUAL
FLIGHT,CN1065-CKU-DGQ-22262936,POP,YKF,OO0143,2026-09-29,2026-09-08,21,85,173,0.5674,TARGET
FLIGHT,YK8834-XTT-MBK-20488252,POP,YQM,OO0143,2026-07-17,2025-11-09,250,51,147,0.2383,ACTUAL
FLIGHT,XA6187-BAC-GNK-12201635,PUJ,YYC,OO0143,2026-07-17,2026-05-18,60,40,127,0.9618,FORECAST
FLIGHT,OM9136-JUO-FVZ-59856842,POP,YXS,OO0143,2026-08-07,2025-11-30,250,90,208,0.9020,FORECAST
FLIGHT,OM9136-JUO-FVZ-59856842,POP,PUJ,OO0143,2026-09-17,2026-03-01,200,10,185,0.0991,TARGET
FLIGHT,KH1002-KTB-JOL-47691713,PUJ,YHM,OO0143,2026-08-20,2026-06-21,60,54,204,0.7979,FORECAST
FLIGHT,KH1002-KTB-JOL-47691713,POP,YKF,OO0143,2026-07-18,2026-07-11,7,0,159,0.5290,ACTUAL
FLIGHT,VF7506-WHV-NFE-98225053,POP,YXE,OO0143,2026-07-23,2025-09-26,300,16,185,0.0235,FORECAST
FLIGHT,KY7290-HEC-VNK-15567337,PUJ,YHZ,OO0143,2026-09-28,2026-08-14,45,127,200,0.2647,FORECAST
FLIGHT,NA5705-AEW-CDT-25058368,PUJ,YXU,OO0143,2026-08-30,2026-03-03,180,140,169,0.4443,FORECAST
FLIGHT,NA5705-AEW-CDT-25058368,POP,PUJ,OO0143,2026-09-26,2025-07-03,450,46,169,0.7552,ACTUAL
FLIGHT,UD6931-QFV-IXZ-46495665,PUJ,YYC,OO0143,2026-08-01,2026-07-02,30,89,170,0.0437,TARGET
FLIGHT,OX3485-PZT-YVJ-94184426,POP,EWR,OO0143,2026-07-25,2025-05-01,450,4,173,0.7531,FORECAST
FLIGHT,IT1502-EFX-TKC-85897681,POP,PUJ,OO0143,2026-08-13,2026-05-15,90,72,190,0.0759,FORECAST
FLIGHT,GL8058-GBO-MRE-05426024,PUJ,YVR,TI7269,2026-09-20,2026-08-30,21,4,169,0.4317,TARGET
FLIGHT,GL8058-GBO-MRE-05426024,POP,YYZ,TI7269,2026-09-15,2025-05-03,500,10,112,0.6917,TARGET
FLIGHT,BV6208-UBE-ADU-10412588,POP,YVR,TI7269,2026-09-19,2026-08-05,45,5,191,0.6857,TARGET
FLIGHT,LE5400-XXG-LVD-88934576,PUJ,YXU,TI7269,2026-09-30,2025-12-04,300,134,177,0.7219,FORECAST
FLIGHT,LE5400-XXG-LVD-88934576,POP,YVR,TI7269,2026-09-21,2026-08-22,30,165,165,0.1968,ACTUAL
FLIGHT,WE4584-QKC-MNF-63575484,PUJ,YXE,TI7269,2026-08-20,2026-06-21,60,3,193,0.6103,TARGET
FLIGHT,XC4929-BZO-QGI-01077250,PUJ,YYC,TI7269,2026-07-01,2026-02-01,150,0,154,0.9593,ACTUAL
FLIGHT,HL3941-VUD-QYP-27429331,POP,YVR,TI7269,2026-09-15,2026-09-12,3,77,171,0.2391,FORECAST
FLIGHT,HL3941-VUD-QYP-27429331,POP,YOW,TI7269,2026-08-23,2026-08-20,3,34,203,0.1211,ACTUAL
FLIGHT,FD7887-XER-YOQ-26500312,POP,YBG,TI7269,2026-07-05,2026-05-06,60,155,176,0.5238,TARGET
FLIGHT,AF6980-DIF-VMI-71068017,PUJ,YHZ,MZ3963,2026-09-29,2026-07-31,60,15,164,0.3792,TARGET
FLIGHT,OF4469-HDZ-OFS-47638083,PUJ,YQX,MZ3963,2026-08-20,2026-07-30,21,46,162,0.7711,ACTUAL
FLIGHT,KZ0369-QRZ-RJW-39333243,POP,YWG,MZ3963,2026-07-24,2026-04-25,90,47,190,0.0615,ACTUAL
FLIGHT,DS1430-QOP-SOU-24792542,PUJ,YOW,MZ3963,2026-07-12,2025-07-27,350,78,195,0.9183,ACTUAL
FLIGHT,EC8834-UZV-KWR-19204877,POP,YYZ,MZ3963,2026-07-17,2025-12-29,200,57,180,0.1383,ACTUAL
FLIGHT,BN7693-GHY-FSS-86515902,PUJ,YHZ,MZ3963,2026-08-29,2026-08-08,21,9,206,0.2315,TARGET
FLIGHT,WZ7262-AXQ-IMP-29254355,PUJ,YQB,MZ3963,2026-07-07,2026-03-09,120,131,200,0.2467,ACTUAL
FLIGHT,OF3461-ONV-EHV-13361094,PUJ,YQB,MZ3963,2026-08-24,2025-04-11,500,188,191,0.9051,FORECAST
FLIGHT,OF3461-ONV-EHV-13361094,POP,YQB,MZ3963,2026-07-21,2026-02-21,150,127,176,0.5150,FORECAST
FLIGHT,QN4100-TKH-QKU-57421643,PUJ,YVR,MZ3963,2026-09-29,2026-07-31,60,151,186,0.0722,FORECAST
FLIGHT,KY9900-SYH-PRC-46047614,POP,YWG,MZ3963,2026-08-14,2025-04-01,500,151,189,0.1257,FORECAST
FLIGHT,EV6368-ZZC-LVJ-18589900,POP,YQM,MZ3963,2026-09-16,2025-10-01,350,153,351,0.1468,ACTUAL
FLIGHT,AM7182-FXF-NNP-94190878,POP,YYT,MZ3963,2026-07-14,2026-05-30,45,147,155,0.0699,TARGET
FLIGHT,VA7399-FYQ-TCV-98271826,PUJ,YQM,MZ3963,2026-07-07,2025-09-10,300,162,167,0.7143,FORECAST
FLIGHT,VA7399-FYQ-TCV-98271826,POP,YFC,MZ3963,2026-07-02,2026-06-11,21,128,188,0.2437,ACTUAL
FLIGHT,WK3371-OXA-RNJ-94269420,PUJ,YXE,MZ3963,2026-08-17,2026-05-19,90,93,189,0.5681,TARGET
FLIGHT,WK3371-OXA-RNJ-94269420,POP,YHZ,MZ3963,2026-08-25,2025-07-21,400,169,173,0.0152,ACTUAL
FLIGHT,GW9831-VYH-KJV-90145996,POP,POP,MZ3963,2026-09-21,2026-07-23,60,190,190,0.8291,TARGET
FLIGHT,GW9831-VYH-KJV-90145996,POP,YQT,MZ3963,2026-08-16,2026-03-19,150,19,181,0.2293,ACTUAL
FLIGHT,OA6921-TKR-OGA-54982438,PUJ,YKF,MZ3963,2026-09-27,2026-09-20,7,189,201,0.1133,TARGET
FLIGHT,AX4242-VLG-NTA-91237530,PUJ,YKF,MZ3963,2026-07-09,2026-05-10,60,91,205,0.7663,TARGET
FLIGHT,YW4055-HWY-NIQ-18754036,PUJ,YQB,MZ3963,2026-09-05,2025-11-09,300,128,206,0.8760,TARGET
FLIGHT,XP6887-WPO-TFL-60413482,PUJ,YVR,MZ3963,2026-09-20,2025-11-24,300,28,203,0.7304,ACTUAL
FLIGHT,BQ4931-KGT-QXG-91226000,PUJ,YYT,MZ3963,2026-07-11,2026-04-12,90,131,188,0.9209,FORECAST
FLIGHT,VL3079-NND-QNS-57240434,POP,YHM,MZ3963,2026-09-01,2026-07-03,60,39,166,0.4241,TARGET
FLIGHT,VL3916-BUP-PAB-40930454,POP,YXE,MZ3963,2026-07-23,2025-09-26,300,96,182,0.8088,ACTUAL
FLIGHT,VW1991-RXW-UJH-11326611,PUJ,YQX,MZ3963,2026-09-20,2026-06-22,90,164,175,0.6852,ACTUAL
FLIGHT,ZV2205-HTP-VAP-74544708,PUJ,YYZ,MZ3963,2026-07-18,2025-11-10,250,18,196,0.0563,TARGET
FLIGHT,EO5745-IZI-USE-05489445,PUJ,YWG,MZ3963,2026-09-05,2025-12-29,250,153,201,0.1390,ACTUAL
FLIGHT,QL0153-VAC-OHV-16715605,PUJ,YEG,MZ3963,2026-09-18,2026-08-19,30,48,181,0.1008,ACTUAL
FLIGHT,QO9052-FIJ-CGH-95479406,PUJ,YYT,MZ3963,2026-08-26,2026-06-12,75,32,174,0.1905,TARGET
FLIGHT,NX4693-NKM-DRH-35974876,PUJ,YFC,MZ3963,2026-09-12,2026-08-13,30,4,168,0.9250,FORECAST
FLIGHT,YY6533-LZG-WLT-75980962,POP,POP,XP0727,2026-08-23,2026-06-24,60,50,171,0.1464,ACTUAL
FLIGHT,NH0977-HSU-QXH-66609797,POP,YFC,XP0727,2026-08-31,2025-12-24,250,0,173,0.0568,TARGET
FLIGHT,AK9415-NPD-COO-53987245,PUJ,YWG,XP0727,2026-08-13,2026-07-30,14,83,83,0.6137,TARGET
FLIGHT,RC9870-QVQ-JAP-55380536,POP,YXS,XP0727,2026-07-25,2026-02-25,150,98,147,0.8561,ACTUAL
FLIGHT,KT7268-GTL-BYO-05130696,PUJ,YYT,XP0727,2026-08-18,2026-08-04,14,179,187,0.3321,ACTUAL
FLIGHT,KT7268-GTL-BYO-05130696,PUJ,YXS,XP0727,2026-09-29,2026-09-15,14,42,71,0.3068,FORECAST
FLIGHT,OF1281-KMR-HRO-02785379,POP,YKF,XP0727,2026-09-15,2026-09-15,0,141,164,0.3331,ACTUAL
FLIGHT,VT0004-LGS-WRA-48867251,PUJ,YWG,XP0727,2026-07-21,2026-03-23,120,128,175,0.2437,TARGET
FLIGHT,VT0004-LGS-WRA-48867251,PUJ,YYZ,XP0727,2026-09-25,2026-06-27,90,152,191,0.2087,FORECAST
FLIGHT,KI6625-OHD-ELH-61276987,PUJ,YQX,XP0727,2026-09-07,2026-07-24,45,59,186,0.8436,TARGET
FLIGHT,MF2957-ZXU-SJP-45080989,POP,YVR,XP0727,2026-07-17,2025-03-04,500,29,183,0.1388,ACTUAL
FLIGHT,ZO1733-CYK-YPD-60426144,PUJ,YEG,XP0727,2026-08-23,2026-07-24,30,5,169,0.2656,TARGET
FLIGHT,JX5419-ZDH-XOR-04987620,POP,YQR,XP0727,2026-07-03,2025-12-15,200,66,197,1.0556,FORECAST
FLIGHT,EN2138-IDW-LLC-09542527,PUJ,YWG,XP0727,2026-07-24,2025-06-19,400,44,200,0.2204,FORECAST
FLIGHT,KA5688-UBQ-IUQ-20727126,PUJ,YEG,XP0727,2026-08-20,2026-08-06,14,63,193,0.4375,TARGET
FLIGHT,GG4029-GPQ-DXZ-32672733,PUJ,YFC,XP0727,2026-08-24,2026-05-26,90,101,172,0.0782,TARGET
FLIGHT,AJ5820-PEZ-DMF-47424684,POP,YWG,ZD4601,2026-08-11,2025-10-15,300,145,188,0.7771,ACTUAL
FLIGHT,PH2550-YNK-ESV-90536791,POP,YDF,ZD4601,2026-07-11,2025-02-26,500,49,202,0.2724,TARGET
FLIGHT,TO6834-XRZ-OLF-56048992,POP,EWR,ZD4601,2026-08-23,2026-07-09,45,17,185,0.1561,FORECAST
FLIGHT,TO6834-XRZ-OLF-56048992,PUJ,YQT,ZD4601,2026-09-29,2026-07-16,75,39,181,0.3860,ACTUAL
FLIGHT,YU8924-VJC-VRH-28113724,PUJ,YXU,ZD4601,2026-08-18,2026-04-20,120,83,179,0.8986,TARGET
FLIGHT,XV4792-YSO-XWK-91448940,PUJ,YDF,ZD4601,2026-07-24,2026-01-25,180,11,190,0.1042,FORECAST
FLIGHT,PM7649-PGO-QBK-34251918,PUJ,YKF,ZD4601,2026-08-26,2025-09-10,350,19,181,0.3824,ACTUAL
FLIGHT,PM7649-PGO-QBK-34251918,POP,YQM,ZD4601,2026-07-15,2026-02-15,150,53,196,0.6253,TARGET
FLIGHT,PP1405-ZOO-BEL-01554494,POP,YXS,ZD4601,2026-09-09,2026-08-10,30,12,179,0.8282,ACTUAL
FLIGHT,LB1691-LNT-PQB-79823070,PUJ,YYT,ZD4601,2026-09-26,2026-07-13,75,52,199,0.7251,FORECAST
FLIGHT,VG1889-PBN-BJI-62037445,POP,YQB,TA8733,2026-09-08,2025-09-23,350,69,180,0.2721,TARGET
FLIGHT,XJ0048-WSL-FID-43456466,PUJ,YKF,TA8733,2026-09-07,2026-06-24,75,53,190,0.2722,ACTUAL
FLIGHT,IT7567-LNI-MVN-76674913,PUJ,YBG,TA8733,2026-08-10,2026-04-12,120,38,182,0.1079,TARGET
FLIGHT,GW2442-DJM-DAA-49835900,POP,YUL,TA8733,2026-09-20,2026-04-23,150,153,194,0.7185,FORECAST
FLIGHT,GW2442-DJM-DAA-49835900,POP,YQX,TA8733,2026-08-12,2026-02-13,180,190,199,0.7776,TARGET
FLIGHT,KQ1983-NLC-YJM-90591837,PUJ,YBG,TA8733,2026-08-11,2026-06-27,45,23,199,0.0000,FORECAST
FLIGHT,DL3845-BGL-KUS-96731312,PUJ,YQT,TA8733,2026-07-27,2026-07-13,14,30,200,0.4728,ACTUAL
FLIGHT,DL3845-BGL-KUS-96731312,POP,YXE,TA8733,2026-08-07,2026-08-07,0,24,185,0.6580,FORECAST
FLIGHT,ZG0907-ESI-VVQ-56366673,POP,YQX,TA8733,2026-07-09,2025-04-15,450,21,187,0.0867,TARGET
FLIGHT,DX2035-QDY-HYT-79519624,PUJ,YQX,TA8733,2026-08-14,2026-08-07,7,171,185,0.1573,ACTUAL
FLIGHT,DX2035-QDY-HYT-79519624,POP,YUL,TA8733,2026-08-31,2026-03-04,180,19,176,0.0000,TARGET
FLIGHT,JE2054-XQX-OFZ-91298967,POP,YBG,TA8733,2026-09-14,2025-11-18,300,87,203,0.0630,ACTUAL
FLIGHT,PZ6329-LUD-MNE-15674863,PUJ,YXS,TA8733,2026-07-05,2025-09-08,300,46,173,0.3724,ACTUAL
FLIGHT,PZ6329-LUD-MNE-15674863,PUJ,YHM,TA8733,2026-09-24,2026-09-10,14,96,191,0.1434,FORECAST
FLIGHT,QI0531-RUR-NKR-52288761,PUJ,YHZ,TA8733,2026-07-11,2026-04-12,90,36,195,0.3041,ACTUAL
FLIGHT,IV4071-UFV-KHZ-46115552,PUJ,YQR,TA8733,2026-08-31,2025-11-04,300,84,179,0.1790,FORECAST
FLIGHT,IU0278-ZVX-FBD-58113083,POP,YQB,TA8733,2026-09-10,2026-05-13,120,78,155,0.7983,ACTUAL
FLIGHT,TL3116-UTK-UVZ-15223450,POP,YHZ,TA8733,2026-09-09,2026-03-13,180,0,184,0.7419,FORECAST
FLIGHT,TL3116-UTK-UVZ-15223450,PUJ,YXS,TA8733,2026-07-02,2026-06-02,30,36,172,0.8214,TARGET
FLIGHT,TX4494-TGA-OUW-84578449,POP,YQM,TA8733,2026-08-24,2026-08-24,0,164,164,0.0637,TARGET
FLIGHT,DB4708-UUI-IWZ-44532567,PUJ,POP,TA8733,2026-08-09,2025-03-27,500,98,163,0.1680,FORECAST
FLIGHT,EC1951-CAS-ILX-26582165,PUJ,YXU,TA8733,2026-09-28,2026-07-15,75,8,165,0.0765,ACTUAL
FLIGHT,RC0732-ONW-CSV-90377731,POP,YLW,TA8733,2026-08-07,2026-04-09,120,151,187,0.3401,FORECAST
FLIGHT,RC0732-ONW-CSV-90377731,PUJ,YQM,TA8733,2026-09-16,2026-09-02,14,48,168,0.6252,ACTUAL
FLIGHT,RC0732-ONW-CSV-90377731,POP,PUJ,TA8733,2026-08-02,2026-07-19,14,37,177,0.0615,FORECAST
FLIGHT,AM8688-PRN-DSF-02285404,POP,YQR,OW6432,2026-07-29,2025-10-02,300,21,173,0.3843,ACTUAL
FLIGHT,VX5498-UUB-UVM-18464876,POP,YKF,OW6432,2026-07-16,2026-07-02,14,0,169,0.5100,TARGET
FLIGHT,PD9217-HNM-XKN-67390607,PUJ,YQT,OW6432,2026-08-07,2026-02-08,180,184,203,0.0000,FORECAST
FLIGHT,PM2332-YOL-BSV-44483174,PUJ,YQB,RJ1024,2026-09-13,2025-05-01,500,34,181,0.9034,ACTUAL
FLIGHT,VK7584-QHM-GTD-70138988,POP,EWR,RJ1024,2026-09-06,2026-03-10,180,18,194,0.0748,FORECAST
FLIGHT,FP7469-YIW-RFK-45763447,POP,YFC,RJ1024,2026-08-18,2026-02-19,180,61,190,0.8233,FORECAST
FLIGHT,VN5834-QGZ-JRX-35862673,PUJ,YBG,YW6964,2026-08-25,2026-05-27,90,89,189,0.4419,TARGET
FLIGHT,SB7737-ESK-IUZ-50380162,PUJ,YYC,YW6964,2026-09-21,2025-10-06,350,0,194,0.7667,TARGET
FLIGHT,KR5150-VEW-WUA-45028143,PUJ,YFC,YW6964,2026-08-30,2026-08-16,14,89,187,0.5650,TARGET
FLIGHT,XF7721-OSG-CMF-50553267,POP,YHZ,YW6964,2026-08-21,2026-04-23,120,46,178,0.3894,TARGET
FLIGHT,MW2969-ZMK-FXJ-15731802,POP,YXU,YW6964,2026-07-27,2026-03-29,120,123,151,0.2175,FORECAST
FLIGHT,RM7202-YBB-TKY-36621953,PUJ,YXS,WK2572,2026-07-03,2026-06-30,3,34,178,0.9147,FORECAST
FLIGHT,LW5985-DMB-EDD-91589126,PUJ,YQB,WK2572,2026-09-23,2026-01-16,250,30,186,0.2190,FORECAST
FLIGHT,LW5985-DMB-EDD-91589126,PUJ,YQM,WK2572,2026-09-09,2026-02-21,200,0,177,0.9864,FORECAST
FLIGHT,ZZ1891-DSZ-ZTE-56924768,PUJ,YHZ,NT0164,2026-07-07,2026-05-08,60,79,166,0.0349,ACTUAL
FLIGHT,KC3251-OSV-AJJ-70856094,PUJ,PUJ,NT0164,2026-08-07,2026-05-24,75,191,199,0.8355,ACTUAL
FLIGHT,ZB6714-VQO-QGC-03145645,PUJ,PUJ,NT0164,2026-07-09,2025-11-01,250,68,176,0.5606,ACTUAL
FLIGHT,ZB6714-VQO-QGC-03145645,PUJ,YUL,NT0164,2026-08-08,2025-12-01,250,47,175,0.2300,ACTUAL
FLIGHT,ZB6714-VQO-QGC-03145645,PUJ,YHZ,NT0164,2026-09-07,2026-08-17,21,40,166,0.9523,TARGET
FLIGHT,US9870-THH-TDW-36941264,PUJ,YXU,NT0164,2026-08-19,2026-08-12,7,39,198,0.0000,ACTUAL
FLIGHT,CA6032-NYZ-OLH-18057631,POP,YHM,NT0164,2026-09-27,2026-05-30,120,7,190,0.0000,TARGET
FLIGHT,CA6032-NYZ-OLH-18057631,POP,YQT,NT0164,2026-07-07,2026-06-07,30,0,159,0.0767,TARGET
FLIGHT,NI8784-SNF-FIZ-94510462,POP,YEG,UC2486,2026-08-25,2026-02-26,180,52,175,0.2688,TARGET
FLIGHT,KA6929-NKM-RKD-20627672,POP,YQT,UC2486,2026-09-01,2025-09-16,350,65,190,0.2839,FORECAST
FLIGHT,UX2094-KCW-MPM-70636328,PUJ,YHZ,UC2486,2026-08-05,2026-05-07,90,89,174,0.3661,TARGET
FLIGHT,KU4946-TEA-RLN-49013249,PUJ,YQT,UC2486,2026-07-28,2026-07-21,7,142,185,0.3982,FORECAST
FLIGHT,BG8890-JIU-CBJ-04315668,PUJ,YWG,UC2486,2026-08-31,2025-12-24,250,148,148,1.0106,FORECAST
FLIGHT,ZQ6119-SPM-OLS-83326170,POP,YLW,UC2486,2026-08-17,2026-07-03,45,146,201,0.5610,FORECAST
FLIGHT,FB7459-LFZ-QWE-76774239,POP,YYT,UC2486,2026-08-30,2026-03-03,180,18,182,0.8057,FORECAST
FLIGHT,DB0260-POY-FCI-34869653,POP,YLW,UC2486,2026-09-14,2026-08-31,14,148,148,0.4655,ACTUAL
FLIGHT,PC5573-DAL-FAR-98318730,POP,YOW,UC2486,2026-07-04,2026-06-04,30,60,152,0.7983,TARGET
FLIGHT,PC5573-DAL-FAR-98318730,POP,YEG,UC2486,2026-09-01,2026-07-18,45,110,161,0.1927,TARGET
FLIGHT,FA8712-YDQ-SYI-52395960,PUJ,YBG,UC2486,2026-07-15,2026-07-12,3,18,196,0.7011,TARGET
FLIGHT,GA8880-ZNA-TJC-75024130,PUJ,YYZ,UC2486,2026-08-08,2026-01-20,200,95,190,0.2042,ACTUAL
FLIGHT,YD4504-TOF-HMN-94627286,PUJ,YYZ,UC2486,2026-07-18,2025-06-13,400,102,185,0.0278,ACTUAL
FLIGHT,RK5875-LEW-JLE-96151436,PUJ,EWR,UC2486,2026-08-19,2026-08-12,7,123,167,0.5526,ACTUAL
FLIGHT,RK5875-LEW-JLE-96151436,POP,YYC,UC2486,2026-07-18,2026-04-19,90,108,185,0.8062,TARGET
FLIGHT,VM0199-XSD-YXN-24694762,POP,YXS,UC2486,2026-08-07,2026-02-08,180,149,194,0.5424,TARGET
FLIGHT,SG6842-NQL-DPS-73679901,POP,YQX,UC2486,2026-09-17,2026-05-20,120,65,167,0.0000,FORECAST
FLIGHT,DY5190-UIL-XZM-24462201,PUJ,YQT,UC2486,2026-07-03,2026-04-04,90,0,204,0.0418,FORECAST
FLIGHT,DY5190-UIL-XZM-24462201,PUJ,YQB,UC2486,2026-09-10,2026-06-12,90,67,164,0.1443,TARGET
FLIGHT,MK6633-TGV-LBQ-24326253,POP,YQB,UC2486,2026-07-01,2026-06-01,30,77,147,0.8494,ACTUAL
FLIGHT,VR1403-BUP-KKT-84142024,PUJ,YYC,UC2486,2026-08-20,2026-02-21,180,15,156,0.0835,ACTUAL
FLIGHT,ZX1622-BWM-UXV-59100443,POP,YVR,UC2486,2026-08-11,2026-07-21,21,73,193,0.1292,ACTUAL
FLIGHT,AB3375-EFS-MXI-84210922,POP,YDF,UC2486,2026-08-29,2025-09-13,350,0,174,0.8273,TARGET
FLIGHT,RI0769-ZKG-TBR-78347679,POP,YQR,UC2486,2026-09-20,2026-01-13,250,86,168,0.1509,TARGET
FLIGHT,QN9561-HVJ-IBR-83318380,PUJ,EWR,UC2486,2026-07-09,2026-07-09,0,0,192,0.4088,ACTUAL
FLIGHT,DM9347-NSC-ZEU-37793980,POP,YXS,UC2486,2026-07-30,2026-05-16,75,68,197,0.5592,FORECAST
FLIGHT,WW8702-PER-FBI-00938083,POP,YXE,UC2486,2026-08-20,2025-05-27,450,71,176,0.2942,FORECAST
FLIGHT,IY1050-OKZ-KAQ-48528467,POP,YQM,UC2486,2026-07-16,2026-07-02,14,45,186,0.0208,ACTUAL
FLIGHT,SA1832-ALD-CYF-13406368,POP,YHZ,UC2486,2026-07-12,2025-04-18,450,162,162,0.2307,FORECAST
FLIGHT,BV6485-ZOS-NQR-63124079,POP,POP,UC2486,2026-07-02,2026-01-03,180,133,178,0.4732,ACTUAL
FLIGHT,VE5320-TLU-SUW-28489873,POP,YQB,UC2486,2026-08-08,2026-05-10,90,160,160,0.0062,ACTUAL
FLIGHT,HK6523-TCR-XRN-76227353,POP,YVR,UC2486,2026-08-30,2026-07-31,30,144,172,0.0717,ACTUAL
FLIGHT,IL5143-IJE-CCD-75494495,POP,YBG,UC2486,2026-08-21,2025-12-14,250,163,163,0.3236,FORECAST
FLIGHT,OX3539-TQP-LYU-91530075,PUJ,EWR,UC2486,2026-09-16,2025-10-01,350,150,190,0.1354,FORECAST
FLIGHT,ZD4518-HIP-SFV-30578245,POP,YOW,UC2486,2026-08-20,2026-07-06,45,147,179,0.7460,ACTUAL
FLIGHT,ZD4518-HIP-SFV-30578245,PUJ,PUJ,UC2486,2026-09-07,2026-06-09,90,25,186,0.4419,ACTUAL
FLIGHT,IU6066-XXS-MDX-06963749,POP,YHM,UC2486,2026-07-28,2026-03-30,120,34,169,0.8914,ACTUAL
FLIGHT,DZ2187-TWU-BMK-06147159,POP,YXE,UC2486,2026-09-16,2025-05-04,500,79,181,0.5101,TARGET
FLIGHT,RN8321-FBR-MCI-98425079,POP,YHZ,UC2486,2026-08-20,2026-08-13,7,78,174,0.9322,ACTUAL
FLIGHT,RN8321-FBR-MCI-98425079,POP,YYZ,UC2486,2026-08-19,2025-05-26,450,75,168,0.5499,TARGET
FLIGHT,AA6433-VEF-YYN-22777733,PUJ,YDF,IZ9259,2026-08-18,2025-07-14,400,134,179,0.4442,TARGET
FLIGHT,AJ9326-YNJ-GEE-39461212,PUJ,YDF,IZ9259,2026-09-19,2026-04-22,150,158,188,0.8902,ACTUAL
FLIGHT,EG9847-JFU-FKM-78718882,PUJ,YHM,IZ9259,2026-09-21,2025-10-06,350,39,165,0.0946,FORECAST
FLIGHT,EG9847-JFU-FKM-78718882,POP,YDF,IZ9259,2026-09-20,2026-09-13,7,20,176,0.3276,FORECAST
FLIGHT,EG7887-BKV-RJC-68061349,POP,PUJ,IZ9259,2026-09-08,2026-02-20,200,186,186,0.3476,TARGET
FLIGHT,UL6479-TRI-MAY-58679496,PUJ,YYC,IZ9259,2026-07-25,2026-06-25,30,45,182,0.7789,FORECAST
FLIGHT,UL6479-TRI-MAY-58679496,PUJ,YXU,IZ9259,2026-08-23,2026-02-24,180,171,171,0.4368,FORECAST
FLIGHT,YY5751-FIP-NIA-00687586,POP,YFC,IZ9259,2026-08-10,2026-02-11,180,47,177,0.0730,TARGET
FLIGHT,ZQ2405-CNM-LIK-12244418,PUJ,YYZ,IZ9259,2026-07-15,2026-06-15,30,169,170,0.9478,TARGET
FLIGHT,ST7402-ZGG-QNR-60835701,POP,YYC,IZ9259,2026-09-22,2025-06-29,450,161,204,0.0054,ACTUAL
FLIGHT,WE8515-LBD-GKF-47117887,PUJ,YUL,ZU1297,2026-09-03,2026-08-27,7,10,187,0.0619,ACTUAL
FLIGHT,EA0740-IXL-CKN-99332769,PUJ,YKF,ZU1297,2026-07-05,2025-09-08,300,38,182,0.2344,ACTUAL
FLIGHT,CE5819-HNM-SJG-64365314,POP,YXE,ZU1297,2026-07-25,2025-03-12,500,59,180,0.7070,ACTUAL
FLIGHT,BS7019-ZSR-FJO-70751862,POP,YWG,ZU1297,2026-09-22,2026-01-15,250,77,170,0.1917,TARGET
FLIGHT,DA9863-MOQ-VFQ-16896006,POP,YXS,ZU1297,2026-07-18,2025-09-21,300,33,196,0.3602,FORECAST
FLIGHT,UI6862-SNN-CBH-56574808,PUJ,YXU,ZU1297,2026-07-10,2025-04-16,450,12,159,0.3711,TARGET
FLIGHT,NJ6096-CJT-ZBS-10091665,POP,YLW,ZU1297,2026-09-27,2026-03-11,200,60,179,0.3760,TARGET
FLIGHT,SD0708-VVM-YCD-71340250,PUJ,YHZ,ZU1297,2026-08-26,2026-07-27,30,124,196,0.1894,FORECAST
FLIGHT,CA5579-SSC-LYQ-43456512,POP,YVR,ZU1297,2026-09-07,2025-08-03,400,5,194,0.5303,ACTUAL
FLIGHT,YH4344-BWO-WAQ-06313959,POP,YYZ,ZU1297,2026-08-26,2026-08-26,0,165,189,0.4890,ACTUAL
FLIGHT,ZD8454-IDV-ZSR-38579282,POP,YDF,ZU1297,2026-07-16,2026-04-17,90,4,171,0.5369,TARGET
FLIGHT,YS5870-YAL-DUE-53806319,POP,YKF,ZU1297,2026-07-13,2026-04-14,90,129,184,0.8845,TARGET
FLIGHT,FU4384-ASW-EYP-71573685,PUJ,YQB,ZU1297,2026-07-12,2026-05-28,45,105,199,0.9232,ACTUAL
FLIGHT,WH0097-CKI-PKS-50133672,PUJ,YUL,ZU1297,2026-08-21,2025-07-17,400,29,179,0.7790,FORECAST
FLIGHT,XV1156-OYX-QCI-08282464,PUJ,YXS,ZU1297,2026-09-28,2026-06-30,90,155,175,0.1703,FORECAST
FLIGHT,TU1371-NZK-BSI-23159637,POP,YHZ,ZU1297,2026-07-27,2026-06-27,30,10,192,0.6226,ACTUAL
FLIGHT,BJ6449-IBY-LVZ-81519394,POP,YBG,ZU1297,2026-07-30,2026-07-27,3,30,170,0.1166,FORECAST
FLIGHT,KS4268-FHT-VXL-54344821,PUJ,YYT,ZU1297,2026-07-16,2026-06-01,45,40,161,0.2599,ACTUAL
FLIGHT,KS4268-FHT-VXL-54344821,PUJ,YQR,ZU1297,2026-09-20,2026-09-17,3,152,169,0.6613,FORECAST
FLIGHT,UR1940-CYI-MTM-13607727,PUJ,YOW,ZU1297,2026-09-22,2026-03-26,180,74,105,0.8512,TARGET
FLIGHT,WF6251-BJS-IMD-73051513,POP,YYC,ZU1297,2026-07-27,2026-07-13,14,12,186,0.9298,FORECAST
FLIGHT,DQ1902-GFA-DML-19889060,POP,YYC,ZU1297,2026-08-06,2025-11-29,250,2,174,0.8094,TARGET
FLIGHT,DQ1902-GFA-DML-19889060,PUJ,YHM,ZU1297,2026-09-19,2026-09-16,3,0,208,0.4618,FORECAST
FLIGHT,AS8245-BUQ-DIW-64702360,POP,YUL,ZU1297,2026-08-07,2026-04-09,120,105,184,0.3082,FORECAST
FLIGHT,AS8245-BUQ-DIW-64702360,PUJ,YXE,ZU1297,2026-09-30,2026-09-09,21,0,143,0.2493,ACTUAL
FLIGHT,OJ1706-AFF-LFK-53134176,PUJ,YQM,ZU1297,2026-09-16,2025-08-12,400,23,182,0.8639,TARGET
FLIGHT,AS9286-DAE-QLU-51438255,POP,YQM,ZU1297,2026-08-31,2025-04-18,500,142,208,0.7759,ACTUAL
FLIGHT,YB5306-PHA-XVR-30388401,PUJ,YLW,ZU1297,2026-07-13,2026-05-29,45,14,174,0.3871,ACTUAL
FLIGHT,XN7769-EWW-CSU-10507197,POP,YXU,ZU1297,2026-08-13,2025-12-06,250,152,160,0.7420,FORECAST
FLIGHT,XH7437-HRB-CGC-84341357,PUJ,PUJ,ZU1297,2026-08-10,2026-05-12,90,168,184,0.8367,TARGET
FLIGHT,SQ2320-OFU-JQN-11562306,POP,YQR,ZU1297,2026-09-01,2026-08-02,30,63,182,0.2021,ACTUAL
FLIGHT,FB8362-JRO-JQK-62378861,POP,PUJ,ZU1297,2026-07-13,2026-06-29,14,65,179,0.6761,FORECAST
FLIGHT,NL7416-SRI-UHN-63375618,POP,YLW,ZU1297,2026-09-07,2026-05-10,120,52,186,0.6905,ACTUAL
FLIGHT,IL3577-PWP-QLS-29458361,PUJ,YQR,ZU1297,2026-07-06,2026-03-08,120,68,175,0.2032,FORECAST
FLIGHT,XA3763-YFS-JAH-80437412,POP,YDF,ZU1297,2026-07-31,2026-07-10,21,147,147,0.2296,ACTUAL
FLIGHT,EH0636-LOQ-GOW-15104136,PUJ,YHM,ZU1297,2026-09-28,2026-07-15,75,45,176,0.9051,FORECAST
FLIGHT,EH0636-LOQ-GOW-15104136,POP,YHZ,ZU1297,2026-07-13,2025-09-16,300,121,155,0.8919,FORECAST
FLIGHT,PO7679-LZS-VWU-32249673,POP,YHM,ZU1297,2026-09-22,2026-09-19,3,69,174,0.6879,ACTUAL
FLIGHT,PO7679-LZS-VWU-32249673,PUJ,YYZ,ZU1297,2026-07-24,2026-07-24,0,3,196,0.9230,ACTUAL
FLIGHT,QM2667-XYQ-NCM-33863813,PUJ,YKF,ZU1297,2026-09-18,2025-11-22,300,34,361,0.4057,TARGET
FLIGHT,QM2667-XYQ-NCM-33863813,PUJ,YKF,ZU1297,2026-08-21,2025-07-17,400,23,188,0.1735,FORECAST
FLIGHT,OA5364-IZH-ISU-54121762,PUJ,YOW,ZU1297,2026-07-19,2026-07-05,14,4,71,0.2656,TARGET
FLIGHT,OV2644-VBC-TYQ-92891435,POP,YKF,ZU1297,2026-09-06,2026-07-08,60,34,173,0.9515,TARGET
FLIGHT,GK4256-ERV-NZX-07813847,POP,YDF,ZU1297,2026-09-24,2025-08-20,400,165,176,0.3713,TARGET
FLIGHT,VL5562-QJT-PLM-57833939,PUJ,YVR,ZU1297,2026-07-31,2026-07-28,3,28,150,0.1436,TARGET
FLIGHT,AV9572-XQH-TOQ-30189865,PUJ,YLW,ZU1297,2026-08-12,2026-07-22,21,113,190,0.5673,ACTUAL
FLIGHT,BN7377-QRT-FCI-18100729,PUJ,YEG,ZU1297,2026-09-16,2026-05-19,120,21,187,0.0786,FORECAST
FLIGHT,AQ4798-XBX-DUD-70564765,POP,YEG,ZU1297,2026-07-01,2026-05-02,60,66,183,0.4194,FORECAST
FLIGHT,RU5757-SAH-ZXH-67594791,PUJ,YDF,ZU1297,2026-07-02,2026-02-02,150,92,190,0.6732,FORECAST
FLIGHT,KI7539-NZJ-ZWC-63825117,POP,YYZ,ZU1297,2026-07-02,2026-06-25,7,161,180,0.0216,FORECAST
FLIGHT,NQ0877-TUY-HJP-24416762,POP,PUJ,ZU1297,2026-08-01,2026-05-03,90,114,186,0.6800,ACTUAL
FLIGHT,NQ0877-TUY-HJP-24416762,PUJ,PUJ,ZU1297,2026-07-22,2026-07-08,14,153,188,0.0000,TARGET
FLIGHT,AU0574-VKW-QBP-66487841,PUJ,YQT,ZU1297,2026-09-12,2026-05-15,120,33,204,0.0922,ACTUAL
FLIGHT,AU0574-VKW-QBP-66487841,PUJ,YXE,ZU1297,2026-09-06,2025-06-13,450,164,168,0.9513,FORECAST
FLIGHT,DZ4119-UDB-UDJ-73912983,POP,YQM,ZU1297,2026-07-30,2026-01-11,200,31,181,0.0126,ACTUAL
FLIGHT,DZ4119-UDB-UDJ-73912983,PUJ,YVR,ZU1297,2026-09-05,2026-06-07,90,90,164,0.0723,TARGET
FLIGHT,UQ5390-SDV-OJI-79408030,POP,YXE,ZU1297,2026-07-09,2026-05-10,60,26,204,0.4473,TARGET
FLIGHT,UQ5390-SDV-OJI-79408030,PUJ,POP,ZU1297,2026-09-24,2026-04-27,150,125,191,0.5344,FORECAST
FLIGHT,ZZ8922-SUB-MID-99658402,PUJ,YXE,ZU1297,2026-07-25,2026-04-26,90,4,142,0.3422,FORECAST
FLIGHT,ZV9416-OSK-UVF-02798914,PUJ,YQB,ZU1297,2026-08-01,2026-06-17,45,76,167,0.9181,TARGET
FLIGHT,IB0926-FRY-QML-80720080,POP,YKF,ZU1297,2026-07-29,2026-07-08,21,104,186,0.3960,FORECAST
FLIGHT,LO0197-JGY-VVK-75292555,POP,YQM,ZU1297,2026-07-01,2026-01-02,180,26,177,0.2905,ACTUAL
FLIGHT,VR9091-ZVB-BWW-63474180,POP,YXS,ZU1297,2026-09-09,2026-07-26,45,168,193,0.2559,FORECAST
FLIGHT,EN0557-JBE-UZR-45958769,POP,YYT,ZU1297,2026-07-15,2025-04-21,450,67,181,0.5196,ACTUAL
FLIGHT,CD6274-YGK-DZJ-92863270,POP,YYT,ZU1297,2026-09-23,2025-11-27,300,167,177,0.7075,FORECAST
FLIGHT,KE1514-VUX-HLD-72368504,POP,YVR,ZU1297,2026-09-28,2025-12-02,300,46,180,0.8817,ACTUAL
FLIGHT,FR2435-BUS-PSD-35329561,POP,YUL,ZU1297,2026-07-30,2026-05-31,60,0,173,0.0083,TARGET
FLIGHT,FR2435-BUS-PSD-35329561,PUJ,YDF,ZU1297,2026-09-02,2026-06-19,75,134,169,0.8775,TARGET
FLIGHT,SL3614-ARG-AUO-09063360,PUJ,YQM,ZU1297,2026-08-20,2026-08-13,7,167,175,0.0115,ACTUAL
FLIGHT,WT3374-DLG-KRZ-33878959,PUJ,YQT,ZU1297,2026-07-02,2026-05-03,60,56,192,0.2312,ACTUAL
FLIGHT,MJ7033-NIF-JYK-32065432,PUJ,YEG,ZU1297,2026-08-06,2026-08-06,0,185,196,0.1210,TARGET
FLIGHT,JO8706-OUU-VMJ-42863070,POP,PUJ,ZU1297,2026-08-08,2025-03-26,500,120,185,0.1944,FORECAST
FLIGHT,ZL1414-QHL-CKM-09514277,PUJ,YYT,ZU1297,2026-08-05,2025-07-01,400,106,178,0.4603,TARGET
FLIGHT,YL9341-BMD-UNK-04725531,POP,YLW,ZU1297,2026-09-25,2025-11-29,300,131,176,0.2950,ACTUAL
FLIGHT,YL9341-BMD-UNK-04725531,PUJ,YFC,ZU1297,2026-08-26,2026-08-19,7,120,181,0.7801,FORECAST
FLIGHT,TR3678-ITA-HEC-77491176,PUJ,YVR,ZU1297,2026-07-26,2026-07-12,14,9,177,0.5581,ACTUAL
FLIGHT,LG5153-IVW-PJG-92708120,PUJ,EWR,ZU1297,2026-08-27,2026-02-28,180,10,186,0.0472,TARGET
FLIGHT,EN1054-YUZ-BFX-60284655,PUJ,PUJ,ZU1297,2026-08-20,2026-06-21,60,0,189,0.2460,TARGET
FLIGHT,MY0908-KOK-HYX-79476318,POP,YVR,ZU1297,2026-09-07,2025-12-31,250,103,186,0.0384,TARGET
FLIGHT,KC2167-MXA-QTN-01066589,POP,YQR,ZU1297,2026-07-25,2025-06-20,400,108,173,0.3035,FORECAST
FLIGHT,OQ2425-NLR-EYS-38540445,POP,YLW,ZU1297,2026-09-24,2026-08-10,45,112,156,0.7147,ACTUAL
FLIGHT,OQ2425-NLR-EYS-38540445,POP,YQT,ZU1297,2026-07-26,2025-08-10,350,37,192,0.0443,ACTUAL
FLIGHT,TZ1904-WQW-PQN-01508334,POP,YWG,ZU1297,2026-09-10,2025-06-17,450,176,176,0.0850,TARGET
FLIGHT,TZ1904-WQW-PQN-01508334,PUJ,YWG,ZU1297,2026-09-14,2026-09-07,7,136,198,0.5092,ACTUAL
FLIGHT,BI3885-XEQ-OCL-83443029,POP,YBG,ZU1297,2026-07-13,2026-05-14,60,25,173,0.8298,TARGET
FLIGHT,TW7385-JIF-ZIB-29480468,PUJ,YYZ,ZU1297,2026-07-20,2026-07-17,3,108,168,0.1230,TARGET
FLIGHT,UY5069-VPR-FBS-93872112,PUJ,EWR,ZU1297,2026-08-17,2026-08-17,0,153,189,0.7046,FORECAST
FLIGHT,UY5069-VPR-FBS-93872112,PUJ,YYC,ZU1297,2026-09-11,2026-06-13,90,147,181,0.6747,TARGET
FLIGHT,RZ8694-QLG-WBO-48781340,PUJ,YFC,ZU1297,2026-09-07,2026-08-17,21,30,166,0.8002,ACTUAL
FLIGHT,FW3301-NOS-MKL-67323836,PUJ,POP,ZU1297,2026-08-08,2025-05-15,450,12,173,0.7276,FORECAST
FLIGHT,KO7210-WQP-FOJ-10591579,PUJ,YOW,ZU1297,2026-09-01,2026-04-04,150,60,199,0.7260,ACTUAL
FLIGHT,VS6411-GLA-OWN-49967276,PUJ,YUL,ZU1297,2026-09-07,2026-04-10,150,64,177,0.1459,TARGET
FLIGHT,BB2748-TIF-IJH-79366604,PUJ,YVR,ZU1297,2026-09-13,2025-06-20,450,123,166,0.6412,ACTUAL
FLIGHT,JU8565-EUM-JEY-43742822,POP,YYC,ZU1297,2026-09-30,2025-07-07,450,84,166,0.2228,ACTUAL
FLIGHT,JU8565-EUM-JEY-43742822,PUJ,YBG,ZU1297,2026-07-18,2026-07-11,7,7,173,0.7886,TARGET
FLIGHT,XT3205-XAN-XLB-69615884,POP,YYC,ZU1297,2026-08-08,2026-08-01,7,171,171,0.0811,ACTUAL
FLIGHT,GC0772-FER-OIT-95893674,POP,YKF,ZU1297,2026-08-18,2025-09-02,350,39,176,0.0458,TARGET
FLIGHT,JV6169-XYB-JPV-61029654,PUJ,YUL,ZU1297,2026-07-27,2026-07-13,14,108,108,0.8692,ACTUAL
FLIGHT,FZ2750-TGW-NVA-47092803,POP,YUL,ZU1297,2026-07-27,2026-02-27,150,36,198,0.3961,ACTUAL
FLIGHT,TI2673-ZEW-WWW-72221553,PUJ,YKF,ZU1297,2026-09-23,2026-01-16,250,150,197,0.0000,ACTUAL
FLIGHT,AR6249-ZKD-HGS-66057529,PUJ,YXS,ZU1297,2026-09-20,2026-03-04,200,107,208,0.9752,FORECAST
FLIGHT,YR0284-LOD-VRN-91981625,PUJ,YOW,ZU1297,2026-08-23,2025-07-19,400,138,181,0.3944,TARGET
FLIGHT,PQ3435-RWV-VLT-91977638,PUJ,YVR,ZU1297,2026-09-11,2026-01-04,250,29,155,0.5249,ACTUAL
FLIGHT,LQ6922-KWU-WIH-76366287,PUJ,YUL,ZU1297,2026-08-05,2026-06-06,60,96,191,0.1404,ACTUAL
FLIGHT,QT5829-IRN-HZZ-09972855,PUJ,YKF,ZU1297,2026-07-30,2026-01-11,200,60,136,0.9590,TARGET
FLIGHT,VU0906-WUL-YDT-40723461,POP,YQT,ZU1297,2026-07-31,2025-03-18,500,33,163,0.1687,TARGET
FLIGHT,LX0411-PBQ-ESE-20925139,PUJ,YDF,ZU1297,2026-08-02,2026-05-19,75,177,177,0.5536,ACTUAL
FLIGHT,KE3783-WTA-ITP-57456844,PUJ,YQX,ZU1297,2026-07-02,2026-06-25,7,170,207,0.2152,FORECAST
FLIGHT,KL1263-OBU-BPY-96330225,POP,YXS,ZU1297,2026-08-15,2026-03-18,150,0,202,0.5067,TARGET
FLIGHT,CK2911-WGP-ZDO-85090255,PUJ,POP,MG3024,2026-09-06,2025-06-13,450,21,197,0.4125,ACTUAL
FLIGHT,CK2911-WGP-ZDO-85090255,POP,YOW,MG3024,2026-09-24,2026-04-27,150,0,67,0.0806,ACTUAL
FLIGHT,FY4890-KMP-BQN-70090043,POP,POP,MG3024,2026-08-25,2026-03-28,150,118,176,0.4591,FORECAST
FLIGHT,JX0134-RAZ-QOY-35437882,PUJ,YEG,MG3024,2026-09-20,2026-08-30,21,52,168,0.7728,TARGET
FLIGHT,CZ8696-LNU-CGA-87612385,PUJ,YYT,MG3024,2026-09-16,2026-01-09,250,131,168,0.0563,FORECAST
FLIGHT,SK1434-MRE-HSZ-48400273,PUJ,YKF,MG3024,2026-08-04,2026-04-06,120,18,192,1.0830,ACTUAL
FLIGHT,IS0295-BEM-JQB-16440373,POP,YQR,MG3024,2026-07-24,2026-07-24,0,68,197,0.6185,ACTUAL
FLIGHT,UE4959-QRU-CUC-45788707,PUJ,YQT,MG3024,2026-08-02,2025-03-20,500,173,176,0.4635,FORECAST
FLIGHT,OS6325-TJF-UHU-28946338,POP,YBG,MG3024,2026-08-03,2026-01-15,200,38,192,0.0373,TARGET
FLIGHT,QI6850-TKY-PYV-44303491,PUJ,YXE,MG3024,2026-08-11,2026-07-28,14,47,198,0.7824,FORECAST
FLIGHT,VQ9117-TPF-BGQ-59340153,POP,YQR,MG3024,2026-07-24,2026-07-03,21,35,182,0.9392,TARGET
FLIGHT,GU6821-JJJ-QQT-66997273,PUJ,EWR,MG3024,2026-07-16,2026-03-18,120,123,173,0.2012,TARGET
FLIGHT,NO7462-XAE-LQX-25431832,POP,YBG,MG3024,2026-07-31,2026-07-01,30,15,187,0.1664,TARGET
FLIGHT,HN4723-WRO-LAR-27681722,POP,YBG,MG3024,2026-08-20,2025-04-07,500,71,162,0.4793,FORECAST
FLIGHT,OZ3992-AKF-FES-99362165,POP,YYC,MG3024,2026-07-24,2025-08-08,350,158,175,0.7425,FORECAST
FLIGHT,SZ9517-CLF-GXS-10292950,POP,YQB,MG3024,2026-09-17,2025-05-05,500,7,149,0.1970,TARGET
FLIGHT,DE6022-DGF-DVW-76720191,PUJ,YOW,MG3024,2026-09-03,2026-04-06,150,152,180,0.6814,ACTUAL
FLIGHT,XX3049-GNM-KGR-02748124,PUJ,YBG,MG3024,2026-08-24,2025-04-11,500,26,171,0.1733,TARGET
FLIGHT,IC2027-BND-LTF-73874029,PUJ,YHZ,MG3024,2026-08-06,2026-01-18,200,79,177,0.0156,TARGET
FLIGHT,HW4030-DAT-LMP-97564915,POP,YBG,MG3024,2026-07-18,2026-06-27,21,142,355,0.7958,ACTUAL
FLIGHT,HW4030-DAT-LMP-97564915,POP,YDF,MG3024,2026-07-04,2025-02-19,500,142,178,0.0609,ACTUAL
FLIGHT,JG6213-AAS-NFL-88576694,POP,YQM,MG3024,2026-09-12,2026-08-22,21,125,193,0.2091,ACTUAL
FLIGHT,US0110-OSP-VOD-40049388,PUJ,POP,MG3024,2026-07-05,2026-03-07,120,124,152,0.9118,TARGET
FLIGHT,US0110-OSP-VOD-40049388,PUJ,YHM,MG3024,2026-09-17,2025-06-24,450,5,176,0.7555,FORECAST
FLIGHT,OB8782-DCN-BFV-04181359,POP,YVR,MG3024,2026-09-29,2025-07-06,450,128,206,0.0000,TARGET
FLIGHT,RU3274-VZW-RRH-56517962,POP,YOW,MG3024,2026-09-21,2026-09-14,7,69,186,0.7383,TARGET
FLIGHT,RU3274-VZW-RRH-56517962,PUJ,YVR,MG3024,2026-09-18,2026-09-15,3,0,190,0.1547,TARGET
FLIGHT,KZ0119-EXT-VFB-75360511,PUJ,YYT,MG3024,2026-08-24,2026-07-25,30,96,194,0.4556,FORECAST
FLIGHT,PC6039-RYY-RZM-36536218,PUJ,YQR,MG3024,2026-08-08,2025-08-23,350,44,172,0.8226,ACTUAL
FLIGHT,PC6039-RYY-RZM-36536218,POP,YUL,MG3024,2026-09-21,2025-10-06,350,69,188,0.6146,ACTUAL
FLIGHT,PC6039-RYY-RZM-36536218,POP,YXE,MG3024,2026-07-05,2026-06-21,14,67,96,0.0904,ACTUAL
FLIGHT,OE6426-CEX-DFB-38437536,POP,YUL,MG3024,2026-08-27,2026-06-13,75,31,180,0.1836,FORECAST
FLIGHT,VZ1003-XYA-OYM-20545967,PUJ,YYZ,MG3024,2026-07-16,2025-07-31,350,155,195,0.9261,FORECAST
FLIGHT,RF6041-RAY-SLE-17558517,POP,YQT,MG3024,2026-07-23,2025-08-07,350,124,197,0.8454,FORECAST
FLIGHT,RF6041-RAY-SLE-17558517,POP,YQR,MG3024,2026-07-19,2026-07-05,14,36,186,0.0132,FORECAST
FLIGHT,ME6422-ETP-KQS-17045421,PUJ,YKF,MG3024,2026-08-31,2025-06-07,450,169,172,0.5168,ACTUAL
FLIGHT,ZX8273-ZJZ-RCG-10450258,PUJ,YQM,MG3024,2026-07-06,2026-01-07,180,28,361,0.1192,ACTUAL
FLIGHT,AI5203-NBQ-TWY-41184913,PUJ,YYC,MG3024,2026-07-18,2026-02-18,150,61,194,0.2330,FORECAST
FLIGHT,EM2417-RIF-SBU-29233451,PUJ,YHZ,MG3024,2026-08-03,2025-08-18,350,157,171,0.2223,ACTUAL
FLIGHT,JR2322-BIC-IIP-43281165,POP,YYT,MG3024,2026-08-11,2025-03-29,500,6,196,0.0129,TARGET
FLIGHT,JR2322-BIC-IIP-43281165,POP,YYC,MG3024,2026-08-07,2026-05-09,90,103,196,0.1835,ACTUAL
FLIGHT,ST3020-EBU-GBI-23227752,PUJ,YYC,MG3024,2026-08-18,2026-07-04,45,25,197,0.3032,ACTUAL
FLIGHT,FO3226-END-CJE-43625854,POP,YUL,MG3024,2026-07-24,2026-05-10,75,39,190,0.1362,TARGET
FLIGHT,SV6433-RKZ-HEX-47250583,PUJ,YLW,MG3024,2026-08-30,2026-07-01,60,82,96,0.4686,TARGET
FLIGHT,HH4303-CCW-LVQ-76054576,POP,YQX,MG3024,2026-07-04,2026-06-04,30,171,190,0.2678,FORECAST
FLIGHT,DH0742-HLY-WSD-42614048,PUJ,PUJ,MG3024,2026-07-03,2026-06-30,3,21,80,0.6171,ACTUAL
FLIGHT,DH0742-HLY-WSD-42614048,POP,YYT,MG3024,2026-07-09,2025-06-04,400,7,169,0.6037,ACTUAL
FLIGHT,NZ5237-OOE-SNM-56337014,PUJ,YEG,MG3024,2026-08-08,2026-03-11,150,35,194,0.9838,ACTUAL
FLIGHT,MV0616-SID-GYL-12848369,PUJ,POP,OO5405,2026-09-23,2026-05-26,120,118,158,0.2921,FORECAST
FLIGHT,LM9490-NAQ-UFP-61002351,PUJ,EWR,OO5405,2026-07-14,2025-06-09,400,186,201,0.0439,FORECAST
FLIGHT,GI0305-XVP-SFK-17333581,POP,YDF,OO5405,2026-08-08,2026-08-01,7,131,157,0.1904,TARGET
FLIGHT,HN8220-CUK-ETW-79685462,POP,YBG,OO5405,2026-08-08,2026-02-09,180,157,190,0.5697,FORECAST
FLIGHT,HN8220-CUK-ETW-79685462,POP,YOW,OO5405,2026-08-28,2025-12-21,250,36,187,0.8518,FORECAST
FLIGHT,KE8886-JMK-ART-30431784,POP,YOW,OO5405,2026-08-06,2026-06-07,60,83,202,0.0711,FORECAST
FLIGHT,VR2632-CQT-IZY-51088589,POP,YQB,OO5405,2026-08-21,2026-07-07,45,41,193,0.1903,ACTUAL
FLIGHT,WW9818-DDZ-TTI-28178342,POP,YKF,OO5405,2026-08-28,2025-09-12,350,85,171,0.2271,TARGET
FLIGHT,VX7316-GHE-JUH-08724478,PUJ,EWR,OO5405,2026-08-15,2026-08-12,3,89,96,0.1437,TARGET
FLIGHT,IJ0277-MBD-VEH-16257510,PUJ,YXS,OO5405,2026-08-03,2026-05-05,90,0,187,0.4067,TARGET
FLIGHT,BA3668-LPJ-HSY-73847184,POP,YXS,OO5405,2026-09-12,2026-09-09,3,20,190,0.8800,FORECAST
FLIGHT,BM7482-VLF-ESF-54654763,PUJ,EWR,OO5405,2026-09-19,2025-10-04,350,157,187,0.4912,FORECAST
FLIGHT,VX4379-ZBW-QNR-08835855,PUJ,YQB,OO5405,2026-09-30,2026-07-02,90,138,163,0.8899,TARGET
FLIGHT,XJ2904-GMQ-FZP-56849785,POP,YXE,OO5405,2026-08-24,2026-02-25,180,125,203,0.8112,FORECAST
FLIGHT,BZ7867-FYK-HBY-81580867,PUJ,YDF,OO5405,2026-07-17,2025-06-12,400,66,175,0.0000,ACTUAL
FLIGHT,QG2566-XCR-AMD-08537007,PUJ,YQT,OO5405,2026-07-26,2026-04-27,90,125,223,0.1990,FORECAST
FLIGHT,IY2958-UMD-NOE-11702544,POP,YQM,OO5405,2026-09-27,2026-09-20,7,174,179,0.4039,ACTUAL
FLIGHT,IY2958-UMD-NOE-11702544,PUJ,YUL,OO5405,2026-07-26,2026-06-11,45,39,182,0.0392,TARGET
FLIGHT,UQ4465-OOW-DHW-71534278,PUJ,YKF,OO5405,2026-08-04,2026-08-01,3,144,187,0.2725,TARGET
FLIGHT,XS3287-YGE-ZYF-76654842,PUJ,YQM,OO5405,2026-07-01,2026-06-24,7,15,187,0.3617,TARGET
FLIGHT,UM2315-HTI-FRC-15876509,PUJ,YLW,OO5405,2026-07-26,2026-07-19,7,48,170,0.0181,TARGET
FLIGHT,CB0944-HAB-EOP-32065694,POP,PUJ,OO5405,2026-07-14,2026-07-11,3,7,171,0.7862,FORECAST
FLIGHT,ZM4614-GQX-GXQ-16742895,PUJ,EWR,OO5405,2026-08-29,2026-08-26,3,50,185,0.8801,FORECAST
FLIGHT,DH1117-LDP-HVG-58362492,PUJ,YWG,OO5405,2026-09-25,2025-10-10,350,47,179,0.6300,ACTUAL
FLIGHT,YC1568-KJA-FMX-21806036,PUJ,YUL,OO5405,2026-08-28,2025-09-12,350,9,205,0.8968,ACTUAL
FLIGHT,YC1568-KJA-FMX-21806036,POP,YLW,OO5405,2026-08-13,2025-12-06,250,141,186,0.1615,TARGET
FLIGHT,PJ1465-DQG-DMH-32533630,PUJ,YVR,OO5405,2026-08-25,2026-08-11,14,4,173,0.7668,FORECAST
FLIGHT,PJ1465-DQG-DMH-32533630,POP,YXS,OO5405,2026-08-10,2025-12-03,250,64,201,0.1243,TARGET
FLIGHT,YI7414-CFV-IAV-43968483,POP,YVR,OO5405,2026-07-20,2025-08-04,350,15,171,0.0892,TARGET
FLIGHT,KS6000-CRV-VEA-87163881,POP,YEG,OO5405,2026-09-19,2026-01-12,250,8,190,0.1465,TARGET
FLIGHT,SG9271-SDQ-SSZ-38198792,POP,YUL,OO5405,2026-09-04,2026-06-06,90,99,99,0.8137,ACTUAL
FLIGHT,XG4135-AGG-JMA-74968757,PUJ,PUJ,OO5405,2026-07-22,2025-06-17,400,56,195,0.0483,TARGET
FLIGHT,NY2067-UBH-THG-67774410,POP,YYZ,OO5405,2026-09-14,2026-07-31,45,149,188,0.2467,TARGET
FLIGHT,XV8439-PDX-YYD-82003409,POP,YLW,OO5405,2026-07-16,2026-07-13,3,36,200,0.8407,FORECAST
FLIGHT,XV8439-PDX-YYD-82003409,POP,YQX,OO5405,2026-07-18,2026-07-18,0,122,184,0.1190,TARGET
FLIGHT,JN5184-PQZ-QPW-97888458,POP,YKF,OO5405,2026-08-12,2025-08-27,350,67,176,0.1331,ACTUAL
FLIGHT,BM9239-ZLD-ARU-32786686,POP,YDF,OO5405,2026-08-21,2025-04-08,500,161,177,0.1038,TARGET
FLIGHT,RV9984-EAA-HFM-50305241,PUJ,PUJ,OO5405,2026-08-19,2026-05-21,90,19,198,0.1184,FORECAST
FLIGHT,YC4315-XGV-QUG-48995312,POP,YOW,OO5405,2026-07-10,2026-07-10,0,0,181,0.9074,TARGET
FLIGHT,YC4315-XGV-QUG-48995312,POP,YYC,OO5405,2026-09-12,2026-02-24,200,148,172,0.0868,FORECAST
FLIGHT,YP7942-UTF-DBD-72748215,PUJ,YFC,OO5405,2026-07-10,2026-04-11,90,108,166,0.9673,TARGET
FLIGHT,CP5079-NHC-HEI-04961965,PUJ,YYT,OO5405,2026-08-12,2026-06-28,45,144,191,0.0201,TARGET
FLIGHT,CT6627-CIL-PBN-58686237,PUJ,YYC,OO5405,2026-08-29,2026-05-31,90,184,184,0.5583,TARGET
FLIGHT,UA0227-SNY-FXI-45278430,POP,YOW,OO5405,2026-09-29,2026-09-08,21,95,176,0.8584,TARGET
FLIGHT,NR4987-WIT-WGW-20392268,POP,YHZ,OO5405,2026-08-19,2026-06-05,75,173,173,0.8755,ACTUAL
FLIGHT,FN6435-XYA-SIK-57314926,POP,YFC,OO5405,2026-09-23,2026-07-10,75,98,198,0.0808,ACTUAL
FLIGHT,YG3833-QON-RQG-86898258,PUJ,YQT,OO5405,2026-09-04,2026-09-01,3,156,199,0.0655,ACTUAL
FLIGHT,DO3868-DML-FXE-35079937,PUJ,YLW,PU9526,2026-08-03,2026-06-19,45,74,200,0.0496,FORECAST
FLIGHT,OX7867-VWH-WTP-18190597,PUJ,YYC,PU9526,2026-08-06,2025-05-13,450,117,190,0.4700,FORECAST
FLIGHT,LP2685-BAO-ERV-43858009,PUJ,YWG,PU9526,2026-09-21,2026-09-14,7,2,173,0.1594,TARGET
FLIGHT,TZ9866-VWS-FZW-45051490,PUJ,POP,PU9526,2026-09-05,2026-07-07,60,0,184,0.6080,TARGET
FLIGHT,ME8930-YUF-RJB-52185056,PUJ,POP,PU9526,2026-09-21,2026-08-07,45,69,179,0.1255,TARGET
FLIGHT,YV2377-GUR-DZH-30983145,PUJ,POP,PU9526,2026-09-05,2026-08-06,30,88,184,0.9291,ACTUAL
FLIGHT,HZ8162-FMN-IQJ-91861462,PUJ,YYT,PU9526,2026-09-18,2025-05-06,500,114,182,0.7721,ACTUAL
FLIGHT,GU5740-QOJ-OIA-73972961,PUJ,YWG,PU9526,2026-07-14,2025-11-06,250,175,181,0.6452,ACTUAL
FLIGHT,XP5657-PSS-ZBM-18344251,POP,YXU,PU9526,2026-09-02,2026-08-30,3,72,190,0.7716,TARGET
FLIGHT,PW5201-LMT-DIN-16415733,PUJ,YYZ,PU9526,2026-08-23,2026-06-09,75,32,359,0.7005,TARGET
FLIGHT,QZ0115-YTD-GFN-84232635,PUJ,YQB,PU9526,2026-07-27,2026-03-29,120,32,199,0.9856,TARGET
FLIGHT,LZ4690-GGW-MXS-31057197,POP,YFC,PU9526,2026-07-14,2025-04-20,450,0,199,0.3022,ACTUAL
FLIGHT,HF3815-JKK-EOR-76260235,PUJ,YHZ,PU9526,2026-07-10,2025-12-22,200,21,171,0.3570,FORECAST
FLIGHT,NP9699-TSG-VQD-91948746,PUJ,YUL,PU9526,2026-09-18,2026-09-18,0,133,186,0.9066,ACTUAL
FLIGHT,NP9699-TSG-VQD-91948746,POP,EWR,PU9526,2026-07-23,2026-07-16,7,6,183,0.7488,TARGET
FLIGHT,DF3190-BEJ-CLK-17586373,POP,EWR,PU9526,2026-09-02,2025-06-09,450,50,195,0.8644,ACTUAL
FLIGHT,KG3270-EQY-STM-66868584,PUJ,YBG,PU9526,2026-07-01,2026-07-01,0,31,185,0.4285,ACTUAL
FLIGHT,GC1621-BWV-WML-14947396,PUJ,YLW,PU9526,2026-09-19,2026-03-23,180,155,174,0.5184,FORECAST
FLIGHT,GC1621-BWV-WML-14947396,PUJ,YQR,PU9526,2026-09-19,2026-07-06,75,77,176,0.7999,ACTUAL
FLIGHT,BR8958-MTO-TGK-84342314,POP,YVR,PU9526,2026-09-16,2026-01-09,250,78,186,0.2754,ACTUAL
FLIGHT,SI5212-LWR-NBN-20981804,PUJ,YLW,PU9526,2026-08-30,2026-03-03,180,112,205,0.2415,FORECAST
FLIGHT,BU9991-KDZ-JXD-40508501,PUJ,YQM,PU9526,2026-09-03,2025-09-18,350,148,174,0.2895,TARGET
FLIGHT,KW4392-JKG-TXM-04240817,PUJ,YUL,PU9526,2026-09-23,2026-04-26,150,26,207,0.6276,TARGET
FLIGHT,FA9790-TNV-HLD-59117533,POP,YXS,PU9526,2026-08-24,2026-04-26,120,37,197,0.4221,FORECAST
FLIGHT,FA9790-TNV-HLD-59117533,POP,YQB,PU9526,2026-08-09,2025-03-27,500,116,212,0.8237,TARGET
FLIGHT,FA9790-TNV-HLD-59117533,POP,YQB,PU9526,2026-07-31,2026-07-10,21,164,184,0.0953,TARGET
FLIGHT,YZ4226-UNG-CLJ-30990349,PUJ,YWG,PU9526,2026-07-31,2026-06-16,45,106,193,0.5033,TARGET
FLIGHT,KF2823-EKV-GJQ-52979934,PUJ,YQX,PU9526,2026-08-05,2025-10-09,300,184,199,0.5044,TARGET
FLIGHT,KF2823-EKV-GJQ-52979934,PUJ,YVR,PU9526,2026-08-27,2025-12-20,250,26,173,0.5848,FORECAST
FLIGHT,GE7034-SDI-DAV-52696364,POP,PUJ,PU9526,2026-08-11,2026-08-04,7,30,198,0.4075,ACTUAL
FLIGHT,MP2698-NWG-AZC-33327988,PUJ,YQR,PU9526,2026-09-07,2026-08-17,21,75,167,0.0849,FORECAST
FLIGHT,NQ2287-SKW-MCJ-10966159,PUJ,YVR,PU9526,2026-09-27,2025-12-01,300,41,188,0.3530,TARGET
FLIGHT,XX7112-BEP-GAU-23859512,PUJ,YXU,PU9526,2026-08-04,2026-07-28,7,194,204,0.1375,ACTUAL
FLIGHT,SD4198-DYC-WUO-96330507,PUJ,PUJ,PU9526,2026-08-01,2026-07-29,3,23,151,0.8984,FORECAST
FLIGHT,YI9504-JHF-ODS-29802844,PUJ,POP,PU9526,2026-08-14,2026-08-11,3,161,170,0.2072,ACTUAL
FLIGHT,HQ1370-XKP-WVJ-10376226,POP,YXU,PU9526,2026-09-13,2026-09-13,0,62,170,0.0603,ACTUAL
FLIGHT,QY7181-TGR-HJP-70510473,POP,YFC,PU9526,2026-08-01,2026-01-13,200,166,191,0.2761,TARGET
FLIGHT,IY4469-ORU-SJE-59634900,PUJ,YYT,PU9526,2026-07-23,2026-01-24,180,176,193,0.7912,TARGET
FLIGHT,XA2578-PBV-XZT-09590279,PUJ,YQX,PU9526,2026-08-21,2026-08-18,3,0,192,0.7681,TARGET
FLIGHT,BO4142-ADH-ITV-84382814,POP,YHM,PU9526,2026-08-16,2026-08-16,0,0,177,0.9366,FORECAST
FLIGHT,AJ6247-RNV-XGZ-57236273,POP,YQX,PU9526,2026-08-08,2026-06-24,45,64,122,0.2772,ACTUAL
FLIGHT,FO2766-SRZ-UHI-51502528,PUJ,YHM,ID2600,2026-08-11,2026-07-12,30,92,175,0.7646,TARGET
FLIGHT,PZ7771-DYQ-JEK-27863090,POP,YXE,ID2600,2026-09-29,2026-09-15,14,100,176,0.8822,TARGET
FLIGHT,AO1210-EWI-EGJ-47305777,POP,YQR,ID2600,2026-09-22,2026-09-15,7,122,142,0.7161,TARGET
FLIGHT,VH6015-PZU-SDC-50101626,POP,YLW,ID2600,2026-09-08,2026-04-11,150,124,160,0.0000,TARGET
FLIGHT,WQ6643-ZEA-GCP-26652824,PUJ,YXE,ID2600,2026-09-29,2026-09-15,14,22,205,0.6235,TARGET
FLIGHT,VL5737-IRZ-XZX-52512258,PUJ,YQT,ID2600,2026-08-06,2025-05-13,450,38,194,0.9147,ACTUAL
FLIGHT,CH7880-XFV-CBS-36767777,PUJ,YEG,ID2600,2026-07-09,2025-09-12,300,147,188,0.1201,ACTUAL
FLIGHT,CH7880-XFV-CBS-36767777,POP,YLW,ID2600,2026-07-13,2025-12-25,200,26,203,0.2191,FORECAST
FLIGHT,GU1351-JUQ-KKX-07026406,PUJ,YBG,ID2600,2026-07-30,2026-01-31,180,7,179,0.8046,ACTUAL
FLIGHT,GU1351-JUQ-KKX-07026406,PUJ,YUL,ID2600,2026-08-12,2026-07-29,14,41,179,0.7092,TARGET
FLIGHT,YR9199-JTL-CMV-59919456,PUJ,YQB,ID2600,2026-08-14,2026-08-11,3,125,191,0.8137,TARGET
FLIGHT,VJ4645-EHS-AAI-15242867,POP,YLW,ID2600,2026-09-02,2025-11-06,300,85,188,0.5492,ACTUAL
FLIGHT,WB7346-BVH-DND-34079921,POP,YQR,ID2600,2026-08-14,2026-08-14,0,86,184,0.7190,ACTUAL
FLIGHT,RS4093-NXH-MIN-05955161,PUJ,YQX,ID2600,2026-08-13,2026-04-15,120,29,198,0.0907,ACTUAL
FLIGHT,YT1986-HOV-UAQ-55360622,PUJ,YBG,ID2600,2026-09-16,2026-08-02,45,30,207,0.2225,FORECAST
FLIGHT,OP9036-NMM-HMU-94728132,POP,YYT,ID2600,2026-07-07,2026-01-08,180,25,173,0.2849,ACTUAL
FLIGHT,NK9845-AGG-VPT-02940375,POP,YYC,ID2600,2026-08-31,2026-07-17,45,127,206,0.4368,FORECAST
FLIGHT,GL3132-WIX-KEW-75671950,POP,YHZ,ID2600,2026-09-28,2026-09-07,21,81,156,0.1411,TARGET
FLIGHT,VX4577-ZNM-CXH-88655009,POP,YQR,ID2600,2026-07-26,2025-03-13,500,125,168,0.7293,ACTUAL
FLIGHT,CW5956-XOQ-GEG-95936019,POP,YLW,ID2600,2026-07-11,2026-04-27,75,0,196,0.4656,ACTUAL
FLIGHT,IX9095-INR-URP-30588681,PUJ,YYT,ID2600,2026-09-02,2025-06-09,450,110,160,0.2909,ACTUAL
FLIGHT,FV9412-KSO-TTX-90323887,PUJ,YYC,ID2600,2026-07-25,2025-03-12,500,5,172,0.3756,TARGET
FLIGHT,RK9532-KZU-SHW-99337970,POP,POP,IY6332,2026-09-02,2026-07-04,60,28,169,0.1682,ACTUAL
FLIGHT,RB8662-RCG-OFD-43308003,POP,YWG,IY6332,2026-07-15,2026-02-15,150,29,169,0.5529,FORECAST
FLIGHT,XH7984-IAW-SPC-23166007,PUJ,YEG,IY6332,2026-07-25,2026-07-04,21,84,174,0.2775,FORECAST
FLIGHT,NO6209-BVC-YIW-47340433,PUJ,YYC,IY6332,2026-09-10,2026-06-12,90,9,196,0.8776,TARGET
FLIGHT,NO6209-BVC-YIW-47340433,POP,YYC,IY6332,2026-09-21,2025-06-28,450,64,178,0.7658,ACTUAL
FLIGHT,DS0482-XHV-WZK-71558686,POP,YBG,IY6332,2026-07-25,2026-05-26,60,20,177,0.1553,FORECAST
FLIGHT,DS0482-XHV-WZK-71558686,POP,YYZ,IY6332,2026-08-18,2025-10-22,300,29,163,0.6127,ACTUAL
FLIGHT,DS0482-XHV-WZK-71558686,POP,YOW,IY6332,2026-09-12,2026-07-29,45,155,177,0.6186,ACTUAL
FLIGHT,AF1923-OVR-LRI-71296180,POP,YQR,IY6332,2026-08-01,2026-02-02,180,46,170,0.9496,ACTUAL
FLIGHT,KH7337-PPG-DFM-88122821,POP,YVR,IY6332,2026-09-24,2026-07-11,75,176,190,0.7679,FORECAST
FLIGHT,GK7422-GGW-EEF-80194425,PUJ,YXS,IY6332,2026-08-25,2025-07-21,400,6,191,0.2228,TARGET
FLIGHT,CG6496-PIW-LDW-45375257,POP,YXS,QN3070,2026-08-11,2026-05-13,90,52,195,0.5712,TARGET
FLIGHT,AT8383-CSH-INK-02758603,PUJ,YBG,QN3070,2026-09-18,2026-08-19,30,52,169,0.3941,FORECAST
FLIGHT,KM4347-MBV-VQR-23092587,PUJ,YYC,QN3070,2026-07-21,2025-11-13,250,186,186,0.5108,ACTUAL
FLIGHT,KM4347-MBV-VQR-23092587,PUJ,YBG,QN3070,2026-08-14,2025-05-21,450,72,169,0.5035,ACTUAL
FLIGHT,IL5414-YAR-UKO-96229511,POP,YKF,QN3070,2026-09-28,2025-12-02,300,83,178,0.5174,ACTUAL
FLIGHT,UT3180-JVJ-YPT-40505159,POP,YQB,HR2244,2026-08-20,2025-10-24,300,43,192,0.7243,FORECAST
FLIGHT,PF9836-YCS-UJW-10282963,POP,YLW,HR2244,2026-09-09,2026-08-10,30,30,181,0.0392,ACTUAL
FLIGHT,GQ8801-UEF-CEI-36521010,POP,YVR,HR2244,2026-08-27,2026-07-28,30,68,187,0.0017,TARGET
FLIGHT,OZ4520-XLW-BBS-91197158,PUJ,YYC,HR2244,2026-09-09,2026-08-26,14,135,175,0.4326,ACTUAL
FLIGHT,AQ5111-KAV-WJD-22501128,POP,YQR,HR2244,2026-07-31,2026-02-01,180,168,202,0.9260,TARGET
FLIGHT,OY5082-MOZ-BGS-09738079,POP,YYZ,HR2244,2026-09-12,2026-07-29,45,131,199,0.2883,ACTUAL
FLIGHT,SD4937-DTC-BIL-14146881,PUJ,EWR,HR2244,2026-08-31,2026-08-31,0,78,183,0.8205,TARGET
FLIGHT,JQ1444-HYS-IIN-92662639,POP,YOW,HR2244,2026-09-16,2025-05-04,500,171,171,0.5899,TARGET
FLIGHT,JO0485-XYK-BFG-13744715,PUJ,YQT,HR2244,2026-09-04,2026-04-07,150,31,164,0.3377,ACTUAL
FLIGHT,ML0371-KXW-AAP-48838268,POP,YEG,HR2244,2026-09-05,2026-08-29,7,80,195,0.1789,ACTUAL
FLIGHT,XX9668-NNO-SRT-94706170,POP,YQX,TC0312,2026-09-23,2026-09-20,3,80,168,0.9286,ACTUAL
FLIGHT,JW3596-SQK-AIK-05669375,PUJ,POP,TC0312,2026-07-11,2026-04-12,90,10,170,0.3763,ACTUAL
FLIGHT,BV3857-NXF-YMJ-81638493,PUJ,YQM,TC0312,2026-07-12,2026-06-12,30,0,193,0.3130,ACTUAL
FLIGHT,YX6806-GKQ-LHA-10127896,POP,YYC,TC0312,2026-08-27,2026-08-27,0,38,184,0.7925,TARGET
FLIGHT,MK6203-XNG-IJV-43946896,POP,YYT,TC0312,2026-08-30,2026-04-02,150,0,174,0.3406,TARGET
FLIGHT,XX3318-CVE-GHL-76170731,PUJ,YXE,TC0312,2026-07-26,2026-07-12,14,110,165,0.9273,FORECAST
FLIGHT,OJ4577-NFV-NEM-36785089,POP,YEG,TC0312,2026-08-24,2025-07-20,400,87,87,0.2881,TARGET
FLIGHT,UW0940-ZNL-MLX-82344538,POP,YXU,TC0312,2026-09-14,2026-09-11,3,130,172,0.0672,FORECAST
FLIGHT,UW0940-ZNL-MLX-82344538,PUJ,YQT,TC0312,2026-09-11,2026-01-04,250,162,186,0.6665,FORECAST
FLIGHT,ZK6535-FGV-ENN-00047091,PUJ,YXE,TC0312,2026-09-28,2026-06-30,90,24,192,0.2836,ACTUAL
FLIGHT,ZK6535-FGV-ENN-00047091,PUJ,YQB,TC0312,2026-08-11,2026-08-11,0,23,172,0.7687,ACTUAL
FLIGHT,RD5837-ZIM-NCJ-47761868,PUJ,YOW,TC0312,2026-09-30,2026-07-02,90,48,179,0.0000,ACTUAL
FLIGHT,MB4747-HGR-SCI-78524744,POP,YYT,TC0312,2026-08-05,2026-04-07,120,25,186,0.0796,ACTUAL
FLIGHT,EA3594-JDA-XVF-38735186,PUJ,PUJ,TC0312,2026-08-26,2025-12-19,250,35,184,0.5686,TARGET
FLIGHT,NJ7741-GCG-LCQ-30258534,PUJ,YHZ,TC0312,2026-08-11,2026-01-23,200,109,172,0.8178,FORECAST
FLIGHT,NJ7741-GCG-LCQ-30258534,PUJ,YBG,TC0312,2026-08-25,2026-08-22,3,27,185,0.9023,TARGET
FLIGHT,ZT0984-WVZ-CFR-65581675,POP,YFC,TC0312,2026-07-01,2026-02-01,150,67,180,0.0778,FORECAST
FLIGHT,YT2383-DSH-JRY-91800381,POP,YYZ,TC0312,2026-08-14,2026-06-15,60,103,171,0.2082,FORECAST
FLIGHT,IM3429-FJF-DWT-59730912,POP,YYZ,TC0312,2026-08-25,2026-08-18,7,85,187,0.9119,TARGET
FLIGHT,BC5303-BZJ-JAO-78110965,POP,YXE,TC0312,2026-09-02,2025-12-26,250,39,181,0.3350,TARGET
FLIGHT,TR4557-NXW-NHX-45418299,PUJ,YFC,TC0312,2026-09-15,2025-09-30,350,47,178,0.1479,ACTUAL
FLIGHT,KO5768-ENU-GZN-90089730,PUJ,YWG,UW3816,2026-09-22,2026-09-15,7,170,184,0.2442,ACTUAL
FLIGHT,KO5768-ENU-GZN-90089730,PUJ,YYC,UW3816,2026-07-18,2026-07-15,3,100,178,0.8333,FORECAST
FLIGHT,HN5907-OIN-OZI-33409705,POP,YYT,UW3816,2026-09-04,2026-07-21,45,153,183,1.0221,TARGET
FLIGHT,ZW7418-CQW-EOC-51319482,POP,YVR,UW3816,2026-07-17,2026-01-18,180,5,178,0.8551,FORECAST
FLIGHT,MU8354-PHO-JKO-14727479,PUJ,YXU,UW3816,2026-07-15,2025-09-18,300,43,186,0.1960,ACTUAL
FLIGHT,EI8223-BUN-JEX-11684603,PUJ,YYC,KR0307,2026-09-30,2026-07-02,90,9,175,0.2765,FORECAST
FLIGHT,UV4631-YVA-PRT-07869576,PUJ,YXE,KR0307,2026-08-25,2025-07-21,400,123,361,0.0952,TARGET
FLIGHT,UA9529-AKX-ZVL-09579281,PUJ,YYT,KR0307,2026-08-26,2026-08-05,21,129,201,0.4381,TARGET
FLIGHT,OS5928-EYF-GHC-25677250,POP,YQX,KR0307,2026-08-07,2026-06-23,45,85,166,0.7224,FORECAST
FLIGHT,OS5928-EYF-GHC-25677250,POP,YKF,KR0307,2026-08-08,2026-08-05,3,106,150,0.1742,TARGET
FLIGHT,WH810-DYG-MEI-08319526,POP,YLW,XN910,2026-08-17,2026-07-27,21,92,174,0.1638,FORECAST
FLIGHT,WH810-DYG-MEI-08319526,POP,EWR,XN910,2026-09-03,2026-04-06,150,22,179,0.2259,ACTUAL
FLIGHT,WH810-DYG-MEI-08319526,POP,YWG,XN910,2026-08-18,2026-06-04,75,23,172,0.9323,TARGET
FLIGHT,XQ848-RAY-LSK-47420028,POP,YKF,XN910,2026-07-03,2026-06-26,7,157,197,0.8819,ACTUAL
FLIGHT,SX234-ZHV-ODJ-24388013,POP,YUL,XN910,2026-09-03,2026-08-20,14,63,199,0.5142,ACTUAL
FLIGHT,FF247-UBH-FUW-13378006,POP,YXU,XN910,2026-07-14,2026-05-30,45,24,187,0.8894,FORECAST
FLIGHT,FF247-UBH-FUW-13378006,PUJ,YLW,XN910,2026-07-21,2026-06-06,45,48,183,0.8163,FORECAST
FLIGHT,FF413-VWF-XXS-50102323,POP,YYT,XN910,2026-08-11,2025-03-29,500,143,158,0.7717,TARGET
FLIGHT,EB360-SMA-GHP-49612690,PUJ,YFC,VF588,2026-09-25,2025-07-02,450,69,73,0.1171,FORECAST
FLIGHT,SC949-FGK-TWW-20273049,POP,YEG,VF588,2026-09-10,2026-09-03,7,116,184,0.1091,FORECAST
FLIGHT,VG755-RIT-DEU-82642491,POP,YQB,VF588,2026-09-23,2026-09-23,0,103,184,0.2711,ACTUAL
FLIGHT,IY859-MDQ-TJM-58547398,PUJ,YQR,VF588,2026-07-10,2026-06-10,30,16,179,0.6409,FORECAST
FLIGHT,IY859-MDQ-TJM-58547398,PUJ,YXE,VF588,2026-07-28,2026-03-30,120,88,182,0.0823,FORECAST
FLIGHT,AI648-VGV-OCK-30376317,PUJ,YEG,VF588,2026-08-28,2026-07-29,30,161,197,0.6194,ACTUAL
FLIGHT,OH475-GUD-PZR-41647560,PUJ,PUJ,VF588,2026-07-24,2026-07-03,21,48,183,0.3492,ACTUAL
FLIGHT,YD940-TJL-COO-90171548,POP,YQX,VF588,2026-09-07,2025-11-11,300,37,193,0.0441,TARGET
FLIGHT,YD940-TJL-COO-90171548,PUJ,YLW,VF588,2026-09-25,2026-01-18,250,168,168,0.3941,ACTUAL
FLIGHT,IV059-UYR-BEV-60294420,PUJ,YQB,UV281,2026-08-21,2026-02-02,200,159,190,0.9711,TARGET
FLIGHT,PT089-JLQ-TYW-62683848,POP,YQB,UV281,2026-09-11,2025-09-26,350,31,176,0.8490,FORECAST
FLIGHT,XD231-KKK-UBV-57052187,POP,YOW,UV281,2026-07-11,2026-05-27,45,129,129,0.1567,TARGET
FLIGHT,PB123-UZK-BGM-87156891,POP,YOW,UV281,2026-07-01,2025-10-24,250,73,155,0.8322,ACTUAL
FLIGHT,XL185-UXI-RHS-66073446,POP,YYC,UV281,2026-09-17,2026-08-18,30,125,185,0.8643,FORECAST
FLIGHT,NC705-AFF-CQV-16981413,POP,YQX,UV281,2026-07-07,2026-06-16,21,112,176,0.8193,ACTUAL
FLIGHT,YW9916-VLB-RDC-36403484,POP,YXS,PD3228,2026-09-14,2026-07-31,45,0,172,0.2282,TARGET
FLIGHT,RI3770-AWN-FZP-95951429,PUJ,YVR,PD3228,2026-07-14,2026-03-16,120,49,152,0.0846,FORECAST
FLIGHT,DE9457-MCX-XHB-49484142,POP,YHZ,PD3228,2026-07-18,2026-05-04,75,15,176,0.7213,TARGET
FLIGHT,QO0894-CXA-PXS-11611464,POP,EWR,PD3228,2026-09-18,2026-09-15,3,66,183,0.4893,ACTUAL
FLIGHT,ZB4441-LNY-MVH-05727562,PUJ,PUJ,MG5852,2026-09-06,2025-12-30,250,143,185,0.1339,FORECAST
FLIGHT,NP7946-MRK-GFI-14842689,POP,YXE,MG5852,2026-07-03,2025-04-09,450,0,160,0.0328,FORECAST
FLIGHT,CY9242-OSH-IMR-29851652,PUJ,YXS,MG5852,2026-08-08,2026-04-10,120,144,165,0.9187,ACTUAL
FLIGHT,PP9606-VRQ-ZQV-67420505,PUJ,YQT,MG5852,2026-09-20,2026-09-06,14,6,187,0.9262,TARGET
FLIGHT,PR4622-CMG-IYN-51865153,POP,YLW,MG5852,2026-08-23,2026-07-09,45,75,164,0.7292,FORECAST
FLIGHT,WK5226-JCX-EIM-55295787,PUJ,YXE,MG5852,2026-09-17,2025-10-02,350,12,197,0.1777,FORECAST
FLIGHT,ER2391-GEV-WCR-36694983,PUJ,YYT,MG5852,2026-09-23,2026-07-25,60,33,103,0.0631,FORECAST
FLIGHT,ER2391-GEV-WCR-36694983,PUJ,YWG,MG5852,2026-08-24,2025-09-08,350,173,173,0.1306,TARGET
FLIGHT,EP1370-UEI-JMT-84598909,POP,EWR,MG5852,2026-08-18,2026-08-18,0,17,164,0.1601,ACTUAL
FLIGHT,BM6094-OQG-BNE-64658899,PUJ,YHM,MG5852,2026-08-12,2026-05-14,90,15,212,0.4041,FORECAST
FLIGHT,BM6094-OQG-BNE-64658899,POP,YVR,MG5852,2026-09-08,2025-08-04,400,165,195,0.0866,TARGET
FLIGHT,RP2444-MHC-EXQ-42092749,PUJ,POP,MG5852,2026-08-25,2026-08-11,14,20,175,0.8254,TARGET
FLIGHT,PL1900-GFF-XNA-73478432,PUJ,PUJ,MG5852,2026-08-30,2026-05-02,120,122,122,0.8958,ACTUAL
FLIGHT,PL1900-GFF-XNA-73478432,POP,YQR,MG5852,2026-09-23,2026-04-26,150,80,178,0.0152,TARGET
FLIGHT,OW6730-XLR-KRF-19645996,POP,YKF,MG5852,2026-09-10,2026-04-13,150,87,189,0.0385,FORECAST
FLIGHT,RE2431-EVV-CEL-58898392,POP,YBG,MG5852,2026-09-21,2026-06-23,90,14,201,0.5703,TARGET
FLIGHT,HN6497-BMU-TKS-90196433,PUJ,YWG,BT9587,2026-08-20,2026-03-23,150,69,189,0.4607,ACTUAL
FLIGHT,JA0001-GYO-IGO-84710738,PUJ,YQT,BT9587,2026-07-15,2026-07-15,0,18,192,0.6170,FORECAST
FLIGHT,JB2696-HCK-WLU-58008757,PUJ,YQB,BT9587,2026-09-06,2026-02-18,200,137,182,0.4828,TARGET
FLIGHT,IM8501-VGU-RCH-85418429,POP,YVR,BT9587,2026-07-16,2026-04-17,90,7,152,0.3946,FORECAST
FLIGHT,MB5497-CFP-SHC-08262775,PUJ,PUJ,BT9587,2026-07-22,2026-01-23,180,56,194,0.2081,TARGET
FLIGHT,KT7470-USD-JQO-19290833,POP,YFC,BT9587,2026-07-09,2025-02-24,500,51,159,0.0145,FORECAST
FLIGHT,VT9169-SFX-WOO-08665748,POP,YQX,BT9587,2026-09-22,2026-04-25,150,44,161,0.6287,TARGET
FLIGHT,XN8233-YPH-HSH-47412678,PUJ,EWR,BT9587,2026-09-10,2026-07-27,45,6,184,0.0420,FORECAST
FLIGHT,UK9053-OLZ-YUV-49904951,POP,YQR,EW7257,2026-09-27,2026-09-06,21,47,172,0.8394,TARGET
FLIGHT,UK9053-OLZ-YUV-49904951,PUJ,YBG,EW7257,2026-08-13,2026-01-25,200,75,166,0.7328,FORECAST
FLIGHT,ZV7274-BMJ-PZB-88704491,PUJ,YVR,EW7257,2026-09-23,2026-05-26,120,80,190,0.5295,FORECAST
FLIGHT,VP1996-DHY-WVV-06957071,POP,YQT,EW7257,2026-09-18,2026-07-20,60,22,185,0.0684,ACTUAL
FLIGHT,GE8000-YDT-KTJ-08749503,POP,YYT,EW7257,2026-09-27,2026-09-20,7,11,187,0.0715,FORECAST
FLIGHT,NZ2094-QJW-UMC-80288239,PUJ,YHZ,EW7257,2026-07-24,2026-07-21,3,56,177,0.8728,FORECAST
FLIGHT,KB6983-FCZ-IWU-45686314,PUJ,YYC,EW7257,2026-09-02,2026-08-19,14,22,176,0.8155,FORECAST
FLIGHT,BX2749-MEZ-HRH-84403765,POP,YYZ,DU3168,2026-09-12,2025-11-16,300,71,207,0.6565,FORECAST
FLIGHT,MK7374-YIT-MMM-07236604,POP,EWR,DU3168,2026-09-07,2026-09-07,0,167,190,0.4858,ACTUAL
FLIGHT,MK7374-YIT-MMM-07236604,PUJ,YDF,DU3168,2026-09-01,2026-09-01,0,16,186,0.5415,TARGET
FLIGHT,MK7374-YIT-MMM-07236604,POP,YXU,DU3168,2026-07-19,2026-06-19,30,0,193,0.0955,TARGET
FLIGHT,EI8135-HPM-IFT-83930395,PUJ,YFC,DU3168,2026-07-05,2025-10-28,250,23,167,0.1421,FORECAST
FLIGHT,AK7368-XSD-BQX-04175694,POP,YQM,DU3168,2026-08-24,2026-03-27,150,135,184,0.5302,FORECAST
FLIGHT,PY1252-YBC-TGB-64691267,PUJ,YWG,RH8865,2026-09-27,2026-08-13,45,147,175,0.9194,TARGET
FLIGHT,AJ2797-ITG-LIS-21018188,POP,YHM,RH8865,2026-08-08,2026-02-09,180,126,154,0.4809,ACTUAL
FLIGHT,UT6991-GEY-USH-57538481,POP,PUJ,RH8865,2026-09-11,2026-06-13,90,90,90,0.2464,FORECAST
FLIGHT,JU1756-CMQ-BTK-64185413,POP,YYZ,RH8865,2026-08-29,2026-08-08,21,58,180,0.3884,TARGET
FLIGHT,UT1578-FSB-WKF-49221911,POP,YEG,RH8865,2026-07-11,2026-07-08,3,158,168,0.0116,TARGET
FLIGHT,UY654-GAQ-VXZ-95231202,POP,YKF,SN794,2026-09-22,2026-03-26,180,161,194,0.0879,FORECAST
FLIGHT,VR2001-GPV-MQH-52813724,PUJ,YEG,LR9913,2026-07-20,2026-06-20,30,115,167,0.0482,ACTUAL
FLIGHT,VC7562-UZM-TSY-62083479,PUJ,YYZ,PL4289,2026-08-09,2025-07-05,400,45,196,0.8309,FORECAST
FLIGHT,PQ8876-LNW-TTH-13606229,POP,YVR,PL4289,2026-09-19,2026-06-21,90,100,189,0.2028,TARGET
FLIGHT,NQ8568-XJV-NPN-78096458,POP,YQT,PL4289,2026-09-07,2025-08-03,400,163,167,0.8230,FORECAST
FLIGHT,NQ8568-XJV-NPN-78096458,POP,YXU,PL4289,2026-08-12,2026-04-14,120,27,185,0.5706,TARGET
FLIGHT,NQ8568-XJV-NPN-78096458,PUJ,YDF,PL4289,2026-08-28,2026-03-01,180,126,180,0.2907,FORECAST
FLIGHT,RB9846-UWB-CZU-80403348,PUJ,YKF,PL4289,2026-09-15,2025-09-30,350,105,172,0.7281,ACTUAL
FLIGHT,AC5373-LZQ-MMX-71554460,POP,YYZ,PL4289,2026-08-17,2026-08-17,0,179,180,0.0000,ACTUAL
FLIGHT,LH9260-TNP-IXM-27205364,PUJ,YYT,PL4289,2026-08-02,2026-01-14,200,138,169,0.1214,TARGET
FLIGHT,LH9260-TNP-IXM-27205364,PUJ,YQM,PL4289,2026-09-05,2026-02-17,200,25,187,0.7304,FORECAST
FLIGHT,TS1192-WQL-NOX-28502155,POP,YQM,PL4289,2026-09-28,2026-09-21,7,131,174,0.0697,ACTUAL
FLIGHT,TQ1775-LCE-SVW-44149253,PUJ,YXU,PL4289,2026-09-06,2026-09-03,3,186,186,0.8714,FORECAST
FLIGHT,VD6498-FQY-VYH-85974776,POP,YBG,PL4289,2026-07-17,2026-02-17,150,42,200,1.0206,TARGET
FLIGHT,CU6849-VQU-XST-12638279,POP,YYZ,AA5674,2026-08-17,2026-07-03,45,172,186,0.0992,FORECAST
FLIGHT,WI2985-XEP-BJT-73444634,PUJ,YUL,AA5674,2026-08-20,2026-03-23,150,4,179,0.4747,TARGET
FLIGHT,WI2985-XEP-BJT-73444634,POP,YFC,AA5674,2026-08-02,2025-05-09,450,51,203,0.1415,FORECAST
FLIGHT,JR954-PQP-MYW-98999275,POP,YBG,KF262,2026-09-12,2026-06-29,75,130,154,0.1106,FORECAST
FLIGHT,UZ753-MPW-ISO-85249141,POP,YLW,KF262,2026-08-16,2026-07-26,21,171,171,0.0276,ACTUAL
FLIGHT,NH339-TSY-IRL-32089532,POP,POP,KF262,2026-07-19,2026-02-19,150,71,71,0.1989,ACTUAL
FLIGHT,DT666-JLA-KPG-03627924,PUJ,YWG,KF262,2026-07-07,2026-02-07,150,137,203,0.4084,TARGET
FLIGHT,GI841-OWW-DSH-22571779,POP,YXE,CZ101,2026-08-22,2025-05-29,450,87,171,0.8337,ACTUAL
FLIGHT,FX341-HEJ-FNW-28989365,POP,YQX,CZ101,2026-07-18,2026-06-03,45,62,175,0.3640,TARGET
FLIGHT,DJ754-VQX-QAZ-61747383,POP,YXS,CZ101,2026-08-01,2026-02-02,180,94,185,0.3663,FORECAST
FLIGHT,EL536-KVW-ZVL-56059233,POP,YYZ,CZ101,2026-09-25,2026-01-18,250,4,153,1.0397,ACTUAL
FLIGHT,CB420-VOC-UBC-56339180,POP,POP,CZ101,2026-07-11,2026-07-08,3,122,189,0.6748,TARGET
FLIGHT,CB420-VOC-UBC-56339180,POP,EWR,CZ101,2026-08-06,2025-08-21,350,85,196,0.3283,ACTUAL
FLIGHT,CH308-DLV-CCU-30010589,POP,YQR,CZ101,2026-09-17,2026-04-20,150,73,194,0.7694,ACTUAL
FLIGHT,WL627-LOP-OVO-83218673,POP,YYT,CZ101,2026-07-16,2026-06-16,30,87,174,0.1879,FORECAST
FLIGHT,EH248-UII-IIB-51374887,PUJ,YQR,CZ101,2026-08-25,2025-07-21,400,10,178,0.0374,FORECAST
FLIGHT,BL548-ABL-OXF-52944930,POP,EWR,CZ101,2026-07-31,2026-06-16,45,138,194,0.9203,TARGET
FLIGHT,MG1995-XUM-TUK-59227764,POP,YQR,YV9266,2026-09-09,2025-09-24,350,171,173,0.0035,ACTUAL
FLIGHT,ZC4900-GZR-KAF-55134448,PUJ,YYT,YV9266,2026-07-28,2025-11-20,250,145,180,0.6726,TARGET
FLIGHT,CE0409-KJH-OPU-66183085,PUJ,YVR,YV9266,2026-07-19,2025-09-22,300,22,157,0.2502,TARGET
FLIGHT,BF3028-NKU-WKW-05224114,POP,YQR,YV9266,2026-08-26,2026-06-27,60,58,184,0.2605,FORECAST
FLIGHT,BF3028-NKU-WKW-05224114,POP,YYT,YV9266,2026-09-21,2026-03-05,200,134,193,0.9709,TARGET
FLIGHT,LH8116-ZQU-GWO-10307372,POP,YKF,YV9266,2026-09-26,2026-05-29,120,158,183,0.4868,ACTUAL
FLIGHT,HT1016-DFL-ZYS-01639949,POP,YQM,YV9266,2026-08-09,2025-03-27,500,12,204,0.9736,TARGET
FLIGHT,BY1333-IIG-PVN-73481409,POP,YKF,YV9266,2026-07-28,2025-08-12,350,150,196,0.0000,ACTUAL
FLIGHT,NG9138-ZCB-UPJ-91619423,PUJ,YQB,YV9266,2026-09-10,2026-09-03,7,54,188,0.2514,TARGET
FLIGHT,WO9899-IQQ-LNM-94899300,PUJ,YQT,YV9266,2026-08-27,2026-04-29,120,180,180,0.1762,ACTUAL
FLIGHT,WO9899-IQQ-LNM-94899300,PUJ,EWR,YV9266,2026-08-02,2025-08-17,350,39,116,0.6800,TARGET
FLIGHT,BA4108-IOT-ZDH-51135053,PUJ,YQR,YV9266,2026-08-02,2026-07-30,3,8,211,0.9864,ACTUAL
FLIGHT,RY4290-NTN-SUB-45289860,PUJ,YYC,YV9266,2026-09-10,2025-09-25,350,35,178,0.1121,ACTUAL
FLIGHT,MH1138-RLB-GJF-36220334,POP,EWR,OQ8459,2026-07-21,2026-06-06,45,114,179,0.3384,TARGET
FLIGHT,FO5233-EQE-TZH-02025691,PUJ,YDF,OQ8459,2026-08-26,2025-12-19,250,133,201,0.9414,ACTUAL
FLIGHT,TS6254-GQI-QAP-52034476,PUJ,YHM,SD9769,2026-08-11,2025-03-29,500,54,171,0.1357,FORECAST
FLIGHT,ZH1100-XZK-TCE-97519102,POP,YYZ,SD9769,2026-07-31,2026-07-31,0,87,174,0.0525,ACTUAL
FLIGHT,XV1595-WVT-VCS-45757574,PUJ,YOW,SD9769,2026-08-14,2026-08-14,0,61,166,0.6469,TARGET
FLIGHT,UR0049-RHW-FCU-12212154,POP,EWR,ZS2708,2026-08-14,2025-04-01,500,107,174,0.5327,FORECAST
FLIGHT,QV1582-NRN-RPM-40191854,PUJ,YHM,ZS2708,2026-07-29,2026-05-30,60,20,168,0.7145,FORECAST
FLIGHT,RR0644-YEV-ABZ-62987787,PUJ,YBG,ZS2708,2026-07-06,2026-04-07,90,16,186,0.6867,ACTUAL
FLIGHT,CJ5244-RNI-YSC-53509043,PUJ,POP,ZS2708,2026-08-16,2025-04-03,500,8,186,0.0372,ACTUAL
FLIGHT,SZ2050-TDM-GHS-23625932,POP,YEG,ZS2708,2026-07-08,2026-07-01,7,47,184,0.4632,TARGET
FLIGHT,VW9607-TZC-DPE-92335913,POP,YHM,ZS2708,2026-08-20,2026-07-06,45,14,189,0.8058,ACTUAL
FLIGHT,JI8345-DSS-LKA-89775472,PUJ,YKF,ZS2708,2026-09-15,2026-09-15,0,23,157,0.2566,TARGET
FLIGHT,VO7149-JRP-FJQ-49261528,PUJ,YHM,ZS2708,2026-09-09,2025-06-16,450,131,189,0.0750,ACTUAL
FLIGHT,QF2092-LFU-DAU-94235479,POP,EWR,ZS2708,2026-07-04,2025-02-19,500,0,172,0.6804,ACTUAL
FLIGHT,JT4080-TCB-ANS-56981983,POP,YXS,ZS2708,2026-08-29,2026-08-08,21,56,171,0.4007,ACTUAL
FLIGHT,FU5216-LHR-TOY-39076667,POP,EWR,ZS2708,2026-07-30,2025-03-17,500,150,202,0.0620,FORECAST
FLIGHT,FU5216-LHR-TOY-39076667,PUJ,YFC,ZS2708,2026-09-01,2026-03-05,180,148,189,0.9358,ACTUAL
FLIGHT,BQ1053-KED-NFE-96522119,POP,YXE,YJ2090,2026-08-12,2025-07-08,400,168,177,0.3784,FORECAST
FLIGHT,TL6285-SVW-CMT-15820910,POP,YQX,YJ2090,2026-07-21,2026-07-21,0,50,196,0.2228,FORECAST
FLIGHT,GS9119-WNX-YQW-62113759,PUJ,YFC,YJ2090,2026-09-19,2025-06-26,450,164,178,0.9124,FORECAST
FLIGHT,NJ8872-BMP-TOV-23842818,PUJ,YQB,YJ2090,2026-07-06,2025-09-09,300,166,192,0.2032,FORECAST
FLIGHT,KM3935-DHA-HTT-49201330,POP,YXS,YJ2090,2026-09-18,2026-04-21,150,118,177,0.0902,FORECAST
FLIGHT,OC1967-IVP-OKG-16279706,POP,YDF,YJ2090,2026-08-08,2026-02-09,180,125,191,0.0871,FORECAST
FLIGHT,XM9995-LCK-ZJB-32892624,PUJ,YQB,YJ2090,2026-07-21,2025-03-08,500,112,184,0.3355,FORECAST
FLIGHT,HP4790-WRQ-PXW-68838491,POP,YQR,YJ2090,2026-09-02,2025-12-26,250,27,166,0.1672,TARGET
FLIGHT,NS7157-WMX-WER-94806335,POP,YXU,YJ2090,2026-09-04,2025-09-19,350,131,164,0.4385,TARGET
FLIGHT,NS7157-WMX-WER-94806335,PUJ,YYC,YJ2090,2026-08-21,2026-06-22,60,41,179,0.2222,ACTUAL
FLIGHT,XV1862-WMZ-IOZ-78809367,POP,YOW,YJ2090,2026-09-16,2026-05-19,120,21,177,0.5031,TARGET
FLIGHT,CZ4501-YNE-JJJ-00903722,PUJ,YVR,YJ2090,2026-09-20,2026-04-23,150,6,199,0.0000,TARGET
FLIGHT,JO2424-HBL-MSN-05808230,POP,YHM,YJ2090,2026-07-05,2025-07-20,350,137,184,0.8399,TARGET
FLIGHT,JO2424-HBL-MSN-05808230,POP,YBG,YJ2090,2026-08-04,2026-08-01,3,126,179,0.2824,TARGET
FLIGHT,AM7992-VQJ-MGS-55564226,POP,YYT,YJ2090,2026-08-20,2025-04-07,500,150,186,0.1235,FORECAST
FLIGHT,AV8175-TOW-ADV-19080479,PUJ,YBG,YJ2090,2026-07-13,2026-04-14,90,57,175,0.3048,ACTUAL
FLIGHT,AV8175-TOW-ADV-19080479,POP,YYT,YJ2090,2026-07-28,2025-03-15,500,145,176,0.7589,FORECAST
FLIGHT,FK8114-DNQ-SKB-65731328,POP,POP,YJ2090,2026-07-01,2026-04-02,90,22,183,0.9752,ACTUAL
FLIGHT,KC5529-OIU-EQM-67719023,POP,YYT,YJ2090,2026-07-18,2025-12-30,200,75,157,0.4406,FORECAST
FLIGHT,PF0529-CXP-OLU-08639277,PUJ,YLW,YJ2090,2026-09-13,2026-08-30,14,122,200,0.1542,TARGET
FLIGHT,PF0529-CXP-OLU-08639277,POP,YXU,YJ2090,2026-07-22,2026-03-24,120,95,164,0.2401,ACTUAL
FLIGHT,NC2199-SPW-LFL-47078835,PUJ,YVR,QB7299,2026-09-11,2026-07-13,60,136,189,0.1746,FORECAST
FLIGHT,TS4472-VLD-EWD-20865509,PUJ,PUJ,QB7299,2026-09-20,2026-07-07,75,155,190,0.0702,TARGET
FLIGHT,SL6889-NQF-PHI-70724625,POP,YYC,QB7299,2026-08-25,2026-08-25,0,151,182,0.1791,FORECAST
FLIGHT,TT9798-SNQ-ZNE-05506728,POP,YXS,QB7299,2026-09-24,2026-07-26,60,32,174,0.0407,ACTUAL
FLIGHT,EH6083-KFG-GSC-99862770,POP,YQX,QB7299,2026-07-17,2025-03-04,500,84,182,0.4486,TARGET
FLIGHT,MR4671-XTJ-ODJ-39516172,POP,YKF,QB7299,2026-08-16,2025-05-23,450,159,193,0.2322,TARGET
FLIGHT,JU5648-XMP-CUC-53957303,POP,YBG,QB7299,2026-08-02,2026-07-03,30,71,71,0.5133,TARGET
FLIGHT,JV6051-SAR-YKI-32716303,POP,YVR,QP6400,2026-09-11,2026-08-28,14,84,178,0.0842,FORECAST
FLIGHT,QW8093-OUM-CMK-22898907,PUJ,YEG,QP6400,2026-09-29,2026-07-01,90,177,184,0.8329,ACTUAL
FLIGHT,MJ0838-LXR-AKA-14171657,PUJ,YLW,QP6400,2026-09-04,2025-06-11,450,169,172,0.8637,FORECAST
FLIGHT,BJ1316-VMP-OLE-70712797,PUJ,YXE,QP6400,2026-08-14,2025-07-10,400,82,182,0.9036,ACTUAL
FLIGHT,DO6350-NZY-JFW-72990438,PUJ,YYZ,QP6400,2026-08-17,2026-06-18,60,163,175,0.8571,ACTUAL
FLIGHT,WN6766-KJU-AKH-24216943,PUJ,YEG,QP6400,2026-08-15,2026-06-01,75,35,181,0.2771,TARGET
FLIGHT,SW8962-KRM-TEM-35600625,POP,POP,QP6400,2026-09-05,2026-08-15,21,15,139,0.6994,ACTUAL
FLIGHT,VL1517-ZYS-YOW-51937849,PUJ,YHM,QP6400,2026-09-29,2026-05-02,150,45,96,0.1204,ACTUAL
FLIGHT,FZ913-VMO-VKT-16449153,POP,EWR,MM269,2026-09-18,2026-08-04,45,9,361,0.8192,ACTUAL
FLIGHT,SR523-RVD-ZRF-89363278,PUJ,YEG,MM269,2026-07-24,2026-07-03,21,115,195,0.1610,TARGET
FLIGHT,SR523-RVD-ZRF-89363278,PUJ,YEG,MM269,2026-07-03,2026-06-03,30,125,185,0.5982,TARGET
FLIGHT,SH116-VSS-FVC-35347050,PUJ,YYT,MM269,2026-08-16,2026-08-13,3,12,182,0.8906,FORECAST
FLIGHT,PU077-LAX-RRY-49499963,POP,YLW,MM269,2026-09-11,2025-09-26,350,53,191,0.9046,TARGET
FLIGHT,JD4714-AVQ-YZQ-77951569,PUJ,YYT,CQ2943,2026-09-08,2025-11-12,300,167,182,0.8607,TARGET
FLIGHT,JE7677-IDN-KHY-74667856,POP,YVR,CQ2943,2026-08-04,2026-04-06,120,137,190,0.6329,ACTUAL
FLIGHT,OQ5743-NWJ-FKI-24702691,PUJ,YXE,CQ2943,2026-08-26,2026-06-27,60,8,181,0.1901,TARGET
FLIGHT,FX902-KZG-FJI-88807696,POP,POP,VY447,2026-08-10,2026-08-10,0,20,188,0.9091,ACTUAL
FLIGHT,QL694-JKC-WIF-15729914,PUJ,YVR,VY447,2026-07-19,2026-06-04,45,150,187,0.8119,FORECAST
FLIGHT,QL694-JKC-WIF-15729914,POP,YQT,VY447,2026-07-23,2026-07-23,0,110,156,0.2200,ACTUAL
FLIGHT,ZO730-TVO-RAH-99346862,POP,YWG,VY447,2026-09-22,2026-05-25,120,122,197,0.3099,ACTUAL
FLIGHT,JI633-RIK-KJK-01222198,PUJ,YYC,VY447,2026-08-31,2026-02-12,200,153,153,0.9078,TARGET
FLIGHT,JZ505-QGX-MBO-22884993,POP,PUJ,VY447,2026-09-01,2025-04-19,500,152,179,0.9040,ACTUAL
FLIGHT,QG626-RWI-TJD-47904475,PUJ,YQX,MJ076,2026-07-16,2025-12-28,200,65,197,0.0224,ACTUAL
FLIGHT,VU974-YIF-FVK-97303748,POP,YXU,MJ076,2026-08-30,2026-08-09,21,110,176,0.2277,TARGET
FLIGHT,KH837-YSB-FHR-94056947,PUJ,YYT,MJ076,2026-07-26,2025-05-02,450,164,184,0.2250,TARGET
FLIGHT,MY192-OXQ-DEX-07962480,PUJ,PUJ,MJ076,2026-07-20,2026-06-29,21,174,199,0.4099,ACTUAL
FLIGHT,SZ952-FIV-EYO-56173720,PUJ,YWG,MJ076,2026-08-07,2026-08-04,3,141,191,0.7307,ACTUAL
FLIGHT,CP011-OKU-KKW-67747351,PUJ,YUL,MJ076,2026-09-05,2026-08-29,7,160,192,0.9085,TARGET
FLIGHT,IW869-QPD-NWJ-62929177,PUJ,YWG,MJ076,2026-07-16,2026-07-13,3,143,147,0.2093,ACTUAL
FLIGHT,YG605-HYT-ARC-10007783,PUJ,YXU,MJ076,2026-07-02,2025-04-08,450,46,167,0.4607,FORECAST
FLIGHT,MC825-XTG-ARP-87909128,PUJ,YLW,MJ076,2026-07-09,2026-07-06,3,58,186,0.6278,ACTUAL
FLIGHT,KN7569-MLY-IFB-95822750,POP,YYT,KJ6652,2026-08-04,2026-05-21,75,71,151,0.0826,TARGET
FLIGHT,UJ4656-OBD-WNY-29988584,PUJ,YQX,KJ6652,2026-07-20,2026-07-06,14,46,185,0.4891,TARGET
FLIGHT,HU4998-YKA-GBQ-38924490,PUJ,PUJ,KJ6652,2026-07-23,2026-01-04,200,143,178,0.3061,FORECAST
FLIGHT,AT1542-FCR-ZJG-23074874,POP,YYT,KJ6652,2026-08-02,2026-07-12,21,140,195,0.6984,TARGET
FLIGHT,WZ5340-DBV-OUJ-90257359,PUJ,YQB,KJ6652,2026-08-12,2026-01-24,200,38,170,0.1865,FORECAST
FLIGHT,TQ7427-UAC-WQT-72398587,PUJ,YOW,KJ6652,2026-08-14,2025-10-18,300,23,172,0.1120,ACTUAL
FLIGHT,CT586-NGS-YSV-28798728,PUJ,YHM,KK483,2026-08-17,2025-12-10,250,116,195,0.8310,ACTUAL
FLIGHT,AS587-EHW-RGM-80601457,POP,YYZ,KK483,2026-07-11,2025-11-03,250,138,186,0.0567,ACTUAL
FLIGHT,RE852-HHW-ESO-04937958,PUJ,YWG,KK483,2026-07-26,2026-04-27,90,81,186,0.3561,TARGET
FLIGHT,ON1781-LSN-SRU-38457202,POP,YDF,RV4716,2026-08-25,2026-08-04,21,85,190,0.0868,FORECAST
FLIGHT,HA2750-BAG-BVL-66199530,PUJ,YQX,RV4716,2026-09-01,2026-07-18,45,73,177,0.7311,ACTUAL
FLIGHT,VF2725-IJV-YSZ-55030795,PUJ,YYT,EQ9753,2026-07-09,2025-02-24,500,11,184,0.9214,ACTUAL
FLIGHT,VF2725-IJV-YSZ-55030795,POP,YWG,EQ9753,2026-09-08,2026-07-25,45,29,176,0.6195,FORECAST
FLIGHT,RE5467-OEH-TMO-78390751,POP,YQT,EQ9753,2026-07-09,2026-03-11,120,106,183,0.3156,ACTUAL
FLIGHT,UO8545-OJP-VOA-60855883,PUJ,YXE,EQ9753,2026-09-06,2025-09-21,350,182,202,0.0237,FORECAST
FLIGHT,UO8545-OJP-VOA-60855883,POP,YQT,EQ9753,2026-07-23,2026-01-24,180,60,175,0.2126,ACTUAL
FLIGHT,JR5643-FOW-LJC-15652770,PUJ,POP,EQ9753,2026-07-19,2026-03-21,120,98,190,0.1541,ACTUAL
FLIGHT,CU5626-MYT-SRC-80527920,POP,YHM,EQ9753,2026-09-04,2026-07-06,60,152,188,0.1041,ACTUAL
FLIGHT,BR5463-DNX-YYI-60664932,POP,YLW,EQ9753,2026-08-02,2026-01-14,200,128,171,0.6968,ACTUAL
FLIGHT,QK9282-XAZ-MNN-53479710,POP,YOW,EQ9753,2026-08-02,2026-07-30,3,57,174,0.8949,ACTUAL
FLIGHT,WQ6449-WSC-MEP-76502942,POP,YDF,EQ9753,2026-09-01,2026-05-04,120,165,186,0.9627,TARGET
FLIGHT,LB1229-DLG-LGO-59271976,PUJ,YKF,EQ9753,2026-07-24,2026-06-24,30,7,174,0.7577,TARGET
FLIGHT,XM1624-ETY-ZGG-80107017,POP,PUJ,EQ9753,2026-08-26,2025-09-10,350,116,189,0.0294,TARGET
FLIGHT,CV9914-VSW-SLE-53595301,PUJ,YKF,EQ9753,2026-07-05,2026-05-06,60,74,186,0.1477,TARGET
FLIGHT,CV9914-VSW-SLE-53595301,POP,YQB,EQ9753,2026-07-04,2026-02-04,150,34,189,0.4396,FORECAST
FLIGHT,EC2100-JNR-PTP-52100848,PUJ,YQT,FI4111,2026-09-15,2025-11-19,300,52,176,0.3616,FORECAST
FLIGHT,OP0048-GWA-VOM-27325538,POP,YQM,FI4111,2026-08-28,2025-07-24,400,62,184,0.7811,TARGET
FLIGHT,OH2301-INI-NPL-03809541,POP,YYC,FI4111,2026-08-21,2025-10-25,300,19,165,0.9577,TARGET
FLIGHT,RK2039-PDB-DWA-44330509,POP,YWG,FI4111,2026-09-09,2026-09-02,7,120,213,0.3589,ACTUAL
FLIGHT,HU0378-KQD-IVY-42983687,POP,YQM,FI4111,2026-09-05,2026-06-07,90,105,176,0.2143,TARGET
FLIGHT,HU0378-KQD-IVY-42983687,POP,YKF,FI4111,2026-08-26,2026-02-07,200,112,166,0.2661,ACTUAL
FLIGHT,UA7207-YRI-XLV-84584022,POP,YBG,FI4111,2026-07-25,2026-01-06,200,74,178,0.8244,ACTUAL
FLIGHT,SO2486-QTQ-UUX-32253502,PUJ,YXS,FI4111,2026-07-02,2025-04-08,450,36,195,0.5335,ACTUAL
FLIGHT,XK2221-VUV-FXB-04023420,PUJ,YQR,FI4111,2026-07-05,2025-12-17,200,66,192,0.1684,ACTUAL
FLIGHT,WX7108-MMS-YIO-93802839,POP,YKF,BX8549,2026-07-24,2025-08-08,350,91,192,0.6152,TARGET
FLIGHT,QV1107-GLL-FPQ-45127105,PUJ,YFC,BX8549,2026-09-03,2025-06-10,450,155,210,0.8439,ACTUAL
FLIGHT,QV1107-GLL-FPQ-45127105,POP,YOW,BX8549,2026-07-09,2026-06-25,14,112,194,0.9657,ACTUAL
FLIGHT,SO8086-RJO-NEK-99672334,POP,YUL,BX8549,2026-09-08,2026-06-10,90,73,174,0.1068,FORECAST
FLIGHT,SO8086-RJO-NEK-99672334,POP,YQR,BX8549,2026-08-23,2026-07-24,30,142,178,0.0129,ACTUAL
FLIGHT,DR9474-PCO-SSG-88684878,PUJ,YLW,BX8549,2026-08-25,2026-03-28,150,36,178,0.0939,FORECAST
FLIGHT,DR9474-PCO-SSG-88684878,POP,YXS,BX8549,2026-09-19,2026-09-05,14,169,192,0.7057,TARGET
FLIGHT,PU7315-EZR-CLT-04361291,POP,YBG,BX8549,2026-08-08,2025-12-01,250,50,188,0.8573,FORECAST
FLIGHT,WK1639-WJK-CVF-85891308,POP,EWR,BX8549,2026-09-29,2026-05-02,150,81,161,0.9357,FORECAST
FLIGHT,KE3563-ODA-VUW-89733561,PUJ,YQT,BX8549,2026-09-26,2026-04-29,150,132,163,0.0791,TARGET
FLIGHT,ZG0852-JPC-SLH-53077218,PUJ,YHZ,BX8549,2026-07-07,2026-06-16,21,44,144,0.2019,TARGET
FLIGHT,DB1038-HUG-HCC-29797445,PUJ,YEG,BX8549,2026-09-24,2025-05-12,500,44,177,0.2137,FORECAST
FLIGHT,DB1038-HUG-HCC-29797445,POP,YYT,BX8549,2026-08-26,2026-08-23,3,57,192,0.9074,ACTUAL
FLIGHT,DB1038-HUG-HCC-29797445,POP,YYZ,BX8549,2026-09-08,2026-08-18,21,160,201,0.5441,ACTUAL
FLIGHT,FP6966-VFU-JEQ-23766378,POP,YQR,BX8549,2026-09-21,2025-05-09,500,169,201,0.0750,TARGET
FLIGHT,FP6966-VFU-JEQ-23766378,POP,EWR,BX8549,2026-08-16,2026-07-02,45,52,180,0.0000,ACTUAL
FLIGHT,GR3645-VJW-REO-39548166,POP,YOW,BX8549,2026-09-17,2026-05-20,120,145,145,0.8937,ACTUAL
FLIGHT,UQ2124-BEG-QDI-04909873,POP,YYT,BX8549,2026-09-01,2026-03-05,180,108,178,0.0696,FORECAST
FLIGHT,CH3125-NYW-RAS-63489365,PUJ,YKF,BX8549,2026-08-21,2026-02-22,180,72,186,0.1565,TARGET
FLIGHT,SJ5570-CWY-VOF-78539874,POP,YDF,BX8549,2026-07-21,2026-05-07,75,134,188,0.2517,TARGET
FLIGHT,HS5894-QHE-QWM-46412663,POP,YYC,BX8549,2026-07-29,2026-07-15,14,63,177,0.1695,TARGET
FLIGHT,AK9683-YFQ-EHH-17773649,PUJ,EWR,BX8549,2026-07-20,2026-06-05,45,73,172,0.3467,TARGET
FLIGHT,ZL7686-WNE-YCH-80595194,PUJ,YQX,BS1196,2026-07-21,2026-07-21,0,164,206,0.0424,ACTUAL
FLIGHT,RL1002-CQE-JCW-40817028,PUJ,YQB,BS1196,2026-07-19,2026-05-20,60,114,169,0.9581,ACTUAL
FLIGHT,GV2043-UJV-PIG-34421065,POP,YHZ,BS1196,2026-09-29,2025-12-03,300,5,208,0.8046,ACTUAL
FLIGHT,SR7877-NPX-OLC-38771239,PUJ,PUJ,BS1196,2026-07-24,2026-05-25,60,66,180,0.2491,FORECAST
FLIGHT,SV6403-UUZ-DLP-58593918,POP,YDF,BS1196,2026-09-19,2025-10-04,350,142,177,0.0943,FORECAST
FLIGHT,DZ2461-WOL-VPR-04104866,PUJ,YFC,BS1196,2026-09-20,2025-06-27,450,28,174,0.9243,TARGET
FLIGHT,VS114-BNL-UIP-65126749,POP,YXE,HR631,2026-07-18,2026-05-19,60,116,201,0.9497,TARGET
FLIGHT,GE071-RCD-MTI-41826971,POP,YQB,HR631,2026-07-04,2026-04-20,75,122,178,0.3900,FORECAST
FLIGHT,BY128-ULI-VUS-97263150,PUJ,YUL,HR631,2026-07-27,2026-07-06,21,70,179,0.2800,TARGET
FLIGHT,HQ870-WKP-DNF-98475487,PUJ,YBG,HR631,2026-07-29,2026-05-30,60,181,181,0.2464,ACTUAL
FLIGHT,BX096-IND-IMS-94838560,PUJ,YQT,HR631,2026-09-19,2026-08-20,30,0,189,0.2265,FORECAST
FLIGHT,DN685-RYN-OZO-89532497,POP,YYT,HR631,2026-07-11,2026-06-27,14,3,195,0.0465,ACTUAL
FLIGHT,ZV223-BJY-FDB-37998204,PUJ,YYZ,HR631,2026-08-12,2026-01-24,200,62,161,0.8212,TARGET
FLIGHT,KH1279-IYV-VVV-33795311,POP,YYT,BR1274,2026-09-24,2026-07-11,75,151,194,1.0365,FORECAST
FLIGHT,LO8149-MHZ-LKA-19353110,POP,YYT,BR1274,2026-07-27,2026-07-06,21,42,168,0.7473,FORECAST
FLIGHT,MK4966-BFU-KCI-35804711,PUJ,YQM,BR1274,2026-09-05,2026-06-22,75,167,173,0.7801,TARGET
FLIGHT,MW376-WQZ-EQP-42594373,PUJ,YXU,BK044,2026-09-22,2026-04-25,150,84,181,0.8780,FORECAST
FLIGHT,MW376-WQZ-EQP-42594373,PUJ,YHZ,BK044,2026-09-13,2026-09-10,3,162,187,0.5576,ACTUAL
FLIGHT,XL918-CLQ-AQY-49947662,POP,YQR,BK044,2026-09-28,2025-05-16,500,0,185,0.8926,FORECAST
FLIGHT,PH872-IRR-NGK-92216933,POP,YDF,BK044,2026-08-30,2026-08-27,3,148,181,0.2826,TARGET
FLIGHT,PL361-IGF-MTX-95376882,PUJ,YYC,BK044,2026-07-08,2026-06-17,21,71,178,0.9279,FORECAST
FLIGHT,PL361-IGF-MTX-95376882,PUJ,YFC,BK044,2026-07-09,2026-03-11,120,153,168,0.3559,TARGET
FLIGHT,PL361-IGF-MTX-95376882,POP,POP,BK044,2026-08-13,2026-02-14,180,155,178,0.4491,TARGET
FLIGHT,AS446-XPL-APL-04612247,PUJ,YEG,BK044,2026-09-11,2026-09-04,7,29,172,0.2160,ACTUAL
FLIGHT,UQ885-RRU-WWE-81889667,POP,YXU,BK044,2026-09-21,2026-09-14,7,69,161,0.1245,TARGET
FLIGHT,UQ885-RRU-WWE-81889667,PUJ,YKF,BK044,2026-07-25,2025-06-20,400,136,178,0.5674,TARGET
FLIGHT,ZE718-KZA-VQW-14635808,POP,YDF,BK044,2026-08-30,2025-04-17,500,81,186,0.8732,FORECAST
FLIGHT,FI380-WYD-CWQ-03865030,PUJ,YVR,BK044,2026-07-20,2025-08-04,350,110,184,0.9018,TARGET
FLIGHT,FI380-WYD-CWQ-03865030,POP,YXS,BK044,2026-07-31,2026-07-24,7,43,170,0.0840,ACTUAL
FLIGHT,MU665-UKZ-PKD-84238149,PUJ,YUL,BK044,2026-08-14,2026-06-15,60,25,185,0.8372,ACTUAL
FLIGHT,VM794-FEA-LVQ-59277513,PUJ,YQB,BK044,2026-09-15,2026-09-08,7,115,183,0.7749,FORECAST
FLIGHT,VM794-FEA-LVQ-59277513,POP,YVR,BK044,2026-08-12,2026-08-09,3,36,171,0.8524,TARGET
FLIGHT,SD370-KPU-DDY-32723566,POP,YHM,BK044,2026-07-22,2026-07-08,14,153,188,0.4747,TARGET
FLIGHT,FU578-GFX-CYX-68445655,POP,YXE,BK044,2026-09-12,2025-04-30,500,72,193,0.8405,FORECAST
FLIGHT,EB133-FAL-PYZ-37194020,PUJ,YDF,BK044,2026-09-26,2026-03-30,180,20,177,0.1238,TARGET
FLIGHT,FJ485-GDP-FNR-21556719,PUJ,YHM,BK044,2026-07-09,2026-06-25,14,95,142,0.5665,FORECAST
FLIGHT,EA124-QJJ-DOC-54439618,POP,YQT,BK044,2026-09-19,2026-09-19,0,144,144,0.9462,ACTUAL
FLIGHT,DS132-AKQ-KGY-74858048,PUJ,YQX,BK044,2026-07-21,2026-03-23,120,56,106,0.7400,TARGET
FLIGHT,WD732-EML-PCC-41873477,POP,YKF,WH968,2026-09-15,2026-09-01,14,24,181,0.0167,ACTUAL
FLIGHT,MZ317-QTA-FHM-73963699,POP,YOW,WH968,2026-07-30,2026-01-31,180,47,178,0.1596,TARGET
FLIGHT,QV085-SKJ-IQN-34871832,PUJ,YQM,WH968,2026-09-16,2026-09-16,0,4,158,0.8986,FORECAST
FLIGHT,SK060-RWD-BTS-84527619,POP,YFC,WH968,2026-09-12,2026-07-14,60,129,178,0.8216,FORECAST
FLIGHT,DS828-YOA-YIQ-59593897,PUJ,YXU,WH968,2026-08-15,2025-04-02,500,107,187,0.8810,ACTUAL
FLIGHT,RP261-TZN-SPX-16877541,POP,YLW,WH968,2026-08-21,2025-04-08,500,165,193,0.9877,TARGET
FLIGHT,LE319-DGI-VGX-75746766,PUJ,YXS,WH968,2026-08-10,2026-07-20,21,134,161,0.0628,TARGET
FLIGHT,UG813-KYE-ZYI-62470217,POP,YQX,WH968,2026-08-18,2025-05-25,450,90,190,0.3450,TARGET
FLIGHT,LL925-GXJ-NAK-81195236,PUJ,PUJ,WH968,2026-07-07,2026-02-07,150,166,184,0.6761,ACTUAL
FLIGHT,NV433-DDI-LZY-93920770,PUJ,YQM,WH968,2026-07-26,2026-07-19,7,191,195,0.8182,FORECAST
FLIGHT,LW483-BXG-RNB-65512812,PUJ,YKF,WH968,2026-07-13,2026-06-29,14,27,175,0.1420,ACTUAL
FLIGHT,CQ407-MMP-HWS-04907824,PUJ,YXU,WH968,2026-07-22,2026-07-01,21,56,159,0.4957,FORECAST
FLIGHT,CQ407-MMP-HWS-04907824,PUJ,YYZ,WH968,2026-09-15,2026-09-12,3,93,162,0.0500,TARGET
FLIGHT,FX668-IWT-AVK-36678320,POP,YUL,JS586,2026-07-01,2026-05-02,60,49,352,0.0000,ACTUAL
FLIGHT,TH889-ULG-CDL-43978157,PUJ,YHZ,JS586,2026-09-21,2025-08-17,400,48,166,0.4919,TARGET
FLIGHT,HI159-ZCA-VMY-60862365,PUJ,YYT,JS586,2026-08-25,2026-03-28,150,29,176,0.8903,TARGET
FLIGHT,BJ602-NUF-ZEJ-78922518,POP,YQM,JS586,2026-07-31,2026-06-16,45,58,190,0.9799,TARGET
FLIGHT,WE613-KBN-ECB-84015799,PUJ,YXU,JS586,2026-09-06,2025-11-10,300,136,171,1.0423,TARGET
FLIGHT,WE613-KBN-ECB-84015799,POP,YFC,JS586,2026-08-30,2025-07-26,400,126,205,0.5431,FORECAST
FLIGHT,LB836-RCY-MRZ-21407373,PUJ,YEG,JS586,2026-09-01,2026-07-18,45,123,179,0.5095,FORECAST
FLIGHT,MZ070-UFU-JPJ-85798889,PUJ,YQB,JS586,2026-09-10,2025-06-17,450,48,85,0.1911,TARGET
FLIGHT,MC0656-OHH-OYI-57016527,POP,YXS,UR3098,2026-09-24,2026-04-27,150,21,192,0.3568,ACTUAL
FLIGHT,YG3295-VTJ-LFH-15828630,POP,POP,UR3098,2026-09-29,2026-09-22,7,59,116,0.6860,FORECAST
FLIGHT,DV9019-HUH-GLT-37971900,POP,EWR,UR3098,2026-09-22,2026-09-08,14,25,188,0.0031,ACTUAL
FLIGHT,QM0416-DJH-KIH-49189245,POP,YEG,RY9082,2026-09-28,2026-03-12,200,128,172,0.6500,TARGET
FLIGHT,QM0416-DJH-KIH-49189245,PUJ,YFC,RY9082,2026-08-16,2026-08-09,7,170,178,0.7725,FORECAST
FLIGHT,UY4373-HGC-FTG-86556850,POP,POP,RY9082,2026-08-05,2026-08-02,3,99,180,0.1673,TARGET
FLIGHT,YX4651-RGV-LTD-46120140,PUJ,EWR,RY9082,2026-07-26,2025-08-10,350,95,174,0.0000,FORECAST
FLIGHT,XO9834-AAO-OZC-60108317,PUJ,YYZ,RY9082,2026-09-07,2025-12-31,250,150,174,0.0769,FORECAST
FLIGHT,HL1802-ZNJ-FDU-49288416,POP,YUL,RY9082,2026-07-08,2026-06-24,14,141,163,0.6829,TARGET
FLIGHT,HL1802-ZNJ-FDU-49288416,POP,YHZ,RY9082,2026-08-17,2026-06-18,60,145,172,0.3888,ACTUAL
FLIGHT,LS8826-QPJ-JHH-73140290,PUJ,YOW,RY9082,2026-07-02,2026-01-03,180,0,199,0.7537,FORECAST
FLIGHT,ZN2163-IQJ-XXJ-30534475,PUJ,YDF,RY9082,2026-08-04,2026-07-05,30,167,195,0.7704,TARGET
FLIGHT,CG6191-NMO-HFZ-21775941,PUJ,YEG,RY9082,2026-09-24,2025-10-09,350,160,176,0.3376,FORECAST
FLIGHT,MH5273-MAA-ZZO-55040841,POP,EWR,RY9082,2026-07-23,2025-11-15,250,73,194,0.7075,FORECAST
FLIGHT,MH5273-MAA-ZZO-55040841,PUJ,YXS,RY9082,2026-09-30,2025-07-07,450,59,191,0.6013,TARGET
FLIGHT,RA2224-JMN-CWN-51758666,POP,YVR,RY9082,2026-07-08,2025-06-03,400,55,182,0.1306,TARGET
FLIGHT,IU0941-CGS-ZMK-45255176,PUJ,YWG,YH9730,2026-08-26,2025-07-22,400,148,187,0.0712,TARGET
FLIGHT,EB3143-AMD-JHZ-28858994,POP,YUL,YH9730,2026-09-18,2026-09-18,0,24,194,0.0704,TARGET
FLIGHT,OB9906-TSX-XRD-89237104,PUJ,YLW,YH9730,2026-09-03,2025-06-10,450,88,88,0.4823,TARGET
FLIGHT,RA3912-UZO-ZPT-05387518,POP,YOW,YH9730,2026-07-17,2025-12-29,200,53,145,0.1094,FORECAST
FLIGHT,FW843-WRN-GFE-21705075,PUJ,YKF,RN010,2026-08-26,2026-03-29,150,178,186,0.8471,FORECAST
FLIGHT,OB532-NYQ-YMN-79016861,PUJ,YHM,RN010,2026-07-31,2025-10-04,300,17,76,0.1211,ACTUAL
FLIGHT,LG306-OOY-HTX-54475568,PUJ,YYZ,RN010,2026-07-12,2025-04-18,450,36,181,0.8820,TARGET
FLIGHT,LG306-OOY-HTX-54475568,PUJ,YWG,RN010,2026-09-27,2026-05-30,120,11,176,0.6401,FORECAST
FLIGHT,OY314-HBT-YBX-20681836,POP,YQR,RN010,2026-07-30,2026-06-15,45,164,164,0.4537,TARGET
FLIGHT,TD248-TVO-ZDV-37388724,PUJ,YQX,RN010,2026-08-23,2025-07-19,400,156,176,0.4703,ACTUAL
FLIGHT,PR799-NHF-HQN-64297422,PUJ,YBG,RN010,2026-09-07,2026-07-09,60,13,176,0.9695,ACTUAL
FLIGHT,IJ175-GXX-TWZ-67753621,POP,YYZ,RN010,2026-08-20,2026-03-23,150,0,182,0.1274,FORECAST
FLIGHT,PU077-BFY-CIP-45501482,POP,YYT,RN010,2026-08-09,2025-03-27,500,62,175,0.1225,TARGET
FLIGHT,HW082-KYH-UTZ-00543167,POP,YHM,RN010,2026-08-11,2026-05-13,90,133,133,0.0701,FORECAST
FLIGHT,IM278-RYW-NNG-80033137,PUJ,YYC,RN010,2026-07-09,2025-04-15,450,168,176,0.1340,TARGET
FLIGHT,LQ780-OOM-OOV-58313129,POP,YQM,RN010,2026-08-15,2026-07-25,21,17,155,0.1466,ACTUAL
FLIGHT,SL543-JBK-IVV-16255808,PUJ,YQX,RN010,2026-08-21,2025-04-08,500,15,193,0.7200,FORECAST
FLIGHT,HO350-CBG-QBA-61958730,PUJ,YKF,RN010,2026-08-30,2025-11-03,300,105,105,0.0147,TARGET
FLIGHT,YK271-ESV-AIF-40827461,PUJ,YFC,RN010,2026-09-07,2025-12-31,250,32,170,0.0163,ACTUAL
FLIGHT,TQ164-JHG-UPG-09009062,POP,YLW,RN010,2026-07-26,2026-07-12,14,168,168,0.2285,TARGET
FLIGHT,NO463-CZX-SJK-23621903,PUJ,YQT,RN010,2026-09-09,2025-09-24,350,153,175,0.7782,ACTUAL
FLIGHT,NC654-HQJ-IDU-26326237,PUJ,YUL,RN010,2026-09-20,2026-09-06,14,25,194,0.7861,FORECAST
FLIGHT,IH9398-RVC-UQN-96750446,POP,YXU,DK2293,2026-08-24,2026-08-03,21,13,197,0.4877,ACTUAL
FLIGHT,CJ9835-BYF-NYL-28790597,POP,YDF,DK2293,2026-08-09,2026-01-21,200,13,203,0.6903,FORECAST
FLIGHT,ZY7473-LLR-OQU-57671634,POP,YYC,DK2293,2026-08-12,2026-07-22,21,46,199,0.0560,TARGET
FLIGHT,OY6210-QSW-ZXP-48542084,POP,EWR,DK2293,2026-07-23,2026-04-24,90,89,166,0.4567,TARGET
FLIGHT,WP3085-XUM-FMF-39241513,POP,POP,DK2293,2026-07-20,2026-04-21,90,38,167,0.5286,FORECAST
FLIGHT,ZJ0174-TVV-ODG-64125418,POP,YYZ,DK2293,2026-08-07,2026-06-23,45,104,160,0.2819,FORECAST
FLIGHT,KS4830-PIC-GSS-14542289,PUJ,YXU,DK2293,2026-09-19,2026-07-21,60,33,169,0.3055,ACTUAL
FLIGHT,VC2495-IGV-FSS-03253614,PUJ,YXU,DK2293,2026-07-02,2026-03-04,120,57,179,0.8520,TARGET
FLIGHT,IL0658-AJM-SKP-55526666,POP,YHM,DK2293,2026-07-08,2025-09-11,300,16,192,0.0000,ACTUAL
FLIGHT,ZI5322-ZCP-VQI-15166175,PUJ,YQM,DK2293,2026-07-31,2025-11-23,250,0,187,0.7961,ACTUAL
FLIGHT,AS505-UKN-XAK-71219881,POP,YFC,DZ829,2026-08-26,2026-08-12,14,65,146,0.7189,TARGET
FLIGHT,TV638-JLE-MSN-94439164,POP,YXS,DZ829,2026-08-24,2026-08-03,21,57,206,0.6933,TARGET
FLIGHT,HH016-EGI-DSA-31061537,PUJ,YHZ,DZ829,2026-07-08,2026-05-09,60,49,185,0.8153,ACTUAL
FLIGHT,FQ8559-TCB-QOO-17566357,PUJ,YHM,FS5153,2026-09-17,2026-08-27,21,166,188,0.4791,TARGET
FLIGHT,FQ8559-TCB-QOO-17566357,PUJ,YQR,FS5153,2026-08-05,2026-04-07,120,137,196,0.2762,ACTUAL
FLIGHT,CP7171-MSS-JIJ-28396324,POP,YYZ,FS5153,2026-08-26,2026-08-23,3,124,211,0.9134,ACTUAL
FLIGHT,KX0781-XBV-PFQ-39476461,PUJ,YHZ,HH2316,2026-07-05,2026-04-06,90,22,182,0.3378,ACTUAL
FLIGHT,PW0554-QSS-WYB-71299699,PUJ,YWG,HH2316,2026-09-06,2025-12-30,250,138,187,0.5596,FORECAST
FLIGHT,DK4827-ABV-ESH-31326893,PUJ,YOW,HH2316,2026-08-31,2025-11-04,300,112,185,0.1776,FORECAST
FLIGHT,QI2519-LZN-YCP-65589223,PUJ,YYZ,HH2316,2026-09-15,2026-09-12,3,97,178,0.4844,ACTUAL
FLIGHT,LE8789-PDL-XGL-96472684,POP,POP,HH2316,2026-09-24,2026-06-26,90,123,123,0.8902,ACTUAL
FLIGHT,GM4653-HHJ-OOI-96337922,PUJ,YQB,HH2316,2026-09-12,2026-08-13,30,95,184,0.0744,TARGET
FLIGHT,BK2194-AKU-AIP-26097962,PUJ,YYZ,HH2316,2026-07-30,2026-06-30,30,117,180,0.7844,TARGET
FLIGHT,AJ995-BJH-QSV-64164508,POP,YHZ,RT780,2026-07-19,2026-04-20,90,25,196,0.2731,FORECAST
FLIGHT,AJ995-BJH-QSV-64164508,PUJ,YQR,RT780,2026-09-22,2025-06-29,450,64,168,0.6181,TARGET
FLIGHT,ME953-ZEY-EHA-72487641,POP,POP,RT780,2026-07-10,2026-02-10,150,162,162,0.8740,ACTUAL
FLIGHT,XM944-OHY-LVG-41439103,PUJ,YDF,RT780,2026-08-28,2026-03-31,150,39,175,0.0208,FORECAST
FLIGHT,YB110-JAR-HQI-37826018,POP,YXS,RT780,2026-07-27,2025-08-11,350,71,194,0.3710,TARGET
FLIGHT,OP795-UHG-XJE-25393922,PUJ,YQX,RT780,2026-09-20,2025-11-24,300,19,188,0.1853,FORECAST
FLIGHT,RQ420-YXZ-VJO-59835894,POP,YXU,RT780,2026-07-13,2025-09-16,300,1,182,0.9243,FORECAST
FLIGHT,LJ997-VOS-CWP-82200810,POP,YWG,RT780,2026-08-12,2026-06-13,60,45,185,0.8987,ACTUAL
FLIGHT,ZA142-QNV-NTB-62515759,POP,YOW,RT780,2026-07-07,2026-04-23,75,77,199,0.4059,FORECAST
FLIGHT,KD490-SWM-ODU-08004587,POP,YBG,RT780,2026-09-12,2026-07-14,60,108,167,0.8686,ACTUAL
FLIGHT,IR4864-OBQ-FDH-98654622,PUJ,YQM,BG3562,2026-08-25,2025-06-01,450,111,194,0.1579,TARGET
FLIGHT,OX9897-XWT-BMA-85481867,POP,PUJ,BG3562,2026-09-25,2026-09-18,7,96,96,0.6727,TARGET
FLIGHT,IM3000-TSQ-IVH-36113711,PUJ,YUL,BG3562,2026-09-20,2026-07-07,75,41,153,0.7328,FORECAST
FLIGHT,QC5198-ULW-IKQ-29420340,POP,YYC,BG3562,2026-07-09,2025-12-21,200,28,89,0.0471,ACTUAL
FLIGHT,CL3534-NNA-OKM-99944946,PUJ,YXE,BG3562,2026-07-26,2025-08-10,350,42,196,0.8459,TARGET
FLIGHT,ZG779-HZR-LUJ-60912104,PUJ,YQX,HY236,2026-07-21,2026-06-06,45,99,99,0.1871,TARGET
FLIGHT,EL039-JHV-UTQ-84427895,POP,EWR,HY236,2026-08-06,2026-04-08,120,43,202,0.7617,TARGET
FLIGHT,KJ2283-SFJ-PXF-08172755,PUJ,YUL,GX0086,2026-09-12,2026-05-15,120,153,178,0.2513,ACTUAL
FLIGHT,KJ2283-SFJ-PXF-08172755,PUJ,EWR,GX0086,2026-09-29,2026-04-02,180,106,106,0.4050,TARGET
FLIGHT,YE5893-SJF-KSM-23741112,PUJ,YEG,GX0086,2026-08-04,2026-05-21,75,31,177,0.0079,TARGET
FLIGHT,EU7806-UEX-XAT-22751589,PUJ,YKF,GX0086,2026-07-23,2026-04-24,90,29,177,0.8657,TARGET
FLIGHT,EU7806-UEX-XAT-22751589,POP,YEG,GX0086,2026-07-25,2026-07-22,3,34,162,0.9426,TARGET
FLIGHT,EU7806-UEX-XAT-22751589,PUJ,POP,GX0086,2026-09-21,2025-08-17,400,2,165,0.1230,ACTUAL
FLIGHT,KX5230-ILV-UZD-42469637,POP,YLW,GX0086,2026-08-20,2026-07-21,30,1,204,1.0492,FORECAST
FLIGHT,DY2919-OZI-ENT-41117234,POP,YYZ,GX0086,2026-07-07,2025-04-13,450,72,72,0.7304,FORECAST
FLIGHT,KK3810-TBI-ESQ-56585137,PUJ,YQR,GX0086,2026-07-09,2026-06-18,21,69,182,0.6415,TARGET
FLIGHT,TA537-PTS-WRK-19652844,POP,YYT,LL083,2026-09-26,2026-01-19,250,1,190,0.0815,TARGET
FLIGHT,KJ064-WTP-ONR-97990323,PUJ,YQR,LL083,2026-07-29,2026-06-14,45,67,188,0.3701,FORECAST
FLIGHT,PE621-OQQ-FTG-14487947,PUJ,YXU,LL083,2026-08-11,2025-03-29,500,108,214,0.3970,ACTUAL
FLIGHT,WV957-MPM-AFY-44011432,POP,YHZ,LL083,2026-08-05,2026-05-22,75,52,102,0.2847,ACTUAL
FLIGHT,RV9168-LRV-WJC-65116399,POP,YYT,QS2044,2026-07-29,2026-01-30,180,79,181,0.6711,ACTUAL
FLIGHT,GD9733-BVW-VQM-89397770,POP,YQT,QS2044,2026-08-23,2025-04-10,500,89,203,0.4106,FORECAST
FLIGHT,GD9733-BVW-VQM-89397770,PUJ,YQB,QS2044,2026-09-27,2026-03-31,180,103,156,0.1615,TARGET
FLIGHT,JF5199-KFS-BHA-69569459,PUJ,YYC,QS2044,2026-07-07,2026-01-08,180,13,161,0.6249,TARGET
FLIGHT,PJ1451-QPG-MLD-58543459,POP,YQR,QS2044,2026-07-29,2026-07-22,7,142,180,0.9428,TARGET
FLIGHT,FA2134-REB-FIN-33832802,POP,YHM,QS2044,2026-07-11,2025-11-03,250,48,190,0.9398,ACTUAL
FLIGHT,BK3607-JWG-HSR-99809075,POP,YYC,QS2044,2026-08-14,2025-08-29,350,36,185,0.1193,TARGET
FLIGHT,IU1879-RPQ-KSE-86867149,PUJ,YFC,QS2044,2026-07-01,2026-01-02,180,143,191,0.0585,FORECAST
FLIGHT,IU1879-RPQ-KSE-86867149,POP,YQX,QS2044,2026-09-12,2026-07-14,60,60,177,0.5965,ACTUAL
FLIGHT,CN9680-CLU-USR-85101184,PUJ,YLW,QS2044,2026-08-09,2026-02-10,180,13,194,0.6106,TARGET
FLIGHT,CN9680-CLU-USR-85101184,PUJ,YYC,QS2044,2026-09-29,2026-07-16,75,172,172,0.9006,TARGET
FLIGHT,SL2146-EBT-PKU-91776640,PUJ,YEG,QS2044,2026-07-31,2026-06-16,45,104,197,0.0862,FORECAST
FLIGHT,BO2032-WYE-KZY-85728285,POP,YXS,QS2044,2026-09-03,2026-02-15,200,97,178,0.3802,ACTUAL
FLIGHT,UT7121-KPQ-LLB-48680498,POP,YVR,QS2044,2026-09-29,2026-09-22,7,48,178,0.3093,FORECAST
FLIGHT,OV3873-VGJ-CZO-20504657,POP,YUL,QS2044,2026-08-11,2025-05-18,450,0,180,0.1669,FORECAST
FLIGHT,RI6662-YOD-GCE-40132653,PUJ,YFC,QS2044,2026-07-06,2025-12-18,200,67,152,0.0002,TARGET
FLIGHT,PO5029-OLV-YZT-98900111,POP,YBG,QS2044,2026-08-01,2025-10-05,300,81,186,0.8500,TARGET
FLIGHT,CE1383-BQH-HTG-34622642,POP,YXU,QS2044,2026-09-22,2026-09-19,3,4,172,1.0092,FORECAST
FLIGHT,DZ296-HLZ-TPL-22883209,POP,YXS,XK787,2026-09-19,2025-08-15,400,30,186,0.2407,FORECAST
FLIGHT,HS749-RBA-ZTF-93677851,POP,PUJ,XK787,2026-08-09,2025-07-05,400,64,182,0.1616,TARGET
FLIGHT,HS749-RBA-ZTF-93677851,POP,PUJ,XK787,2026-09-19,2025-05-07,500,100,178,0.7506,FORECAST
FLIGHT,FZ334-RGG-PVL-57378513,PUJ,YQB,XK787,2026-07-10,2026-06-10,30,148,168,0.1267,FORECAST
FLIGHT,KA135-YRJ-DYY-03411373,POP,YFC,XK787,2026-07-30,2026-06-30,30,0,172,0.5086,TARGET
FLIGHT,NR192-TSY-KSZ-11029849,PUJ,YYT,XK787,2026-07-19,2026-04-20,90,182,197,0.3273,ACTUAL
FLIGHT,UG835-ASH-EOL-32969486,POP,YQM,XK787,2026-08-29,2026-05-31,90,17,177,0.5286,FORECAST
FLIGHT,DV866-JVY-DCK-16446592,POP,YWG,XK787,2026-07-06,2026-06-06,30,162,178,0.9867,FORECAST
FLIGHT,DA538-QQU-VTH-12904428,PUJ,YHZ,XK787,2026-08-15,2026-08-15,0,110,181,0.8739,ACTUAL
FLIGHT,EW5888-ZIY-UYW-04162742,PUJ,YHZ,QM3455,2026-09-01,2026-04-04,150,21,164,0.0801,FORECAST
FLIGHT,ED2115-JUI-JUQ-50246101,POP,YLW,QM3455,2026-08-17,2025-04-04,500,49,204,0.1644,ACTUAL
FLIGHT,OR5634-GMC-IKL-01290431,PUJ,YXU,QM3455,2026-07-13,2026-02-13,150,0,188,0.0825,ACTUAL
FLIGHT,DQ7027-WHT-EIZ-67831464,PUJ,YKF,QM3455,2026-09-09,2026-09-02,7,165,167,0.2438,TARGET
FLIGHT,ME6160-IMJ-HAX-07247660,PUJ,YDF,QM3455,2026-08-01,2026-07-25,7,53,193,0.6823,ACTUAL
FLIGHT,JF937-DPX-RIV-72146172,PUJ,YOW,NR001,2026-08-25,2026-07-26,30,36,177,0.5777,TARGET
FLIGHT,RQ775-JIK-QIO-41340192,PUJ,YYZ,NR001,2026-08-19,2026-06-20,60,0,165,0.0828,FORECAST
FLIGHT,RQ775-JIK-QIO-41340192,PUJ,YQR,NR001,2026-08-13,2026-07-14,30,51,161,0.4522,TARGET
FLIGHT,XS360-WKT-NFW-75193463,POP,YKF,NR001,2026-09-25,2026-05-28,120,5,199,0.2460,FORECAST
FLIGHT,DM022-OUJ-HHB-37271862,PUJ,YDF,NR001,2026-08-07,2026-08-04,3,22,189,0.8079,TARGET
FLIGHT,JJ756-GCZ-ZDE-13807828,PUJ,YYC,NR001,2026-09-08,2025-04-26,500,143,212,0.1974,FORECAST
FLIGHT,BK203-CVH-VFT-88712320,POP,POP,NR001,2026-07-28,2026-01-29,180,107,178,0.3021,TARGET
FLIGHT,BK203-CVH-VFT-88712320,PUJ,YWG,NR001,2026-07-24,2025-09-27,300,115,115,0.7485,ACTUAL
FLIGHT,VN239-IKS-SVI-26407608,PUJ,YFC,CY415,2026-08-07,2026-06-23,45,84,177,0.5858,FORECAST
FLIGHT,VN239-IKS-SVI-26407608,PUJ,YKF,CY415,2026-09-21,2025-06-28,450,149,181,0.1441,FORECAST
FLIGHT,VB1089-MUK-JNZ-12536064,PUJ,YQR,IV2370,2026-09-20,2025-10-05,350,69,177,0.8870,TARGET
FLIGHT,VB1089-MUK-JNZ-12536064,POP,YDF,IV2370,2026-09-20,2026-09-20,0,35,174,0.0000,TARGET
FLIGHT,WD8669-ELK-ETU-05092600,PUJ,YYT,IV2370,2026-09-03,2026-08-27,7,113,153,0.6253,TARGET
FLIGHT,EG3104-VIQ-DPV-73655619,POP,POP,IV2370,2026-09-18,2026-09-11,7,42,98,0.5031,TARGET
FLIGHT,XY1538-HHM-MYU-44934743,PUJ,YQR,SP0415,2026-07-07,2025-10-30,250,78,187,0.3285,TARGET
FLIGHT,NC3023-FZP-MGT-16949739,PUJ,YYT,SP0415,2026-09-28,2026-07-30,60,129,194,0.2850,FORECAST
FLIGHT,OM8765-SNJ-PDR-17534096,POP,YHZ,SP0415,2026-08-28,2026-08-07,21,154,178,0.6652,ACTUAL
FLIGHT,DU9975-DCZ-PKN-34406021,POP,YQB,SP0415,2026-08-17,2025-10-21,300,21,177,0.8916,ACTUAL
FLIGHT,OF6715-NSC-UJX-70129839,PUJ,YHM,SP0415,2026-07-08,2025-07-23,350,13,173,0.2251,FORECAST
FLIGHT,RK3004-KLP-WUQ-68592222,POP,YYZ,SP0415,2026-09-06,2026-04-09,150,16,172,0.8562,ACTUAL
FLIGHT,TM2116-PDE-HBI-65836599,POP,YQM,SP0415,2026-07-05,2026-06-28,7,55,173,0.8230,FORECAST
FLIGHT,QR1460-YVY-REI-74079434,POP,POP,SP0415,2026-07-05,2026-06-21,14,94,177,0.8811,FORECAST
FLIGHT,EC3702-WNX-CMP-16727022,POP,YKF,SP0415,2026-08-16,2026-07-26,21,40,191,0.3768,FORECAST
FLIGHT,LL809-ZLP-XTJ-75816602,POP,EWR,BD179,2026-09-17,2026-08-03,45,69,185,0.4702,ACTUAL
FLIGHT,ZQ413-NFH-GXX-47040714,POP,YBG,BD179,2026-08-23,2026-06-09,75,51,199,0.8437,FORECAST
FLIGHT,ZQ413-NFH-GXX-47040714,POP,YYT,BD179,2026-07-13,2025-04-19,450,174,174,0.2440,FORECAST
FLIGHT,BQ374-LWY-MBD-70396101,POP,YYZ,BD179,2026-08-17,2026-08-17,0,126,176,0.5848,FORECAST
FLIGHT,BQ374-LWY-MBD-70396101,POP,YWG,BD179,2026-09-25,2025-07-02,450,38,177,0.9690,ACTUAL
FLIGHT,OL900-YDO-XBM-79490786,PUJ,YHZ,BD179,2026-08-04,2026-07-21,14,46,79,0.4347,TARGET
FLIGHT,WT285-KVD-MWE-15938967,POP,PUJ,BD179,2026-08-09,2025-10-13,300,123,188,0.7573,ACTUAL
FLIGHT,SD122-GZZ-FCI-25261197,POP,YVR,BD179,2026-07-12,2026-01-13,180,11,174,0.6986,FORECAST
FLIGHT,ME2117-HYU-EUO-72648839,POP,YHZ,VS8758,2026-09-23,2025-11-27,300,19,173,0.9825,TARGET
FLIGHT,LR5585-FFS-VJF-52516185,POP,YUL,VS8758,2026-08-08,2026-07-09,30,112,164,0.4726,FORECAST
FLIGHT,OG4493-BKH-PQR-03318361,PUJ,YYT,VS8758,2026-09-15,2026-08-25,21,152,162,0.0810,FORECAST
FLIGHT,PG0486-FKV-CKF-17465353,PUJ,YLW,VS8758,2026-07-17,2025-12-29,200,54,174,0.0699,TARGET
FLIGHT,HX6090-WQK-RZD-81045024,POP,YHM,VS8758,2026-08-01,2025-06-27,400,86,86,0.4049,TARGET
FLIGHT,UD9384-CZK-ZHC-18923073,PUJ,YYC,FK6982,2026-08-29,2026-08-15,14,43,196,0.5373,FORECAST
FLIGHT,IR5195-IIF-VHG-44025885,POP,YEG,FK6982,2026-08-12,2025-05-19,450,101,101,0.8622,ACTUAL
FLIGHT,KT9646-WAR-XOV-25477753,PUJ,YYC,FK6982,2026-08-21,2026-08-07,14,36,168,0.3409,ACTUAL
FLIGHT,QY8176-RHL-GEI-78110162,POP,YFC,FK6982,2026-09-06,2026-08-30,7,50,206,0.1538,TARGET
FLIGHT,DT8974-YJN-SYG-16815164,POP,YYC,FK6982,2026-07-03,2026-06-30,3,8,189,0.0555,TARGET
FLIGHT,NS3551-NTP-RQZ-37772043,PUJ,YQT,FK6982,2026-08-30,2026-03-03,180,105,190,0.6894,ACTUAL
FLIGHT,QT9425-GFQ-GMS-30801187,POP,YVR,FK6982,2026-09-19,2026-04-22,150,0,186,0.0000,TARGET
FLIGHT,ZL1840-JUP-PHL-03188497,POP,YLW,FK6982,2026-07-10,2026-06-10,30,125,156,0.0542,TARGET
FLIGHT,JC6322-QKL-NHH-66023521,PUJ,YYC,FK6982,2026-08-28,2026-08-21,7,140,159,0.0525,ACTUAL
FLIGHT,AL8147-USN-VBW-56233094,POP,YQT,FK6982,2026-07-30,2026-04-01,120,130,194,0.0535,FORECAST
FLIGHT,LH0128-ZUZ-CSJ-00112952,PUJ,YBG,FK6982,2026-09-02,2026-03-06,180,0,167,0.1164,TARGET
FLIGHT,BP8187-XVJ-DJM-56637070,POP,YUL,FK6982,2026-08-19,2025-10-23,300,19,194,0.3170,FORECAST
FLIGHT,BP8187-XVJ-DJM-56637070,POP,YDF,FK6982,2026-07-23,2026-07-09,14,170,170,0.6412,TARGET
FLIGHT,VR4766-BBT-PJZ-90912619,POP,YBG,FK6982,2026-09-15,2026-07-02,75,38,171,0.7375,ACTUAL
FLIGHT,FS4201-EXD-OEY-20943422,POP,YHM,FK6982,2026-09-13,2026-05-16,120,111,173,0.8858,FORECAST
FLIGHT,AQ2419-RUL-OOX-87341372,POP,YQT,FK6982,2026-09-06,2026-06-23,75,48,200,0.1798,ACTUAL
FLIGHT,AQ2419-RUL-OOX-87341372,PUJ,YFC,FK6982,2026-08-08,2026-07-09,30,2,194,0.4765,TARGET
FLIGHT,SH6834-BED-DAI-54980460,POP,YOW,FK6982,2026-08-28,2026-06-14,75,18,189,0.0477,TARGET
FLIGHT,ML3493-ATN-NNG-49166055,PUJ,EWR,FK6982,2026-09-24,2025-11-28,300,4,174,0.6649,FORECAST
FLIGHT,PO3904-LKU-JGN-23319312,POP,YLW,FK6982,2026-08-07,2026-01-19,200,86,203,0.3782,ACTUAL
FLIGHT,GT3469-QTQ-IPV-38439537,POP,YHZ,FK6982,2026-09-30,2026-04-03,180,114,182,0.3222,TARGET
FLIGHT,FL8015-YHV-LQJ-96200323,POP,YDF,FK6982,2026-08-12,2025-08-27,350,76,108,1.0400,ACTUAL
FLIGHT,GQ070-HUH-XDL-66705330,POP,YYT,CE840,2026-09-10,2026-03-14,180,47,194,0.7200,ACTUAL
FLIGHT,ZG019-XTK-EMC-45782456,POP,YWG,CE840,2026-07-11,2025-07-26,350,114,164,0.5168,TARGET
FLIGHT,ZG019-XTK-EMC-45782456,PUJ,YQB,CE840,2026-08-10,2026-08-03,7,0,197,0.7807,FORECAST
FLIGHT,NH630-LDE-QCN-37996317,PUJ,PUJ,CE840,2026-07-07,2026-06-30,7,79,207,0.1275,FORECAST
FLIGHT,HG385-MRU-HMS-57001503,POP,YXS,CE840,2026-07-25,2026-01-26,180,57,211,0.0575,TARGET
FLIGHT,CN156-GHM-ANV-10132312,PUJ,YQT,CE840,2026-07-12,2025-07-27,350,15,186,0.3696,ACTUAL
FLIGHT,VI0239-GMV-EPM-17640404,POP,YHM,YY2537,2026-07-15,2026-05-01,75,19,191,0.7833,FORECAST
FLIGHT,XM5511-FRM-HQC-10502289,POP,YYC,YY2537,2026-07-09,2026-07-02,7,115,180,0.3785,ACTUAL
FLIGHT,XM5511-FRM-HQC-10502289,PUJ,YXU,YY2537,2026-07-25,2026-07-18,7,54,184,0.1128,FORECAST
FLIGHT,TY083-YGX-KBS-02542573,PUJ,YUL,CN977,2026-07-28,2025-11-20,250,0,193,0.1219,ACTUAL
FLIGHT,RL324-UXF-MIF-50642076,POP,YOW,CN977,2026-09-15,2026-05-18,120,110,195,0.6793,FORECAST
FLIGHT,RL324-UXF-MIF-50642076,POP,YXE,CN977,2026-08-20,2026-03-23,150,78,174,0.1684,ACTUAL
FLIGHT,WR362-ULG-MNN-77767555,PUJ,YYC,CN977,2026-07-26,2026-05-12,75,147,172,0.6969,FORECAST
FLIGHT,VM283-HGW-GSG-95786543,POP,YXE,CN977,2026-09-06,2025-08-02,400,155,186,0.3646,ACTUAL
FLIGHT,ME718-UOJ-YTN-03358268,POP,PUJ,CN977,2026-08-27,2026-02-08,200,157,188,0.9582,ACTUAL
FLIGHT,EV530-YSL-LWX-87799364,POP,YHZ,TT391,2026-08-05,2025-07-01,400,50,194,0.5275,TARGET
FLIGHT,JA770-AKH-LKU-88234811,POP,YQX,TT391,2026-07-12,2026-06-21,21,102,187,0.7919,FORECAST
FLIGHT,JA770-AKH-LKU-88234811,POP,POP,TT391,2026-09-21,2025-10-06,350,79,181,0.6445,FORECAST
FLIGHT,YQ082-SUX-HQK-02847798,PUJ,YBG,TT391,2026-09-30,2026-07-02,90,116,186,0.2729,TARGET
FLIGHT,YF587-XLH-OCL-64153307,POP,YYT,TT391,2026-09-05,2026-04-08,150,139,192,0.8346,TARGET
FLIGHT,PT170-YGP-SUU-30618920,PUJ,YOW,TT391,2026-09-19,2026-09-16,3,7,182,0.2387,FORECAST
FLIGHT,DA2537-VKS-HGK-85151494,POP,POP,TS7699,2026-09-07,2026-08-31,7,90,100,0.9689,ACTUAL
FLIGHT,DA2537-VKS-HGK-85151494,POP,YWG,TS7699,2026-09-09,2026-07-26,45,9,204,0.3788,ACTUAL
FLIGHT,ON9673-ELI-SMM-07028737,POP,YYT,TS7699,2026-09-05,2026-08-29,7,167,191,0.2741,ACTUAL
FLIGHT,EG8057-DED-MXN-29668273,POP,YXU,TS7699,2026-09-27,2026-09-13,14,40,187,0.9250,ACTUAL
FLIGHT,KG4856-ILX-AJJ-62404416,PUJ,YVR,TS7699,2026-08-03,2026-07-13,21,163,179,0.1586,ACTUAL
FLIGHT,GC6641-PBB-BHH-79047421,POP,YEG,TS7699,2026-08-16,2026-08-09,7,151,189,0.1343,ACTUAL
FLIGHT,GC6641-PBB-BHH-79047421,POP,YHZ,TS7699,2026-08-16,2026-08-09,7,8,195,0.8488,ACTUAL
FLIGHT,EX0660-LVY-QAW-85690289,POP,YQX,TS7699,2026-07-31,2026-04-02,120,27,192,0.1958,FORECAST
FLIGHT,QL8549-CWJ-WML-16792127,PUJ,YUL,TS7699,2026-07-30,2026-07-23,7,87,87,0.9351,TARGET
FLIGHT,QL8549-CWJ-WML-16792127,POP,YHM,TS7699,2026-08-14,2025-05-21,450,40,185,0.0112,ACTUAL
FLIGHT,ZC8762-JAI-NMC-01061958,POP,YWG,TS7699,2026-09-25,2026-05-28,120,163,163,0.7749,TARGET
FLIGHT,CH4261-XXS-VEG-72450184,PUJ,YYC,XP8077,2026-07-11,2026-06-11,30,56,191,0.3089,TARGET
FLIGHT,QD9737-JDR-XTO-21540641,PUJ,YYT,XP8077,2026-09-23,2026-09-20,3,117,177,0.2227,ACTUAL
FLIGHT,UD4448-KNV-ILC-01739739,PUJ,YVR,XP8077,2026-09-04,2025-07-31,400,106,198,1.0433,ACTUAL
FLIGHT,UD4448-KNV-ILC-01739739,PUJ,YQM,XP8077,2026-09-22,2026-09-08,14,24,177,0.4389,FORECAST
FLIGHT,UD4448-KNV-ILC-01739739,POP,YXS,XP8077,2026-09-13,2026-07-30,45,35,172,0.5540,FORECAST
FLIGHT,NV4178-TSM-TQV-60919191,PUJ,YDF,XP8077,2026-08-10,2025-12-03,250,122,173,0.8996,TARGET
FLIGHT,XZ3541-XCU-MKT-72634755,PUJ,YYT,XP8077,2026-08-14,2026-05-16,90,70,173,0.5197,ACTUAL
FLIGHT,XZ3541-XCU-MKT-72634755,PUJ,YYZ,XP8077,2026-08-24,2026-08-24,0,90,160,0.3396,ACTUAL
FLIGHT,HO0382-VIA-PHW-33373204,PUJ,PUJ,XP8077,2026-08-06,2026-08-06,0,70,88,0.9850,TARGET
FLIGHT,DM9666-WPE-KFD-45264712,POP,YQB,XP8077,2026-08-08,2026-07-25,14,45,187,0.1240,ACTUAL
FLIGHT,DM9666-WPE-KFD-45264712,POP,YQM,XP8077,2026-09-11,2025-09-26,350,119,199,0.8963,FORECAST
FLIGHT,LD2959-FOW-YFQ-27090814,POP,YYT,XP8077,2026-08-13,2026-05-30,75,93,195,1.0341,TARGET
FLIGHT,JD5298-FDP-GTE-95786718,PUJ,YOW,XP8077,2026-08-30,2026-07-31,30,169,169,0.8690,ACTUAL
FLIGHT,CK3523-PGZ-MBL-07918158,PUJ,YQR,XP8077,2026-07-25,2025-11-17,250,121,182,0.2691,FORECAST
FLIGHT,SS8868-UGJ-KEO-34666617,POP,EWR,XP8077,2026-08-20,2025-09-04,350,58,198,0.7647,TARGET
FLIGHT,SS8868-UGJ-KEO-34666617,PUJ,EWR,XP8077,2026-08-10,2025-05-17,450,172,172,0.9214,TARGET
FLIGHT,TA607-EVW-HCU-11271285,POP,YEG,CN977,2026-08-03,2026-02-04,180,146,193,0.5311,ACTUAL
FLIGHT,QB771-DHB-MFC-13695727,POP,YQM,CN977,2026-09-29,2026-09-22,7,91,177,0.8459,ACTUAL
FLIGHT,TY083-YGX-KBS-02542573,PUJ,POP,CN977,2026-09-12,2026-07-14,60,16,182,0.7661,ACTUAL
FLIGHT,UP964-VTM-OXH-79457727,POP,YUL,CN977,2026-08-23,2026-05-25,90,74,204,0.1421,TARGET
FLIGHT,NF703-MSV-FIX-92693265,POP,YOW,CN977,2026-07-20,2025-09-23,300,60,197,0.6669,TARGET
FLIGHT,GX1211-ANZ-VHG-01658373,POP,YXE,SD9769,2026-09-01,2026-06-18,75,102,180,0.7287,ACTUAL
FLIGHT,GD06P-EIK-GAP-62484337,PUJ,YXU,EE44D,2026-09-12,2026-09-12,0,140,142,0.8440,ACTUAL
FLIGHT,TT1403-QZQ-JHZ-66044324,PUJ,YFC,IY6332,2026-07-17,2026-02-17,150,26,177,0.7639,TARGET
FLIGHT,AU6562-KTY-BUJ-59908027,PUJ,YXU,IY6332,2026-08-07,2026-06-08,60,78,78,0.8799,ACTUAL
FLIGHT,RB8662-RCG-OFD-43308003,PUJ,YYZ,IY6332,2026-07-19,2025-09-22,300,10,170,0.8938,FORECAST
FLIGHT,RA9448-LQM-FGY-94535461,PUJ,YQX,IY6332,2026-07-28,2026-02-28,150,7,192,1.0421,ACTUAL
FLIGHT,RA9448-LQM-FGY-94535461,PUJ,YHZ,IY6332,2026-07-26,2025-06-21,400,137,184,0.2560,TARGET
FLIGHT,UJ7079-UVQ-YMG-21061339,POP,YYT,IY6332,2026-07-14,2025-06-09,400,64,184,0.1522,FORECAST
FLIGHT,CI6040-DJE-IOZ-31072011,PUJ,YQT,IY6332,2026-09-16,2026-08-26,21,0,176,0.5034,TARGET
FLIGHT,WO0096-RWP-ZHW-04519577,PUJ,YVR,IY6332,2026-07-30,2026-07-30,0,0,175,1.0497,TARGET
FLIGHT,WO0096-RWP-ZHW-04519577,POP,YYT,IY6332,2026-09-22,2026-09-01,21,172,172,0.1394,TARGET
FLIGHT,UE9582-ZSE-ZGW-61618808,PUJ,YQB,IY6332,2026-09-22,2026-05-25,120,161,161,0.0803,ACTUAL
FLIGHT,HS5613-UUO-EWY-30817214,PUJ,YYZ,IY6332,2026-09-10,2025-09-25,350,54,166,0.2232,FORECAST
FLIGHT,DN5609-JKM-LGJ-69979907,POP,YQM,IY6332,2026-08-15,2026-08-08,7,169,206,0.2119,TARGET
FLIGHT,PH7112-EEX-TSA-77560858,POP,YXS,IY6332,2026-07-04,2026-05-20,45,148,173,0.6516,FORECAST
FLIGHT,AF1923-OVR-LRI-71296180,PUJ,YXS,IY6332,2026-07-04,2025-07-19,350,123,194,0.3535,TARGET
FLIGHT,HG2426-ALB-QZA-18498042,PUJ,YHZ,IY6332,2026-09-26,2026-07-28,60,135,173,0.1264,TARGET
FLIGHT,YC690-NCR-CWY-20546475,POP,YQB,KF262,2026-07-27,2025-05-03,450,142,190,0.2293,ACTUAL
FLIGHT,CW758-QTU-CIU-44498355,PUJ,YUL,KF262,2026-09-12,2026-09-05,7,0,181,0.0846,TARGET
FLIGHT,VV588-KGZ-OSQ-21433952,PUJ,YXS,KF262,2026-08-31,2026-06-02,90,57,181,0.9031,TARGET
FLIGHT,UZ753-MPW-ISO-85249141,POP,YHM,KF262,2026-08-22,2026-04-24,120,142,202,0.2145,ACTUAL
FLIGHT,NU791-PNM-KDE-21500141,POP,YHM,KF262,2026-07-13,2026-07-13,0,50,173,0.5149,TARGET
FLIGHT,NU791-PNM-KDE-21500141,POP,YLW,KF262,2026-07-02,2026-07-02,0,70,186,0.9160,TARGET
FLIGHT,RR421-XVN-GBV-90015944,PUJ,YBG,KF262,2026-07-11,2026-01-12,180,85,173,0.1723,ACTUAL
FLIGHT,ZM389-AFC-SXT-47113633,PUJ,YYZ,KF262,2026-09-09,2025-06-16,450,30,174,0.6571,TARGET
FLIGHT,CN772-XMT-YMA-84376855,POP,YQT,KF262,2026-07-30,2025-10-03,300,171,171,0.5968,FORECAST
FLIGHT,LM434-HMT-PAV-93170695,POP,YUL,KF262,2026-08-28,2026-08-21,7,56,163,0.6051,FORECAST
FLIGHT,DY785-XFE-RFH-05248088,PUJ,YDF,KF262,2026-09-14,2025-06-21,450,166,166,0.1802,ACTUAL
FLIGHT,BM220-PEE-HTL-94737213,POP,YXU,KF262,2026-08-07,2025-03-25,500,52,75,0.6333,TARGET
FLIGHT,LZ996-YIQ-NFQ-72031954,POP,YQT,KF262,2026-09-21,2026-08-07,45,14,173,0.7437,TARGET
FLIGHT,MH203-OIP-MOW-75372603,POP,YHM,KF262,2026-07-23,2026-05-09,75,34,181,0.2660,TARGET
FLIGHT,VY8981-EMK-VWO-42231964,POP,YUL,HA5069,2026-07-08,2025-12-20,200,58,191,0.6186,TARGET
FLIGHT,VY8981-EMK-VWO-42231964,PUJ,YBG,HA5069,2026-09-28,2026-06-30,90,118,179,0.4478,TARGET
FLIGHT,VY8981-EMK-VWO-42231964,POP,YXE,HA5069,2026-08-16,2026-08-02,14,165,190,1.0046,FORECAST
FLIGHT,OE2145-WKS-HWP-66189437,POP,YLW,HA5069,2026-08-02,2026-03-05,150,69,203,0.2837,ACTUAL
FLIGHT,ZZ4886-AQX-ZYU-49079388,PUJ,YLW,HA5069,2026-08-03,2026-07-27,7,58,172,0.1585,ACTUAL
FLIGHT,JY1368-XKF-RUG-06153701,POP,YYC,HA5069,2026-09-14,2025-08-10,400,69,198,0.8383,FORECAST
FLIGHT,MY046-CVK-IXB-21190170,POP,YHM,DZ829,2026-09-13,2026-08-30,14,20,171,0.1674,FORECAST
FLIGHT,PZ568-DIF-SRZ-31522910,POP,POP,DZ829,2026-07-12,2026-04-13,90,83,190,0.8715,ACTUAL
FLIGHT,HH016-EGI-DSA-31061537,POP,YQR,DZ829,2026-07-07,2026-02-07,150,3,190,0.1564,ACTUAL
FLIGHT,EE1556-MVQ-VIO-32365337,PUJ,YOW,CK9844,2026-09-23,2025-11-27,300,64,184,0.6746,ACTUAL
FLIGHT,PI6040-NOF-BZB-78436142,POP,YQB,CK9844,2026-08-25,2025-10-29,300,140,174,0.5798,ACTUAL
FLIGHT,PI6040-NOF-BZB-78436142,POP,YVR,CK9844,2026-07-06,2025-10-29,250,11,176,0.2964,FORECAST
FLIGHT,IW1484-XMA-CSD-34438998,PUJ,YQX,CK9844,2026-08-13,2026-07-30,14,143,194,0.0034,FORECAST
FLIGHT,BV7392-BDX-XGL-46212760,POP,YXE,CK9844,2026-08-08,2026-01-20,200,193,202,0.7719,TARGET
FLIGHT,FL0826-DCY-FGC-26163248,POP,YFC,CK9844,2026-08-06,2026-03-09,150,120,202,0.7743,ACTUAL
FLIGHT,CK8814-IKR-EFB-67323182,POP,YXE,MG3024,2026-08-09,2026-05-11,90,120,189,0.8085,ACTUAL
FLIGHT,LV0542-ZSM-XBR-07063369,PUJ,PUJ,MG3024,2026-09-04,2026-06-21,75,59,164,0.4011,FORECAST
FLIGHT,YL4026-ZHX-VLK-82430176,POP,YQR,MG3024,2026-08-05,2026-03-08,150,14,197,0.6701,TARGET
FLIGHT,JX0134-RAZ-QOY-35437882,PUJ,YYC,MG3024,2026-09-03,2026-06-20,75,155,161,0.8152,FORECAST
FLIGHT,UO2348-XHQ-THK-95382804,POP,YXE,MG3024,2026-09-25,2026-06-27,90,23,186,0.1811,TARGET
FLIGHT,UO2348-XHQ-THK-95382804,POP,YOW,MG3024,2026-07-06,2026-05-07,60,50,185,0.9806,ACTUAL
FLIGHT,CZ8696-LNU-CGA-87612385,PUJ,POP,MG3024,2026-08-28,2026-08-21,7,150,177,0.8423,TARGET
FLIGHT,GL6178-COA-GFV-11920613,PUJ,YWG,MG3024,2026-08-02,2026-04-04,120,34,200,0.6862,FORECAST
FLIGHT,YN3852-OPR-SLM-13371844,PUJ,YUL,MG3024,2026-08-16,2026-03-19,150,15,197,0.1481,FORECAST
FLIGHT,IS0295-BEM-JQB-16440373,PUJ,YUL,MG3024,2026-07-24,2026-07-10,14,191,198,0.8484,ACTUAL
FLIGHT,FH5521-MVV-LAY-58714692,POP,YXU,MG3024,2026-09-17,2026-05-20,120,33,179,0.4213,ACTUAL
FLIGHT,FH5521-MVV-LAY-58714692,PUJ,YLW,MG3024,2026-09-20,2026-08-06,45,13,158,0.6954,ACTUAL
FLIGHT,GP0858-AMU-FVU-35040566,PUJ,YUL,MG3024,2026-07-23,2026-05-09,75,51,173,0.7165,ACTUAL
FLIGHT,JF8249-DCZ-WNK-02000245,PUJ,YHM,MG3024,2026-09-28,2025-08-24,400,85,189,0.9414,FORECAST
FLIGHT,LP7545-RUI-PEM-29052918,PUJ,YLW,MG3024,2026-08-23,2026-02-24,180,136,175,0.5106,TARGET
FLIGHT,IN1777-HFZ-MJH-09544979,POP,YLW,MG3024,2026-08-02,2026-06-18,45,156,183,0.1645,ACTUAL
FLIGHT,IC2027-BND-LTF-73874029,PUJ,YYZ,MG3024,2026-07-27,2026-04-28,90,36,74,0.0287,FORECAST
FLIGHT,HW4030-DAT-LMP-97564915,POP,YEG,MG3024,2026-09-11,2026-06-28,75,96,96,0.0269,ACTUAL
FLIGHT,OS5546-FHI-PDE-47601080,POP,YKF,MG3024,2026-09-08,2026-07-10,60,61,152,0.5795,TARGET
FLIGHT,YD8103-AZX-ZNR-31764172,PUJ,PUJ,MG3024,2026-07-09,2026-03-11,120,183,189,0.6446,TARGET
FLIGHT,CG8067-DHB-OWH-51045847,PUJ,EWR,MG3024,2026-08-30,2026-06-16,75,48,187,0.9132,ACTUAL
FLIGHT,JG6213-AAS-NFL-88576694,POP,YXE,MG3024,2026-08-10,2025-12-03,250,181,181,0.8651,ACTUAL
FLIGHT,NF3899-JSS-DTO-01426203,POP,POP,MG3024,2026-09-09,2026-09-02,7,29,201,0.2442,TARGET
FLIGHT,SQ9897-EDC-OAX-88948018,POP,YLW,MG3024,2026-07-10,2026-06-10,30,148,165,0.6789,TARGET
FLIGHT,FB0480-NPK-PVC-23691496,POP,YYT,MG3024,2026-09-01,2026-02-13,200,64,64,0.1598,ACTUAL
FLIGHT,FB0480-NPK-PVC-23691496,POP,YQM,MG3024,2026-07-16,2026-05-02,75,64,167,0.2793,ACTUAL
FLIGHT,EC7028-KDM-EFL-93648820,POP,YQM,MG3024,2026-08-20,2025-05-27,450,169,180,0.3284,ACTUAL
FLIGHT,YJ7241-TDN-KUB-34409661,PUJ,YHM,MG3024,2026-07-10,2026-01-11,180,66,173,0.7772,ACTUAL
FLIGHT,ZM3045-WUG-BMT-35882493,PUJ,POP,MG3024,2026-08-11,2026-08-08,3,66,171,0.2136,ACTUAL
FLIGHT,ZM3045-WUG-BMT-35882493,POP,YXE,MG3024,2026-09-18,2026-08-19,30,110,110,0.2793,FORECAST
FLIGHT,ZC9864-FIE-GRU-39728339,POP,YWG,MG3024,2026-08-14,2026-04-16,120,25,170,0.1869,ACTUAL
FLIGHT,UH1980-ZPI-NZY-82354695,PUJ,YXU,MG3024,2026-08-15,2025-08-30,350,133,181,0.0698,TARGET
FLIGHT,FL7197-MAW-THE-01265789,PUJ,YWG,MG3024,2026-09-04,2025-06-11,450,16,203,0.9060,TARGET
FLIGHT,RF6041-RAY-SLE-17558517,PUJ,POP,MG3024,2026-07-30,2025-08-14,350,62,154,0.8744,TARGET
FLIGHT,VT6321-OJG-ZZX-57483526,POP,YXE,MG3024,2026-09-15,2026-05-18,120,5,83,0.8769,ACTUAL
FLIGHT,TK5156-FGS-FXA-90855107,POP,YHM,MG3024,2026-07-21,2026-07-18,3,3,79,0.6174,ACTUAL
FLIGHT,UW4091-HDC-DOY-86190254,PUJ,YXU,MG3024,2026-09-09,2025-11-13,300,57,178,0.3489,TARGET
FLIGHT,FO5950-AFN-YZW-01515325,PUJ,YXU,MG3024,2026-07-28,2026-01-29,180,46,69,0.2240,TARGET
FLIGHT,LW9503-VYC-BAM-49340391,PUJ,YQM,MG3024,2026-08-31,2025-11-04,300,163,172,1.0288,TARGET
FLIGHT,AI5203-NBQ-TWY-41184913,POP,POP,MG3024,2026-08-29,2026-08-15,14,99,176,0.0000,ACTUAL
FLIGHT,BN7990-UAM-SNR-01867740,PUJ,YQR,MG3024,2026-09-29,2025-07-06,450,125,169,0.4483,TARGET
FLIGHT,DC6673-ZET-AJV-57598875,POP,YYT,MG3024,2026-08-05,2025-08-20,350,64,180,0.0060,FORECAST
FLIGHT,ND1863-RLK-RRC-95977216,POP,YYT,MG3024,2026-07-16,2026-04-17,90,19,169,0.4081,ACTUAL
FLIGHT,RQ0053-PRY-ZWT-31869289,PUJ,YQB,MG3024,2026-09-06,2025-12-30,250,52,175,0.3323,ACTUAL
FLIGHT,JR2322-BIC-IIP-43281165,POP,YQT,MG3024,2026-08-08,2026-07-09,30,33,189,0.1715,ACTUAL
FLIGHT,MO0636-ECS-QZM-55049444,PUJ,YDF,MG3024,2026-07-29,2025-11-21,250,157,183,0.0507,ACTUAL
FLIGHT,UB7663-VJT-YGW-39650496,POP,YUL,MG3024,2026-09-21,2026-08-31,21,91,177,0.1964,FORECAST
FLIGHT,VE1880-RXP-TVT-19623419,POP,YOW,MG3024,2026-09-30,2026-07-02,90,95,95,0.0789,FORECAST
FLIGHT,HH4303-CCW-LVQ-76054576,PUJ,YYC,MG3024,2026-08-05,2026-01-17,200,3,183,0.4775,FORECAST
FLIGHT,WS4757-MSW-XZI-53536597,PUJ,YKF,MG3024,2026-08-10,2026-05-27,75,80,188,0.7379,TARGET
FLIGHT,SG3261-JYK-JGW-07963731,PUJ,YYZ,MG3024,2026-09-02,2025-09-17,350,76,76,0.2976,FORECAST
FLIGHT,NZ5237-OOE-SNM-56337014,POP,YOW,MG3024,2026-09-28,2026-09-07,21,103,187,0.6871,FORECAST
FLIGHT,NZ5237-OOE-SNM-56337014,PUJ,YQM,MG3024,2026-07-15,2025-07-30,350,153,180,0.0712,ACTUAL
FLIGHT,BU0527-RCA-LKU-80002722,PUJ,YOW,MG3024,2026-07-14,2025-03-01,500,113,185,0.5854,ACTUAL
FLIGHT,BU0527-RCA-LKU-80002722,POP,YDF,MG3024,2026-08-01,2026-07-02,30,61,182,0.7165,FORECAST
FLIGHT,OB8269-PZD-YQZ-23601071,POP,YUL,IY6332,2026-09-18,2026-08-19,30,43,201,0.0608,TARGET
FLIGHT,RV9222-XLM-BMF-95350637,PUJ,YYT,IY6332,2026-07-03,2026-04-04,90,98,98,0.2214,TARGET
FLIGHT,UY654-GAQ-VXZ-95231202,POP,YBG,SN794,2026-08-12,2025-12-05,250,49,204,0.9312,FORECAST
FLIGHT,EN876-JJR-VYN-76497974,PUJ,YXE,SN794,2026-09-21,2025-11-25,300,0,190,0.1149,ACTUAL
FLIGHT,CN365-NWB-IKB-06355373,PUJ,YQM,SN794,2026-08-27,2026-08-13,14,68,180,0.2781,TARGET
FLIGHT,CN365-NWB-IKB-06355373,PUJ,YWG,SN794,2026-08-18,2026-08-11,7,86,191,1.0006,TARGET
FLIGHT,BS649-NTF-OOC-19529635,PUJ,YQR,SN794,2026-08-12,2026-08-12,0,0,159,0.0617,ACTUAL
FLIGHT,KY443-JWI-ZCZ-49169993,PUJ,YQX,SN794,2026-08-22,2025-07-18,400,164,164,0.4687,FORECAST
FLIGHT,MH1138-RLB-GJF-36220334,PUJ,YXS,OQ8459,2026-09-12,2026-08-13,30,31,187,0.1070,ACTUAL
FLIGHT,FO5233-EQE-TZH-02025691,POP,YOW,OQ8459,2026-07-15,2026-04-16,90,70,188,0.8608,FORECAST
FLIGHT,GG0303-GIN-OOC-16750762,PUJ,YLW,OQ8459,2026-08-01,2026-07-29,3,67,171,0.2467,FORECAST
FLIGHT,YI7230-GIW-ZEB-28471901,PUJ,YFC,OQ8459,2026-08-17,2025-05-24,450,28,197,0.0673,FORECAST
FLIGHT,OW2224-BLB-OXN-48717754,POP,YHM,OQ8459,2026-08-08,2025-10-12,300,98,181,0.2848,TARGET
FLIGHT,UG7912-DEC-CBD-87803586,PUJ,YEG,OQ8459,2026-09-19,2026-09-19,0,160,213,0.9604,ACTUAL
FLIGHT,AL9685-CTY-KGZ-77492663,POP,YKF,OQ8459,2026-07-23,2026-07-16,7,0,198,0.7443,ACTUAL
FLIGHT,RR0644-YEV-ABZ-62987787,PUJ,YQR,ZS2708,2026-07-21,2025-09-24,300,83,184,0.3848,TARGET
FLIGHT,JX7891-CPT-OEY-69999498,PUJ,POP,RV4716,2026-09-16,2025-10-01,350,48,175,0.3622,FORECAST
FLIGHT,DU2831-XRA-BHN-66020005,POP,YXE,RV4716,2026-09-22,2026-07-09,75,32,191,0.1942,FORECAST
FLIGHT,HW9218-QXH-LFO-91875067,PUJ,YDF,RV4716,2026-09-12,2026-07-14,60,5,192,0.2907,FORECAST
FLIGHT,PM1065-SFA-URQ-14319279,PUJ,POP,RV4716,2026-08-10,2025-12-03,250,51,187,0.3269,TARGET
FLIGHT,IU7296-NSJ-CYO-99670808,POP,YDF,RV4716,2026-07-24,2026-04-25,90,33,180,0.8656,TARGET
FLIGHT,AI4509-FVU-QZM-05210262,PUJ,YYT,RV4716,2026-09-04,2026-08-05,30,91,173,0.7355,TARGET
FLIGHT,HA2750-BAG-BVL-66199530,PUJ,YHM,RV4716,2026-07-18,2026-02-18,150,166,199,0.9012,TARGET
FLIGHT,HA2750-BAG-BVL-66199530,PUJ,YWG,RV4716,2026-07-17,2025-12-29,200,125,174,0.1855,ACTUAL
FLIGHT,UD8726-UZB-ADU-36510344,POP,YWG,RV4716,2026-09-29,2026-05-02,150,62,203,0.8143,ACTUAL
FLIGHT,ZY2155-TTN-PEK-62221905,POP,YXS,RV4716,2026-08-15,2026-07-01,45,94,107,0.2577,TARGET
FLIGHT,ZY2155-TTN-PEK-62221905,POP,YXE,RV4716,2026-07-19,2026-05-20,60,48,184,0.0837,ACTUAL
FLIGHT,FD3835-APC-EJK-53129003,POP,YXS,VS8758,2026-07-01,2026-02-01,150,15,187,0.9345,TARGET
FLIGHT,FD3835-APC-EJK-53129003,PUJ,YYT,VS8758,2026-09-27,2026-09-13,14,48,183,0.2731,TARGET
FLIGHT,LR5585-FFS-VJF-52516185,POP,YQB,VS8758,2026-07-03,2026-05-19,45,169,171,0.8447,FORECAST
FLIGHT,PG0486-FKV-CKF-17465353,PUJ,EWR,VS8758,2026-09-07,2026-02-19,200,49,165,0.7797,TARGET
FLIGHT,NN9335-CUV-KXQ-80705326,POP,YQR,VS8758,2026-08-06,2025-07-02,400,21,197,0.9350,FORECAST
FLIGHT,QX969-HGL-HZT-00585615,POP,YXS,KK064,2026-09-03,2025-06-10,450,13,189,0.5329,FORECAST
FLIGHT,UJ731-UKM-MHS-79255116,POP,YOW,KK064,2026-09-15,2026-02-27,200,136,184,0.3466,FORECAST
FLIGHT,NA534-FQC-MZI-41610197,POP,YQM,KK064,2026-07-08,2025-04-14,450,72,192,0.0880,TARGET
FLIGHT,OA413-WAT-ATD-53860282,POP,YXS,KK064,2026-09-05,2026-08-15,21,132,181,0.5599,TARGET
FLIGHT,RU109-PWT-JDU-22487098,POP,PUJ,KK064,2026-07-31,2026-03-03,150,22,159,0.1688,TARGET
FLIGHT,PE649-NGF-FLC-74224043,PUJ,YWG,KK064,2026-07-16,2026-07-09,7,98,184,0.2714,ACTUAL
FLIGHT,NR9005-OPT-KAB-17325900,POP,YWG,WK2572,2026-07-03,2026-02-03,150,17,196,0.8278,TARGET
FLIGHT,LW5985-DMB-EDD-91589126,POP,YHZ,WK2572,2026-07-01,2025-07-16,350,146,146,0.1463,ACTUAL
FLIGHT,QI4740-QXH-OVR-19190749,PUJ,YHZ,BG3562,2026-08-05,2026-07-15,21,123,195,0.3744,TARGET
FLIGHT,SE1640-BMS-XXY-83692353,PUJ,POP,BG3562,2026-08-16,2026-03-19,150,24,197,0.8544,FORECAST
FLIGHT,WA2123-XXP-VXE-05503300,POP,YOW,BG3562,2026-09-20,2025-08-16,400,150,179,0.4841,ACTUAL
FLIGHT,QC5198-ULW-IKQ-29420340,POP,YWG,BG3562,2026-08-12,2026-07-13,30,0,180,0.8250,FORECAST
FLIGHT,OT4026-EBQ-LQC-74527353,PUJ,YQX,BG3562,2026-08-07,2026-08-04,3,0,200,0.7147,FORECAST
FLIGHT,NN0012-RHQ-EOC-01232961,PUJ,YXU,BG3562,2026-09-30,2026-05-03,150,14,174,0.0433,TARGET
FLIGHT,NN0012-RHQ-EOC-01232961,POP,EWR,BG3562,2026-09-26,2026-09-05,21,141,198,1.0410,TARGET
FLIGHT,LC2048-WLA-PXN-65344604,POP,YWG,BG3562,2026-07-04,2026-06-04,30,15,199,0.5403,TARGET
FLIGHT,UF27N-HUJ-MAD-91530573,PUJ,YYZ,EE44D,2026-08-13,2026-06-14,60,76,184,0.6941,ACTUAL
FLIGHT,XJ7243-LRN-CPN-82251272,PUJ,YXE,OE7573,2026-08-05,2026-05-07,90,109,170,0.3173,TARGET
FLIGHT,JQ9742-EHK-IZG-40466821,POP,YKF,OE7573,2026-09-07,2025-09-22,350,82,202,0.3542,TARGET
FLIGHT,FC2543-VXI-CZX-23016049,POP,YYC,OE7573,2026-09-11,2026-07-13,60,14,196,0.5894,TARGET
FLIGHT,FC2543-VXI-CZX-23016049,POP,YEG,OE7573,2026-07-19,2026-05-05,75,63,201,0.6009,TARGET
FLIGHT,PK3076-RDA-FZJ-80855780,POP,YYZ,OE7573,2026-07-17,2025-03-04,500,23,188,0.8286,TARGET
FLIGHT,HJ8110-KAD-YIP-64278961,POP,YOW,OE7573,2026-09-07,2026-05-10,120,67,204,0.6208,FORECAST
FLIGHT,LY9781-KLI-EMU-09723602,POP,YYC,OE7573,2026-07-18,2026-02-18,150,175,175,0.4122,TARGET
FLIGHT,YY6862-OFR-QJB-76642076,POP,YEG,OE7573,2026-08-14,2025-04-01,500,91,161,0.7862,TARGET
FLIGHT,VG2713-KGX-RMP-62592386,PUJ,YBG,OE7573,2026-09-28,2026-09-07,21,112,157,0.8007,TARGET
FLIGHT,IY0535-NOB-XPQ-97755426,PUJ,YOW,MZ3963,2026-07-07,2026-06-16,21,17,158,0.9698,ACTUAL
FLIGHT,AF6980-DIF-VMI-71068017,PUJ,YQM,MZ3963,2026-07-18,2026-02-18,150,0,174,0.9072,ACTUAL
FLIGHT,OY0316-GOY-BKV-00493326,POP,YQR,MZ3963,2026-07-28,2026-05-29,60,13,176,0.7506,FORECAST
FLIGHT,OF4469-HDZ-OFS-47638083,PUJ,YVR,MZ3963,2026-08-21,2026-02-02,200,131,192,0.8603,ACTUAL
FLIGHT,OM5272-RUJ-LGS-74995070,POP,YYT,MZ3963,2026-09-22,2026-09-01,21,14,56,0.5049,TARGET
FLIGHT,BF2154-HTB-IIR-90932253,PUJ,YFC,MZ3963,2026-09-16,2026-09-13,3,76,180,0.3827,ACTUAL
FLIGHT,HG2023-LCB-EZL-55019354,PUJ,YXU,MZ3963,2026-08-08,2026-07-18,21,188,192,0.9604,TARGET
FLIGHT,MF9620-ZRA-LSX-83124412,PUJ,YQB,MZ3963,2026-09-03,2026-08-27,7,38,185,0.5314,TARGET
FLIGHT,SB7596-KTT-TEB-12376317,POP,YQR,MZ3963,2026-07-28,2026-06-28,30,42,180,0.0691,FORECAST
FLIGHT,SE2671-WHD-PLH-62647528,POP,POP,MZ3963,2026-09-13,2026-08-30,14,24,171,0.6093,ACTUAL
FLIGHT,SE2671-WHD-PLH-62647528,PUJ,YYC,MZ3963,2026-09-27,2026-07-14,75,170,180,0.7880,TARGET
FLIGHT,SE2671-WHD-PLH-62647528,POP,YHZ,MZ3963,2026-09-05,2026-06-22,75,108,214,0.0772,TARGET
FLIGHT,BN7693-GHY-FSS-86515902,POP,YHZ,MZ3963,2026-07-29,2026-01-10,200,26,177,0.0551,FORECAST
FLIGHT,WZ7262-AXQ-IMP-29254355,POP,YXE,MZ3963,2026-07-23,2025-08-07,350,52,176,0.9266,FORECAST
FLIGHT,JW1642-GWD-MLI-41372776,POP,YBG,MZ3963,2026-08-08,2026-05-25,75,16,170,0.2152,TARGET
FLIGHT,QL7606-WGZ-ITJ-29046175,POP,YBG,MZ3963,2026-08-24,2026-08-17,7,75,174,0.0000,FORECAST
FLIGHT,EO7291-AYQ-JKB-78604356,PUJ,YUL,MZ3963,2026-09-10,2026-08-27,14,166,176,0.2188,ACTUAL
FLIGHT,VA7399-FYQ-TCV-98271826,POP,YQX,MZ3963,2026-09-14,2026-09-11,3,97,202,0.6091,FORECAST
FLIGHT,OA6921-TKR-OGA-54982438,PUJ,YQX,MZ3963,2026-09-29,2026-06-01,120,21,197,0.1695,ACTUAL
FLIGHT,QX4302-ZWV-XCO-81678066,POP,YLW,MZ3963,2026-08-22,2026-06-23,60,27,185,0.9077,TARGET
FLIGHT,QQ9592-UUO-UIC-16806919,PUJ,YXE,MZ3963,2026-08-31,2026-08-01,30,20,165,0.2806,FORECAST
FLIGHT,FR4976-WBH-TMU-70243652,POP,YBG,MZ3963,2026-07-07,2026-03-09,120,139,189,0.8519,TARGET
FLIGHT,OS9623-LMT-STV-29983358,PUJ,YVR,MZ3963,2026-07-13,2026-06-22,21,38,175,0.2276,TARGET
FLIGHT,OS9623-LMT-STV-29983358,POP,YXS,MZ3963,2026-08-14,2026-08-14,0,162,180,0.1769,FORECAST
FLIGHT,XP6887-WPO-TFL-60413482,PUJ,YHM,MZ3963,2026-09-17,2026-07-19,60,148,203,0.4193,FORECAST
FLIGHT,XP6887-WPO-TFL-60413482,POP,YUL,MZ3963,2026-08-20,2026-07-30,21,155,155,0.3499,TARGET
FLIGHT,BQ4931-KGT-QXG-91226000,POP,YQB,MZ3963,2026-07-10,2026-04-26,75,32,69,0.8401,FORECAST
FLIGHT,CJ4076-ETX-XCZ-43049134,PUJ,YWG,MZ3963,2026-07-09,2026-04-10,90,95,172,0.4368,ACTUAL
FLIGHT,CJ4076-ETX-XCZ-43049134,POP,YQM,MZ3963,2026-07-03,2025-04-09,450,91,91,0.9984,FORECAST
FLIGHT,DA3897-KEU-RPE-09986564,POP,YQR,MZ3963,2026-09-04,2026-09-04,0,35,195,0.9484,ACTUAL
FLIGHT,NT1948-TME-SYR-05682017,PUJ,YQM,MZ3963,2026-07-15,2026-07-08,7,9,170,0.2079,ACTUAL
FLIGHT,VL3079-NND-QNS-57240434,PUJ,YEG,MZ3963,2026-08-09,2026-05-26,75,157,161,0.8867,ACTUAL
FLIGHT,PI1253-CVG-PVT-56100777,POP,YDF,MZ3963,2026-08-15,2025-05-22,450,145,177,0.2076,TARGET
FLIGHT,SG8733-OBG-JXF-44474890,PUJ,YHM,MZ3963,2026-08-07,2026-06-23,45,5,165,0.8894,TARGET
FLIGHT,IB9185-QAL-LRX-11574496,PUJ,YHZ,MZ3963,2026-09-30,2026-07-17,75,0,159,0.8585,TARGET
FLIGHT,DR4039-ZWR-EFC-80396620,PUJ,YQX,MZ3963,2026-09-05,2026-08-06,30,38,111,0.2726,ACTUAL
FLIGHT,JA2578-OAG-MQM-05063066,PUJ,YQM,MZ3963,2026-08-12,2026-04-14,120,150,188,0.6926,ACTUAL
FLIGHT,HQ1180-URD-WRT-65583445,PUJ,YHM,MZ3963,2026-07-03,2026-01-04,180,17,177,0.2254,FORECAST
FLIGHT,QL0153-VAC-OHV-16715605,POP,YXU,MZ3963,2026-08-22,2026-04-24,120,46,186,0.9226,ACTUAL
FLIGHT,CN8066-JXP-AZO-03850360,PUJ,YWG,IZ9259,2026-07-23,2026-07-20,3,84,185,0.0864,FORECAST
FLIGHT,GZ8564-NXC-JSO-45979318,POP,YYZ,IZ9259,2026-07-30,2026-04-01,120,47,189,0.0900,FORECAST
FLIGHT,GZ8564-NXC-JSO-45979318,POP,EWR,IZ9259,2026-07-07,2026-06-16,21,30,208,0.1024,FORECAST
FLIGHT,GS9798-WIT-ZCI-98609955,PUJ,POP,IZ9259,2026-09-27,2026-09-20,7,54,179,0.1347,FORECAST
FLIGHT,WR9811-KTJ-RKH-40012762,POP,YWG,IZ9259,2026-09-03,2026-03-07,180,78,162,0.2460,ACTUAL
FLIGHT,EG7887-BKV-RJC-68061349,POP,YXU,IZ9259,2026-07-03,2026-06-30,3,26,184,0.1348,TARGET
FLIGHT,ME0165-LKX-OVQ-64578655,POP,YQB,IZ9259,2026-07-11,2025-12-23,200,48,187,0.3888,TARGET
FLIGHT,ST7402-ZGG-QNR-60835701,POP,YXS,IZ9259,2026-07-19,2026-07-16,3,3,199,0.8781,ACTUAL
FLIGHT,ST7402-ZGG-QNR-60835701,PUJ,YUL,IZ9259,2026-07-30,2025-06-25,400,175,187,0.2390,FORECAST
FLIGHT,OA3630-TJZ-IEG-86020508,PUJ,YQX,IZ9259,2026-09-29,2026-06-01,120,18,183,0.1560,ACTUAL
FLIGHT,OA3630-TJZ-IEG-86020508,PUJ,YFC,IZ9259,2026-09-22,2026-03-26,180,20,210,0.8873,TARGET
FLIGHT,QG173-WAM-MFS-31518178,PUJ,YYZ,UV281,2026-07-24,2026-07-21,3,163,197,0.0525,ACTUAL
FLIGHT,QE426-LKS-JNT-89062327,PUJ,YHZ,UV281,2026-09-05,2026-08-06,30,44,178,0.8469,ACTUAL
FLIGHT,ZA706-MWY-TBD-07923729,POP,YYZ,UV281,2026-09-17,2026-07-19,60,102,188,0.3001,ACTUAL
FLIGHT,RY302-SCK-RLW-42332416,POP,YUL,UV281,2026-07-11,2026-06-20,21,147,179,0.3577,ACTUAL
FLIGHT,LV7493-ELC-DIW-97887953,POP,YYT,YV9266,2026-08-24,2025-05-31,450,32,198,0.5559,TARGET
FLIGHT,CE0409-KJH-OPU-66183085,PUJ,YOW,YV9266,2026-09-16,2026-01-09,250,0,176,0.6099,TARGET
FLIGHT,CE0409-KJH-OPU-66183085,PUJ,YYZ,YV9266,2026-08-26,2025-10-30,300,93,203,0.7909,ACTUAL
FLIGHT,BN8026-SVG-HZX-15423060,PUJ,YYZ,YV9266,2026-09-02,2026-03-06,180,56,347,0.5195,FORECAST
FLIGHT,BF3028-NKU-WKW-05224114,PUJ,YYZ,YV9266,2026-08-14,2025-04-01,500,90,192,0.0005,TARGET
FLIGHT,ZE0667-BDK-CIK-99201663,POP,YXU,YV9266,2026-07-05,2026-07-02,3,26,181,0.0469,TARGET
FLIGHT,HN7734-VSR-UUL-29735615,PUJ,EWR,YV9266,2026-07-25,2026-07-25,0,170,173,0.9550,ACTUAL
FLIGHT,JD4753-HMS-WLF-47466535,POP,YQX,YV9266,2026-09-21,2025-08-17,400,139,184,0.8022,ACTUAL
FLIGHT,VS0616-XRE-JSP-93998161,PUJ,YQB,YV9266,2026-08-30,2026-08-30,0,17,184,0.0870,FORECAST
FLIGHT,HT1016-DFL-ZYS-01639949,POP,YFC,YV9266,2026-07-06,2025-06-01,400,151,167,0.0000,TARGET
FLIGHT,UE1540-CWH-CKG-50696261,POP,YQB,YV9266,2026-08-30,2025-09-14,350,89,180,0.0870,TARGET
FLIGHT,NR4552-KFY-UPX-41025471,POP,YWG,YV9266,2026-07-13,2026-04-14,90,146,186,0.0781,TARGET
FLIGHT,LD9567-LVM-GLL-84227172,PUJ,YYC,YV9266,2026-08-07,2026-07-08,30,72,190,0.1498,ACTUAL
FLIGHT,HA6357-RUW-AVH-78912139,POP,YBG,YV9266,2026-09-24,2025-08-20,400,128,206,0.2535,TARGET
FLIGHT,MC0656-OHH-OYI-57016527,POP,YEG,UR3098,2026-08-18,2026-08-04,14,178,196,0.0318,TARGET
FLIGHT,NC3681-JSR-BEL-30843769,PUJ,YXE,UR3098,2026-07-31,2026-01-12,200,134,181,0.8091,TARGET
FLIGHT,KK7490-MFP-SZM-02425703,POP,YXE,UR3098,2026-08-07,2026-06-08,60,89,182,0.5480,FORECAST
FLIGHT,VO7666-KBL-FVP-61209281,PUJ,YBG,UR3098,2026-07-25,2026-07-04,21,20,185,0.6276,FORECAST
FLIGHT,WU5780-NVC-ZXT-02231167,POP,YQR,UR3098,2026-08-19,2026-06-05,75,25,159,0.3216,ACTUAL
FLIGHT,XH7539-YRS-WEH-13246598,PUJ,YXE,UR3098,2026-08-18,2026-07-28,21,10,178,0.2187,ACTUAL
FLIGHT,GQ2011-YIV-AMZ-52664267,PUJ,YXS,UC2486,2026-09-04,2026-06-06,90,168,185,0.1457,FORECAST
FLIGHT,KA6929-NKM-RKD-20627672,PUJ,YKF,UC2486,2026-09-14,2026-04-17,150,81,177,0.8390,TARGET
FLIGHT,DQ4070-GHU-TQE-14782337,POP,YLW,UC2486,2026-09-08,2026-06-25,75,118,197,0.2666,ACTUAL
FLIGHT,NG0112-ZEA-BXV-84842648,PUJ,YXU,UC2486,2026-08-21,2026-06-22,60,107,107,0.1935,TARGET
FLIGHT,GG3679-MAZ-QFW-89671360,PUJ,YQT,UC2486,2026-07-02,2025-07-17,350,0,149,0.2213,TARGET
FLIGHT,EO1698-WRU-WGP-16115866,POP,YQR,UC2486,2026-09-14,2025-09-29,350,126,190,0.1168,TARGET
FLIGHT,FO2766-SRZ-UHI-51502528,PUJ,YXU,ID2600,2026-07-11,2026-07-08,3,179,184,0.3623,TARGET
FLIGHT,AA8026-LRS-WGV-47597833,POP,YUL,ID2600,2026-09-15,2026-08-01,45,87,183,0.2210,TARGET
FLIGHT,AA8026-LRS-WGV-47597833,PUJ,YUL,ID2600,2026-08-03,2026-07-27,7,1,167,0.8760,FORECAST
FLIGHT,KJ8835-PCT-FDJ-96791463,PUJ,YYZ,ID2600,2026-08-24,2026-08-21,3,101,174,0.3147,TARGET
FLIGHT,WQ6643-ZEA-GCP-26652824,POP,YQT,ID2600,2026-09-24,2026-09-10,14,113,177,0.0484,FORECAST
FLIGHT,WQ6643-ZEA-GCP-26652824,PUJ,YXS,ID2600,2026-08-10,2026-03-13,150,68,181,0.8526,ACTUAL
FLIGHT,MR5492-XPV-EJA-00208601,PUJ,YLW,ID2600,2026-08-28,2026-08-07,21,56,188,0.3962,FORECAST
FLIGHT,MZ7671-QPP-MEV-88363688,PUJ,YQT,QP6400,2026-08-03,2026-07-31,3,14,190,0.0000,TARGET
FLIGHT,MZ7671-QPP-MEV-88363688,POP,PUJ,QP6400,2026-07-17,2026-06-17,30,133,151,0.8474,FORECAST
FLIGHT,VV5016-YZU-FOM-29226667,PUJ,YKF,QP6400,2026-07-17,2026-02-17,150,7,181,0.3042,TARGET
FLIGHT,QW8093-OUM-CMK-22898907,POP,YBG,QP6400,2026-07-25,2026-05-11,75,0,87,0.2921,ACTUAL
FLIGHT,NM4853-EAV-ZOP-58708943,POP,YVR,YW6964,2026-08-06,2026-06-07,60,153,159,0.5215,ACTUAL
FLIGHT,SB7737-ESK-IUZ-50380162,POP,YQR,YW6964,2026-08-02,2025-11-25,250,16,191,0.3642,ACTUAL
FLIGHT,KH1279-IYV-VVV-33795311,POP,YQX,BR1274,2026-09-17,2025-05-05,500,102,167,0.3802,FORECAST
FLIGHT,KH1279-IYV-VVV-33795311,PUJ,EWR,BR1274,2026-07-22,2026-02-22,150,99,181,0.5010,TARGET
FLIGHT,SR2267-HVZ-DFY-34388804,POP,YEG,BH8107,2026-08-20,2026-08-13,7,15,202,0.4729,TARGET
FLIGHT,IE7557-MOF-TTC-15490443,PUJ,YXU,BH8107,2026-08-19,2026-06-20,60,23,183,0.3821,TARGET
FLIGHT,NE9179-EMZ-KZC-73281629,PUJ,YXS,BH8107,2026-09-15,2025-08-11,400,150,182,0.8083,ACTUAL
FLIGHT,GB4450-AZF-AEY-68387890,POP,YUL,BH8107,2026-09-13,2025-09-28,350,157,193,0.5168,TARGET
FLIGHT,GX4502-TKQ-MOY-60304093,PUJ,YFC,BH8107,2026-07-04,2025-02-19,500,58,189,0.9256,TARGET
FLIGHT,VE7210-YKD-HHI-60184220,POP,YOW,BH8107,2026-08-10,2025-12-03,250,82,182,0.1333,FORECAST
FLIGHT,AH8917-HXM-TAO-89476720,PUJ,YHM,BH8107,2026-08-19,2025-05-26,450,8,177,0.5090,ACTUAL
FLIGHT,ZA8951-FGO-AQL-11919445,PUJ,YWG,BH8107,2026-09-02,2026-09-02,0,102,191,0.1743,TARGET
FLIGHT,ZA8951-FGO-AQL-11919445,POP,YXU,BH8107,2026-08-28,2026-08-25,3,115,168,0.8312,FORECAST
FLIGHT,OX1886-YEN-HSL-61266783,POP,YHM,BH8107,2026-07-03,2026-06-03,30,166,195,0.3292,ACTUAL
FLIGHT,JJ6627-NGX-GAJ-11761421,PUJ,YXS,BH8107,2026-07-29,2026-06-14,45,18,180,0.3756,TARGET
FLIGHT,UH6315-SFX-EYW-91270659,PUJ,YQR,BH8107,2026-08-09,2026-02-10,180,46,174,0.7663,FORECAST
FLIGHT,UH6315-SFX-EYW-91270659,PUJ,YXU,BH8107,2026-08-25,2025-09-09,350,163,188,0.7954,FORECAST
FLIGHT,UH6315-SFX-EYW-91270659,POP,YOW,BH8107,2026-07-23,2025-11-15,250,3,205,0.2616,TARGET
FLIGHT,PR8119-GQW-WSU-99068201,POP,YQR,BH8107,2026-07-05,2026-03-07,120,170,173,0.5482,FORECAST
FLIGHT,WG6018-MHS-TIL-41384531,PUJ,YQR,BH8107,2026-09-28,2026-07-15,75,102,168,0.7125,FORECAST
FLIGHT,WG6018-MHS-TIL-41384531,POP,YHM,BH8107,2026-08-03,2025-05-10,450,119,193,0.7430,ACTUAL
FLIGHT,KM3093-AYZ-PTM-85909645,PUJ,YQT,BH8107,2026-07-22,2026-06-07,45,11,176,0.2743,FORECAST
FLIGHT,ZS8724-XBR-XTT-21773516,POP,YYZ,BH8107,2026-08-04,2026-08-04,0,74,74,0.6110,ACTUAL
FLIGHT,MQ1133-TPG-NOA-72173402,PUJ,YQX,BH8107,2026-08-10,2025-10-14,300,176,196,0.0159,TARGET
FLIGHT,JE2241-WTQ-ZXH-06323654,POP,YLW,BH8107,2026-09-13,2026-09-06,7,0,61,0.6531,ACTUAL
FLIGHT,PM6696-TFY-FSL-33861941,PUJ,YQB,BH8107,2026-07-12,2026-06-21,21,47,174,0.4057,TARGET
FLIGHT,CU8390-TZH-ZZJ-24240662,POP,YQX,BH8107,2026-09-18,2026-08-04,45,125,189,0.5221,TARGET
FLIGHT,QX3463-GZJ-VQR-93343751,PUJ,YQB,BH8107,2026-08-12,2025-10-16,300,55,188,0.2978,TARGET
FLIGHT,PU0396-ZTN-JKG-59176504,PUJ,YXU,TC0312,2026-08-08,2026-06-24,45,66,198,0.1981,ACTUAL
FLIGHT,XX9668-NNO-SRT-94706170,POP,PUJ,TC0312,2026-09-20,2026-03-04,200,107,179,0.0529,FORECAST
FLIGHT,XX9668-NNO-SRT-94706170,PUJ,YEG,TC0312,2026-09-18,2025-05-06,500,10,203,0.2107,TARGET
FLIGHT,XX9668-NNO-SRT-94706170,PUJ,EWR,TC0312,2026-09-17,2026-07-04,75,118,172,0.0000,TARGET
FLIGHT,BV3857-NXF-YMJ-81638493,PUJ,YQB,TC0312,2026-08-21,2026-08-18,3,6,190,0.7911,FORECAST
FLIGHT,MK6203-XNG-IJV-43946896,POP,YYC,TC0312,2026-09-25,2026-09-11,14,46,174,0.4188,FORECAST
FLIGHT,MK6203-XNG-IJV-43946896,PUJ,YWG,TC0312,2026-08-10,2025-12-03,250,104,208,0.7834,TARGET
FLIGHT,LC4975-GJC-CKY-73309900,PUJ,YXE,TC0312,2026-09-03,2026-06-05,90,66,168,0.3911,TARGET
FLIGHT,UW0940-ZNL-MLX-82344538,POP,YUL,TC0312,2026-07-27,2026-06-12,45,77,186,0.3056,FORECAST
FLIGHT,ZK6535-FGV-ENN-00047091,POP,YXE,TC0312,2026-08-18,2026-08-18,0,46,151,0.8707,ACTUAL
FLIGHT,CB3495-NCC-TWY-98996511,PUJ,YQX,TC0312,2026-09-11,2025-11-15,300,133,204,0.8878,FORECAST
FLIGHT,KT9508-UTC-IWF-33029276,PUJ,YXU,TC0312,2026-09-07,2026-05-10,120,180,180,0.5451,FORECAST
FLIGHT,JA5473-TRN-FEC-40513186,POP,YUL,TC0312,2026-07-17,2026-02-17,150,20,202,0.2099,TARGET
FLIGHT,NJ7741-GCG-LCQ-30258534,POP,YQT,TC0312,2026-09-10,2026-07-12,60,166,193,0.2062,FORECAST
FLIGHT,YT2383-DSH-JRY-91800381,POP,YQR,TC0312,2026-08-31,2025-07-27,400,14,183,0.4441,ACTUAL
FLIGHT,IM3429-FJF-DWT-59730912,POP,YVR,TC0312,2026-09-26,2026-08-12,45,177,177,0.5899,FORECAST
FLIGHT,CQ5273-JCC-JXM-13315553,POP,YQM,TC0312,2026-07-08,2025-10-31,250,93,177,0.6708,FORECAST
FLIGHT,WT1008-UEF-VIE-16826822,POP,YDF,PL4289,2026-08-07,2026-01-19,200,34,183,0.5464,TARGET
FLIGHT,VC7562-UZM-TSY-62083479,PUJ,YXE,PL4289,2026-09-16,2026-07-03,75,138,165,0.3735,FORECAST
FLIGHT,ZW1005-SHE-VZU-57228703,PUJ,YWG,PL4289,2026-09-18,2026-07-20,60,19,188,0.2467,FORECAST
FLIGHT,AC1386-AIP-SIV-71990380,PUJ,YWG,PL4289,2026-09-13,2025-11-17,300,0,190,0.5743,TARGET
FLIGHT,XH2670-ZRI-QYQ-68656292,PUJ,PUJ,PL4289,2026-08-24,2026-02-25,180,159,172,0.6470,FORECAST
FLIGHT,XH2670-ZRI-QYQ-68656292,PUJ,EWR,PL4289,2026-09-24,2026-01-17,250,141,179,0.1214,FORECAST
FLIGHT,NQ8568-XJV-NPN-78096458,POP,YLW,PL4289,2026-07-12,2026-07-12,0,36,182,0.2388,ACTUAL
FLIGHT,BC5972-FIE-EQI-83492766,POP,YQX,PL4289,2026-08-10,2025-03-28,500,179,179,0.0569,FORECAST
FLIGHT,BC5972-FIE-EQI-83492766,POP,YQT,PL4289,2026-09-02,2026-07-04,60,24,198,0.1316,TARGET
FLIGHT,AC5373-LZQ-MMX-71554460,POP,YXS,PL4289,2026-09-04,2026-07-21,45,166,167,0.8859,FORECAST
FLIGHT,TS1192-WQL-NOX-28502155,POP,POP,PL4289,2026-08-11,2026-06-12,60,81,162,0.9291,FORECAST
FLIGHT,TS1192-WQL-NOX-28502155,POP,YYC,PL4289,2026-08-03,2026-07-13,21,70,180,0.5033,FORECAST
FLIGHT,TL6784-JXM-AOR-90751991,POP,YOW,PL4289,2026-09-07,2025-12-31,250,18,194,0.9274,FORECAST
FLIGHT,TQ1775-LCE-SVW-44149253,PUJ,EWR,PL4289,2026-08-26,2026-06-27,60,104,158,0.9216,FORECAST
FLIGHT,VD6498-FQY-VYH-85974776,PUJ,YDF,PL4289,2026-08-05,2026-01-17,200,165,170,0.8687,TARGET
FLIGHT,VP156-ZSF-EXA-94907634,PUJ,YXS,BD179,2026-09-21,2026-09-14,7,98,190,0.9862,ACTUAL
FLIGHT,TI314-WRP-EFL-57856413,PUJ,YWG,BD179,2026-09-16,2026-02-28,200,25,49,0.9658,ACTUAL
FLIGHT,KI741-MRK-ULO-39523285,POP,YYZ,BD179,2026-08-31,2025-06-07,450,0,199,0.7380,FORECAST
FLIGHT,KI741-MRK-ULO-39523285,POP,YOW,BD179,2026-07-12,2025-07-27,350,114,157,0.3452,TARGET
FLIGHT,LL809-ZLP-XTJ-75816602,PUJ,YYZ,BD179,2026-08-03,2025-08-18,350,158,168,0.1535,FORECAST
FLIGHT,MZ971-IXP-VSP-34185595,POP,YYC,BD179,2026-08-31,2025-12-24,250,39,190,0.2545,FORECAST
FLIGHT,WT285-KVD-MWE-15938967,PUJ,YDF,BD179,2026-08-22,2026-08-08,14,69,195,0.8063,FORECAST
FLIGHT,BT742-PUJ-THN-63579671,PUJ,YXU,BD179,2026-08-27,2025-10-31,300,29,183,0.5195,ACTUAL
FLIGHT,YI7146-VEF-ACI-83335401,PUJ,POP,WZ4529,2026-07-24,2026-07-03,21,0,179,0.3625,ACTUAL
FLIGHT,YI7146-VEF-ACI-83335401,POP,YYC,WZ4529,2026-07-25,2026-07-25,0,96,182,0.2271,TARGET
FLIGHT,FD7204-RQQ-MRB-41869303,POP,YXU,WZ4529,2026-08-18,2026-07-28,21,147,176,0.0606,TARGET
FLIGHT,VB1815-RSD-GMR-29670742,PUJ,YBG,WZ4529,2026-08-03,2026-05-05,90,8,169,0.0824,TARGET
FLIGHT,SJ1246-AKC-MIR-38953376,PUJ,YXE,WZ4529,2026-07-17,2025-06-12,400,123,173,0.1382,FORECAST
FLIGHT,JO5456-KOE-QSZ-72269348,POP,YFC,WZ4529,2026-08-23,2026-08-16,7,164,164,0.0071,ACTUAL
FLIGHT,UW6138-ENZ-RPB-97777957,PUJ,YVR,WZ4529,2026-08-05,2026-05-22,75,32,193,0.1331,TARGET
FLIGHT,BY3996-EMH-POS-27110735,POP,YLW,WZ4529,2026-09-13,2025-06-20,450,174,174,0.6593,ACTUAL
FLIGHT,LU2357-RMK-YET-41285370,POP,YYC,WZ4529,2026-07-23,2026-02-23,150,66,201,0.4553,TARGET
FLIGHT,RQ786-AVF-BHX-92213170,POP,YWG,KK483,2026-09-03,2026-08-20,14,160,199,0.3891,ACTUAL
FLIGHT,PG142-ZJS-LZN-29179644,PUJ,YKF,KK483,2026-08-07,2026-04-09,120,29,143,0.1168,ACTUAL
FLIGHT,MI879-EVW-CBI-66275015,POP,YDF,KK483,2026-09-17,2026-05-20,120,125,183,0.6138,TARGET
FLIGHT,AS587-EHW-RGM-80601457,PUJ,YQB,KK483,2026-08-01,2025-05-08,450,121,180,0.0288,FORECAST
FLIGHT,TE326-PCI-XVR-58197015,POP,YWG,KK483,2026-07-02,2026-07-02,0,124,184,0.5662,TARGET
FLIGHT,TE326-PCI-XVR-58197015,POP,EWR,KK483,2026-09-03,2025-12-27,250,133,173,0.2943,FORECAST
FLIGHT,YI4343-UKJ-TOQ-72965715,POP,YLW,KM3143,2026-08-25,2026-02-26,180,167,187,0.0294,TARGET
FLIGHT,SN0009-JAT-CNW-57376242,PUJ,YQB,KM3143,2026-08-16,2026-03-19,150,51,160,0.6508,FORECAST
FLIGHT,MM2254-TEB-HNZ-93091401,PUJ,YDF,KM3143,2026-09-16,2026-06-18,90,90,166,0.6771,FORECAST
FLIGHT,VK2731-WDY-OFF-64147569,POP,YBG,KM3143,2026-07-07,2026-06-16,21,55,183,0.2985,FORECAST
FLIGHT,YF4736-KAB-XGE-99090064,POP,POP,KM3143,2026-07-07,2026-04-08,90,174,174,0.1055,TARGET
FLIGHT,YF4736-KAB-XGE-99090064,POP,YYC,KM3143,2026-09-17,2026-03-01,200,163,170,0.0535,FORECAST
FLIGHT,MT7920-XNO-LZI-93934396,PUJ,YWG,KM3143,2026-09-03,2026-07-20,45,142,170,0.2152,TARGET
FLIGHT,DH3073-IKH-UVG-02364122,POP,YYC,KM3143,2026-09-08,2025-04-26,500,0,175,0.0010,TARGET
FLIGHT,BE3251-APW-CLL-58709404,POP,YXS,KM3143,2026-09-23,2026-09-23,0,25,149,0.8627,TARGET
FLIGHT,SU9514-LJT-RGN-71467490,POP,PUJ,KM3143,2026-08-14,2026-06-30,45,157,207,0.2294,TARGET
FLIGHT,NM8867-LCR-KYP-11645605,PUJ,YOW,KM3143,2026-07-10,2025-09-13,300,149,164,0.1264,TARGET
FLIGHT,NM8867-LCR-KYP-11645605,PUJ,YXE,KM3143,2026-07-18,2025-09-21,300,137,179,0.2494,TARGET
FLIGHT,NM8867-LCR-KYP-11645605,PUJ,YQT,KM3143,2026-08-26,2026-02-07,200,99,173,0.8929,FORECAST
FLIGHT,VT5634-HYC-QBU-73920025,PUJ,PUJ,KM3143,2026-08-09,2026-02-10,180,142,177,0.8496,FORECAST
FLIGHT,ZD2392-PQR-JYI-79098636,PUJ,POP,KM3143,2026-08-07,2026-06-08,60,159,186,0.7870,FORECAST
FLIGHT,KC3251-OSV-AJJ-70856094,PUJ,YXS,NT0164,2026-09-19,2026-08-29,21,61,195,0.7802,TARGET
FLIGHT,KC3251-OSV-AJJ-70856094,PUJ,POP,NT0164,2026-08-03,2025-11-26,250,110,180,0.6662,ACTUAL
FLIGHT,PE2757-TIZ-BOX-40337449,PUJ,YOW,NT0164,2026-07-12,2026-05-13,60,130,164,0.3114,ACTUAL
FLIGHT,IJ4155-SNO-IHH-38496552,PUJ,YOW,IV2370,2026-08-31,2026-08-24,7,133,175,0.3312,ACTUAL
FLIGHT,LG6197-UOH-DOG-94624872,POP,YBG,IV2370,2026-07-08,2026-05-24,45,47,167,0.5407,FORECAST
FLIGHT,SG1796-OBN-ALL-81735792,PUJ,YXE,IV2370,2026-07-15,2026-07-12,3,0,179,0.9629,TARGET
FLIGHT,NI03E-HZS-VCW-93252826,PUJ,YBG,EE44D,2026-07-29,2026-06-14,45,27,166,0.3480,FORECAST
FLIGHT,ZH3064-ATW-QAK-87715559,POP,YHZ,SR9632,2026-08-22,2025-09-06,350,172,194,0.8107,TARGET
FLIGHT,LV9997-OYH-XOZ-93957955,PUJ,YOW,SR9632,2026-09-25,2026-04-28,150,174,185,0.5141,ACTUAL
FLIGHT,LV9997-OYH-XOZ-93957955,PUJ,YQM,SR9632,2026-08-05,2025-05-12,450,11,177,0.7981,ACTUAL
FLIGHT,GC2736-LYJ-RLE-20720197,PUJ,YQM,SR9632,2026-09-19,2026-08-29,21,3,208,0.7864,ACTUAL
FLIGHT,FT5551-VWA-ALC-08194842,POP,YHZ,SR9632,2026-09-02,2025-04-20,500,43,188,0.1327,FORECAST
FLIGHT,PN4296-WFQ-ASE-41150509,POP,YOW,SR9632,2026-09-02,2026-08-03,30,113,179,0.9756,TARGET
FLIGHT,NO5779-TCD-VGZ-79830457,PUJ,YXU,SR9632,2026-08-06,2026-08-03,3,148,205,0.2557,FORECAST
FLIGHT,NE7451-CMA-RSL-89701522,PUJ,YBG,SR9632,2026-08-16,2026-07-17,30,23,177,0.9099,FORECAST
FLIGHT,TS9445-OVU-VIZ-44107692,POP,YXE,SR9632,2026-09-13,2026-09-13,0,52,180,0.8182,ACTUAL
FLIGHT,UQ3985-UUW-SXB-79965857,PUJ,YQM,SR9632,2026-08-15,2026-06-01,75,40,174,0.1544,ACTUAL
FLIGHT,UQ3985-UUW-SXB-79965857,PUJ,YLW,SR9632,2026-08-06,2025-03-24,500,153,153,0.0647,TARGET
FLIGHT,QY3756-VZR-CMP-84340730,PUJ,YHZ,SR9632,2026-07-25,2026-05-26,60,48,77,0.6134,ACTUAL
FLIGHT,MX2690-FVF-EBS-75506179,POP,YUL,SR9632,2026-08-18,2025-12-11,250,95,188,0.2459,ACTUAL
FLIGHT,BN7015-VDF-BBG-93449076,PUJ,YQT,SR9632,2026-07-12,2026-06-12,30,154,191,0.6743,ACTUAL
FLIGHT,ZU9210-KHA-PCF-26008228,POP,YEG,SR9632,2026-08-12,2025-08-27,350,4,196,0.8598,FORECAST
FLIGHT,IN6589-KEX-IPN-09606472,PUJ,YXS,SR9632,2026-09-17,2025-06-24,450,170,170,0.1758,TARGET
FLIGHT,IN6589-KEX-IPN-09606472,PUJ,YYZ,SR9632,2026-07-12,2025-06-07,400,16,180,0.8349,FORECAST
FLIGHT,WU4525-OGO-ROW-47788407,POP,YQM,SR9632,2026-08-14,2026-08-07,7,97,179,0.7528,TARGET
FLIGHT,AZ9465-POO-YBN-12988972,PUJ,YHZ,SR9632,2026-07-22,2026-07-19,3,55,166,0.0651,ACTUAL
FLIGHT,KG7186-BKM-XWM-88031664,PUJ,YXE,SR9632,2026-07-10,2026-06-10,30,22,175,0.7751,ACTUAL
FLIGHT,BV7017-RXL-AXF-05025497,PUJ,YXU,SR9632,2026-09-26,2026-09-26,0,119,175,0.6681,TARGET
FLIGHT,TN5974-IYF-LEM-94204164,PUJ,YQT,SR9632,2026-09-04,2026-08-21,14,150,165,0.2436,FORECAST
FLIGHT,YH5279-DDD-CWB-85184668,POP,POP,SR9632,2026-08-03,2025-06-29,400,26,185,0.0016,TARGET
FLIGHT,RQ775-JIK-QIO-41340192,PUJ,YYZ,NR001,2026-08-01,2025-06-27,400,11,196,0.0599,ACTUAL
FLIGHT,XS360-WKT-NFW-75193463,POP,YXS,NR001,2026-07-08,2026-01-09,180,32,184,0.8832,TARGET
FLIGHT,NS059-IMS-WTQ-42882847,POP,YQB,NR001,2026-07-13,2026-06-29,14,30,188,0.2443,FORECAST
FLIGHT,NS059-IMS-WTQ-42882847,POP,YLW,NR001,2026-09-28,2026-05-31,120,8,144,0.3586,TARGET
FLIGHT,FR570-JWF-ZIB-25554689,PUJ,YQM,NR001,2026-09-25,2026-08-11,45,111,156,0.6701,FORECAST
FLIGHT,TK301-EWB-HHS-80138716,POP,YOW,CY415,2026-08-08,2026-08-05,3,153,173,0.1961,ACTUAL
FLIGHT,KK362-SWU-COD-48541839,PUJ,YQM,CY415,2026-07-04,2026-02-04,150,56,207,0.8919,TARGET
FLIGHT,CA3891-TDQ-ZYP-40501332,PUJ,YYC,LC0517,2026-08-15,2026-01-27,200,162,184,0.8824,ACTUAL
FLIGHT,PO1403-JZV-IUV-54595660,PUJ,YQT,PD3228,2026-07-04,2026-07-01,3,58,192,0.7087,FORECAST
FLIGHT,WD7368-HRL-VZB-95709340,PUJ,YVR,PD3228,2026-07-14,2025-04-20,450,88,188,0.9276,ACTUAL
FLIGHT,YW9916-VLB-RDC-36403484,POP,YBG,PD3228,2026-09-08,2026-03-12,180,47,185,0.8547,ACTUAL
FLIGHT,QO0894-CXA-PXS-11611464,PUJ,YXE,PD3228,2026-09-19,2026-05-22,120,105,166,0.1643,ACTUAL
FLIGHT,IM1198-HBY-SOL-42473885,PUJ,YWG,PD3228,2026-08-20,2026-06-06,75,5,178,0.3967,TARGET
FLIGHT,WW6932-BPZ-ZYW-09834849,POP,YXU,PK7861,2026-07-07,2025-04-13,450,24,177,0.9066,FORECAST
FLIGHT,EV6748-ONV-FTN-50744565,POP,YVR,PK7861,2026-09-04,2026-08-28,7,15,185,0.5145,ACTUAL
FLIGHT,SL0034-KYE-YEB-26269303,POP,YYZ,PK7861,2026-09-02,2026-08-12,21,48,192,0.1483,FORECAST
FLIGHT,EX6452-LOH-HAT-07406351,PUJ,YFC,PK7861,2026-08-06,2025-05-13,450,23,168,0.8515,FORECAST
FLIGHT,NQ5224-OMX-PLD-25837990,POP,YXS,PK7861,2026-09-21,2026-09-07,14,129,186,0.0981,TARGET
FLIGHT,FY8372-ZHP-VFF-59310337,PUJ,YVR,PK7861,2026-08-26,2026-02-07,200,33,167,0.9377,FORECAST
FLIGHT,VD8838-ILM-UYC-25780473,PUJ,YFC,PK7861,2026-09-07,2025-11-11,300,34,180,0.4165,ACTUAL
FLIGHT,TK9403-RSL-KZX-46565317,POP,YYT,PK7861,2026-09-19,2026-03-23,180,2,172,0.4484,FORECAST
FLIGHT,YY8937-QLT-LUI-17609093,POP,PUJ,PK7861,2026-07-16,2025-12-28,200,117,176,0.0359,ACTUAL
FLIGHT,NA4903-PMI-OIO-69116122,PUJ,YHM,PK7861,2026-08-04,2026-07-05,30,153,179,0.0155,ACTUAL
FLIGHT,KQ9333-LER-NWW-60138550,POP,YKF,PK7861,2026-09-03,2026-08-31,3,97,181,0.7948,TARGET
FLIGHT,LR0619-JTS-YSD-36505519,POP,YLW,PK7861,2026-08-15,2026-02-16,180,60,160,0.8595,TARGET
FLIGHT,DV9396-ROC-QNZ-71708049,POP,YYC,PK7861,2026-09-23,2026-08-09,45,157,157,0.9974,FORECAST
FLIGHT,TN8891-ASW-MUD-96804505,POP,YBG,PK7861,2026-08-03,2025-08-18,350,87,195,0.2547,ACTUAL
FLIGHT,FC1203-ZNA-QDM-41804460,PUJ,YYT,PK7861,2026-07-04,2026-06-04,30,13,173,0.9596,TARGET
FLIGHT,LS0742-TIC-JEV-90495776,POP,YYC,PK7861,2026-07-19,2026-01-20,180,136,164,0.3213,TARGET
FLIGHT,CW2524-FGK-EKX-60085894,POP,YUL,PK7861,2026-09-03,2026-08-13,21,0,158,0.0315,FORECAST
FLIGHT,II3141-IAZ-RZP-83437798,POP,YFC,PK7861,2026-09-24,2026-03-08,200,64,188,0.5703,FORECAST
FLIGHT,UA0962-JFN-LOQ-96355877,POP,YQB,PK7861,2026-09-02,2025-11-06,300,73,152,0.4244,FORECAST
FLIGHT,JY5263-YWJ-QQR-23725442,PUJ,YKF,PK7861,2026-08-27,2026-06-13,75,155,183,0.4403,ACTUAL
FLIGHT,EU5351-COQ-VRY-28050345,POP,YDF,PK7861,2026-09-05,2026-09-05,0,72,167,0.6285,TARGET
FLIGHT,LH8828-PFA-IOM-76660828,PUJ,YQM,PK7861,2026-07-31,2026-02-01,180,119,193,0.2652,FORECAST
FLIGHT,ZM1445-ESZ-TMJ-57443319,POP,YOW,PK7861,2026-07-15,2025-07-30,350,146,158,0.5075,TARGET
FLIGHT,AY0343-JJT-TPL-85861888,PUJ,YHZ,PK7861,2026-08-29,2025-12-22,250,54,167,0.5260,TARGET
FLIGHT,GV1483-ZMR-OJO-77407036,POP,YXU,PK7861,2026-09-23,2026-09-09,14,62,198,0.1071,ACTUAL
FLIGHT,MN5600-VOM-WEF-82128219,PUJ,YEG,PK7861,2026-08-09,2025-03-27,500,134,189,0.3004,ACTUAL
FLIGHT,FD0637-RVC-PYW-04836481,PUJ,YYT,PK7861,2026-07-12,2026-05-28,45,53,176,0.9959,TARGET
FLIGHT,FD0637-RVC-PYW-04836481,POP,YXE,PK7861,2026-09-29,2026-04-02,180,125,173,0.4964,TARGET
FLIGHT,SY3136-GWM-KSP-27676877,POP,YYC,PK7861,2026-09-08,2025-04-26,500,92,204,0.7325,TARGET
FLIGHT,SY3136-GWM-KSP-27676877,PUJ,YQB,PK7861,2026-07-31,2025-05-07,450,23,170,0.3044,TARGET
FLIGHT,AR8426-ZPE-GGT-90761500,PUJ,YVR,PK7861,2026-09-17,2025-06-24,450,2,199,0.6936,FORECAST
FLIGHT,IS9010-XQM-DZM-47904991,POP,YFC,PK7861,2026-07-06,2026-02-06,150,88,162,0.0535,TARGET
FLIGHT,KP3806-OTS-MOV-36720961,POP,YYZ,PK7861,2026-07-22,2026-07-22,0,15,179,1.0153,TARGET
FLIGHT,KV9735-QMP-SJG-36447026,POP,YFC,PK7861,2026-07-12,2026-06-21,21,149,181,0.8585,TARGET
FLIGHT,HO5480-YPQ-ALH-83385693,PUJ,PUJ,PK7861,2026-09-26,2026-05-29,120,13,193,0.9552,TARGET
FLIGHT,HO5480-YPQ-ALH-83385693,PUJ,YXU,PK7861,2026-09-17,2026-07-04,75,54,178,0.3372,TARGET
FLIGHT,NB2706-QPK-NYP-07181292,POP,YQB,PK7861,2026-09-30,2026-08-01,60,50,190,0.4317,TARGET
FLIGHT,PN8705-WQY-APS-10651064,POP,YQT,PK7861,2026-07-25,2026-07-25,0,34,165,0.4302,TARGET
FLIGHT,BP0783-YRV-UJO-84830348,PUJ,YOW,PK7861,2026-07-20,2025-04-26,450,138,183,0.0679,FORECAST
FLIGHT,YL7365-VJW-VAJ-49272809,POP,YVR,PK7861,2026-08-16,2026-08-16,0,124,185,0.1441,ACTUAL
FLIGHT,QK2557-VNY-QZQ-15590308,POP,YXE,PK7861,2026-08-12,2026-03-15,150,107,203,0.1980,FORECAST
FLIGHT,WK0892-UIJ-NWJ-03507695,POP,POP,PK7861,2026-07-03,2026-06-30,3,0,182,0.1411,ACTUAL
FLIGHT,NO4906-JDZ-EYE-72765314,PUJ,YUL,PK7861,2026-08-07,2026-08-04,3,95,184,0.5337,TARGET
FLIGHT,NO4906-JDZ-EYE-72765314,PUJ,YXU,PK7861,2026-09-04,2026-03-08,180,148,164,0.3630,ACTUAL
FLIGHT,YA4910-QNY-WBJ-31715578,POP,EWR,PK7861,2026-07-22,2025-09-25,300,88,180,0.7889,FORECAST
FLIGHT,YY6766-HXI-ZEX-08348124,POP,YUL,UE3587,2026-07-31,2026-03-03,150,19,79,0.8400,TARGET
FLIGHT,QO1446-TGZ-STW-53155664,POP,EWR,UE3587,2026-08-12,2026-04-14,120,181,181,0.3324,FORECAST
FLIGHT,NV8118-FES-ZZE-32468722,PUJ,YDF,UE3587,2026-09-28,2026-09-28,0,23,177,0.7621,FORECAST
FLIGHT,EE9184-LOU-YJS-65990527,PUJ,YEG,UE3587,2026-09-16,2026-04-19,150,45,204,0.7461,TARGET
FLIGHT,EE9184-LOU-YJS-65990527,PUJ,YQT,UE3587,2026-07-23,2026-05-09,75,15,170,0.4059,FORECAST
FLIGHT,ZG7147-HEB-JHC-92743126,POP,YDF,UE3587,2026-07-05,2025-10-28,250,24,169,0.6208,FORECAST
FLIGHT,ZG7147-HEB-JHC-92743126,POP,YYT,UE3587,2026-09-02,2026-08-26,7,157,157,0.3189,ACTUAL
FLIGHT,GZ2353-SZH-YWH-05484951,POP,YEG,UE3587,2026-07-03,2026-04-19,75,50,187,0.1492,FORECAST
FLIGHT,XQ5519-AEX-BJC-15488051,PUJ,YQB,UE3587,2026-08-16,2026-03-19,150,26,164,1.0105,FORECAST
FLIGHT,SA8170-BGE-PWM-28058777,POP,PUJ,UE3587,2026-07-21,2026-02-21,150,15,169,0.4421,TARGET
FLIGHT,PZ0149-OEW-MQE-11956964,POP,YFC,UE3587,2026-07-28,2025-06-23,400,166,166,0.7595,TARGET
FLIGHT,PZ0149-OEW-MQE-11956964,PUJ,YEG,UE3587,2026-08-07,2025-07-03,400,48,205,0.0568,ACTUAL
FLIGHT,OH9222-SHC-OUO-86503947,PUJ,YYZ,RH8865,2026-08-07,2025-11-30,250,136,174,0.5845,ACTUAL
FLIGHT,GJ5353-QWC-CWK-75092720,PUJ,YYT,RH8865,2026-08-26,2026-08-26,0,8,190,0.9595,TARGET
FLIGHT,PC7343-IMM-BZT-54700603,PUJ,YYC,RH8865,2026-09-02,2026-08-26,7,77,170,0.8347,TARGET
FLIGHT,PC7343-IMM-BZT-54700603,PUJ,YQT,RH8865,2026-07-01,2026-06-10,21,90,159,0.1590,ACTUAL
FLIGHT,PC7343-IMM-BZT-54700603,POP,PUJ,RH8865,2026-07-09,2026-03-11,120,48,173,0.2622,ACTUAL
FLIGHT,GV3665-XZA-EQK-91565817,PUJ,PUJ,RH8865,2026-09-21,2026-01-14,250,156,178,0.0080,FORECAST
FLIGHT,GV3665-XZA-EQK-91565817,POP,YYT,RH8865,2026-09-04,2025-07-31,400,151,161,0.2154,FORECAST
FLIGHT,UJ299-TIQ-DJD-40138569,POP,YQT,MM269,2026-09-30,2026-01-23,250,23,185,0.6580,TARGET
FLIGHT,TQ446-TQQ-QMM-59481827,PUJ,YHZ,MM269,2026-07-25,2025-03-12,500,76,187,0.1521,FORECAST
FLIGHT,ZE180-DDG-BQK-23156823,PUJ,YEG,MM269,2026-07-03,2026-03-05,120,170,170,0.2697,TARGET
FLIGHT,JF840-XEE-XXI-62671320,PUJ,YLW,MM269,2026-07-12,2026-07-05,7,20,165,0.1439,FORECAST
FLIGHT,ZO254-FNL-JCN-89392763,POP,YWG,MM269,2026-07-16,2026-07-13,3,132,186,0.1448,TARGET
FLIGHT,GU8128-COC-ZQT-93547521,POP,YQR,BS1196,2026-08-16,2026-06-17,60,78,190,0.7141,TARGET
FLIGHT,CF7596-HYP-GCC-49331088,POP,YXS,BS1196,2026-09-10,2026-09-10,0,137,180,0.9366,TARGET
FLIGHT,RL1002-CQE-JCW-40817028,POP,YQB,BS1196,2026-07-03,2026-06-26,7,39,184,0.8244,TARGET
FLIGHT,VL5553-VKI-JYB-78967788,PUJ,YOW,BS1196,2026-07-12,2025-02-27,500,147,186,0.1482,FORECAST
FLIGHT,DZ2461-WOL-VPR-04104866,PUJ,YFC,BS1196,2026-08-30,2026-07-16,45,170,170,0.0950,TARGET
FLIGHT,QZ127-LTC-PBA-34374325,POP,YOW,HY236,2026-07-04,2026-04-05,90,98,174,0.8739,ACTUAL
FLIGHT,MZ740-ZZW-KGM-25123115,POP,YVR,HY236,2026-09-17,2026-08-18,30,36,165,0.8458,ACTUAL
FLIGHT,ID119-AUE-AMA-71369300,POP,YLW,HY236,2026-09-16,2026-09-02,14,25,189,0.3949,FORECAST
FLIGHT,VJ023-EGL-RLS-35803528,POP,YHZ,HY236,2026-08-20,2026-08-13,7,160,205,0.3783,TARGET
FLIGHT,JZ006-AMS-RQE-64862755,POP,YLW,HY236,2026-07-25,2026-07-11,14,11,166,0.2325,FORECAST
FLIGHT,JZ006-AMS-RQE-64862755,POP,YBG,HY236,2026-09-16,2026-09-16,0,61,172,0.0000,TARGET
FLIGHT,ZG779-HZR-LUJ-60912104,POP,YWG,HY236,2026-09-15,2026-07-17,60,74,181,0.4994,FORECAST
FLIGHT,XM5511-FRM-HQC-10502289,PUJ,YXS,YY2537,2026-09-10,2026-06-27,75,80,196,0.8977,ACTUAL
FLIGHT,DB0260-POY-FCI-34869653,PUJ,YYZ,UC2486,2026-09-08,2026-09-01,7,26,162,0.1134,FORECAST
FLIGHT,FA8712-YDQ-SYI-52395960,PUJ,YYT,UC2486,2026-08-13,2026-05-30,75,153,208,0.5455,TARGET
FLIGHT,FA8712-YDQ-SYI-52395960,POP,YQT,UC2486,2026-07-21,2025-03-08,500,0,164,0.4498,ACTUAL
FLIGHT,EH3159-YTQ-XOL-17579032,POP,YXU,UC2486,2026-08-28,2025-07-24,400,92,192,0.2311,ACTUAL
FLIGHT,GA8880-ZNA-TJC-75024130,POP,YYZ,UC2486,2026-08-31,2025-04-18,500,0,181,0.2158,ACTUAL
FLIGHT,MI3493-SJD-NZW-67407886,POP,YUL,UC2486,2026-09-18,2026-09-11,7,51,170,0.0000,FORECAST
FLIGHT,LV9824-HOR-AIO-04079365,PUJ,YLW,UC2486,2026-07-24,2026-05-10,75,140,205,0.0000,ACTUAL
FLIGHT,CZ8756-ZSF-NWS-20327357,POP,YKF,UC2486,2026-08-22,2026-06-23,60,71,189,0.7170,FORECAST
FLIGHT,VT7707-ZBN-BAP-46143370,PUJ,YDF,UC2486,2026-08-17,2026-08-10,7,95,95,0.0840,ACTUAL
FLIGHT,BZ4917-JJG-MRO-16387621,POP,YXE,UC2486,2026-09-16,2025-06-23,450,74,74,0.4050,TARGET
FLIGHT,PX6664-PMB-RLE-08529645,POP,YXS,UC2486,2026-09-20,2026-09-06,14,54,194,0.8555,TARGET
FLIGHT,PX6664-PMB-RLE-08529645,POP,YVR,UC2486,2026-08-07,2026-08-07,0,118,180,0.0600,FORECAST
FLIGHT,KF1750-JST-RQP-82988727,POP,YEG,UC2486,2026-09-14,2026-09-14,0,122,166,0.6387,ACTUAL
FLIGHT,KF1750-JST-RQP-82988727,PUJ,YUL,UC2486,2026-09-05,2025-09-20,350,4,175,0.2396,FORECAST
FLIGHT,SG6842-NQL-DPS-73679901,POP,YYC,UC2486,2026-09-15,2026-08-16,30,18,178,0.4823,ACTUAL
FLIGHT,MK6633-TGV-LBQ-24326253,PUJ,YQX,UC2486,2026-08-15,2026-08-15,0,147,150,0.8589,TARGET
FLIGHT,VR1403-BUP-KKT-84142024,POP,YUL,UC2486,2026-07-19,2026-03-21,120,49,184,0.9466,FORECAST
FLIGHT,QJ3507-ILA-YXT-33280999,POP,YQT,UC2486,2026-09-30,2025-08-26,400,155,177,0.6689,TARGET
FLIGHT,ZX1622-BWM-UXV-59100443,POP,YYC,UC2486,2026-09-11,2026-04-14,150,132,188,0.7895,FORECAST
FLIGHT,OU2276-WQH-KFO-80878571,PUJ,YQR,UC2486,2026-07-18,2025-12-30,200,113,184,0.1541,TARGET
FLIGHT,OK4658-NDP-FRV-47034463,PUJ,YQB,UC2486,2026-08-25,2026-02-26,180,16,190,0.6165,FORECAST
FLIGHT,HF4656-QJY-CKJ-63517573,PUJ,YLW,UC2486,2026-08-23,2025-07-19,400,16,170,0.0271,FORECAST
FLIGHT,AB3375-EFS-MXI-84210922,POP,YXS,UC2486,2026-08-10,2026-08-03,7,106,193,0.6434,ACTUAL
FLIGHT,MF8868-WQP-TFI-49403951,POP,YQX,UC2486,2026-09-26,2026-04-29,150,153,153,0.8557,ACTUAL
FLIGHT,EG1336-UYV-GVC-40982127,PUJ,EWR,UC2486,2026-07-16,2026-03-18,120,165,165,0.0758,TARGET
FLIGHT,BF3189-NPF-BDF-95903177,PUJ,YQX,UC2486,2026-09-23,2026-01-16,250,175,175,0.7268,ACTUAL
FLIGHT,QH4387-DLC-KJX-74691170,POP,PUJ,UC2486,2026-09-23,2025-11-27,300,122,180,0.9261,ACTUAL
FLIGHT,JU9123-FDM-VVA-05932418,PUJ,YQT,UC2486,2026-08-11,2026-05-13,90,186,217,0.1403,TARGET
FLIGHT,XJ2832-MPV-ADX-16781167,POP,YKF,UC2486,2026-08-25,2026-02-06,200,1,185,0.7135,FORECAST
FLIGHT,XJ2832-MPV-ADX-16781167,PUJ,YYC,UC2486,2026-07-15,2026-05-31,45,0,185,0.4799,TARGET
FLIGHT,IY1050-OKZ-KAQ-48528467,POP,YQX,UC2486,2026-08-12,2025-08-27,350,163,163,0.8258,FORECAST
FLIGHT,HK6523-TCR-XRN-76227353,POP,POP,UC2486,2026-08-20,2026-05-22,90,17,164,0.2855,TARGET
FLIGHT,PU4218-RWJ-FUY-46381512,PUJ,YKF,UC2486,2026-08-05,2026-06-21,45,120,177,0.1392,ACTUAL
FLIGHT,TD1647-UTF-IVM-42998724,PUJ,YDF,UC2486,2026-07-13,2025-12-25,200,175,175,0.4908,ACTUAL
FLIGHT,XG1081-EIM-JHX-78624301,POP,YQX,UC2486,2026-09-05,2026-05-08,120,143,176,0.3278,FORECAST
FLIGHT,DZ2187-TWU-BMK-06147159,POP,YYT,UC2486,2026-07-11,2026-05-12,60,125,160,1.0082,FORECAST
FLIGHT,RN8321-FBR-MCI-98425079,PUJ,YUL,UC2486,2026-09-29,2026-09-29,0,54,167,0.1140,TARGET
FLIGHT,BQ5206-ZHG-INC-18978737,PUJ,YVR,ID2600,2026-07-11,2026-06-11,30,142,207,0.0000,FORECAST
FLIGHT,LY1102-MTG-SKL-33089233,POP,YLW,ID2600,2026-08-10,2025-07-06,400,117,199,0.6802,TARGET
FLIGHT,RL5470-ZCQ-SPY-79501467,POP,YXU,ID2600,2026-07-26,2026-07-12,14,117,195,0.6456,FORECAST
FLIGHT,RS4093-NXH-MIN-05955161,PUJ,YBG,ID2600,2026-09-23,2025-11-27,300,36,189,0.3119,ACTUAL
FLIGHT,EC2697-XJR-YWM-97848798,POP,YDF,ID2600,2026-07-02,2026-06-02,30,63,190,0.7482,TARGET
FLIGHT,GA6356-PGU-XLP-75694298,POP,YKF,ID2600,2026-09-15,2025-06-22,450,84,205,0.4896,FORECAST
FLIGHT,GA6356-PGU-XLP-75694298,POP,PUJ,ID2600,2026-08-12,2025-10-16,300,52,155,0.9770,ACTUAL
FLIGHT,AV6958-VNE-VCR-53111281,PUJ,EWR,ID2600,2026-09-13,2026-08-14,30,103,176,0.7707,ACTUAL
FLIGHT,AV6958-VNE-VCR-53111281,PUJ,YHZ,ID2600,2026-08-23,2026-03-26,150,99,163,0.5126,ACTUAL
FLIGHT,OP9036-NMM-HMU-94728132,PUJ,YLW,ID2600,2026-08-24,2026-02-25,180,62,205,0.5123,TARGET
FLIGHT,YJ1270-NMD-RYK-36087807,POP,YDF,ID2600,2026-07-12,2025-02-27,500,51,176,0.1609,ACTUAL
FLIGHT,FA3734-YIQ-HML-67071905,PUJ,YQB,ID2600,2026-09-10,2026-09-10,0,157,157,0.9686,TARGET
FLIGHT,BF5312-SZF-NNE-54780095,POP,POP,ID2600,2026-09-11,2026-09-11,0,26,183,0.1693,ACTUAL
FLIGHT,BF5312-SZF-NNE-54780095,POP,YQR,ID2600,2026-09-15,2026-05-18,120,50,191,0.1579,FORECAST
FLIGHT,JE8425-UCD-CSU-03594094,POP,YQM,ID2600,2026-07-10,2026-07-03,7,42,192,0.7646,ACTUAL
FLIGHT,KD3311-PQN-BKO-76771928,PUJ,YQX,QN3070,2026-07-18,2025-11-10,250,87,176,0.1225,TARGET
FLIGHT,UJ5633-GYR-SEH-49524570,POP,YQB,QN3070,2026-09-29,2026-06-01,120,73,77,0.1468,TARGET
FLIGHT,FQ9467-VGM-GCM-33084601,PUJ,YKF,QN3070,2026-07-01,2025-12-13,200,14,183,0.1829,ACTUAL
FLIGHT,IL5414-YAR-UKO-96229511,POP,YQB,QN3070,2026-07-24,2026-06-24,30,48,174,0.1987,TARGET
FLIGHT,IL5414-YAR-UKO-96229511,POP,YYC,QN3070,2026-09-03,2025-07-30,400,159,189,0.6790,ACTUAL
FLIGHT,CL2089-VLE-DOM-80126962,PUJ,YQB,DU3168,2026-07-22,2025-09-25,300,5,192,0.5562,FORECAST
FLIGHT,IG9994-EXR-YLX-80330864,PUJ,POP,DU3168,2026-09-24,2026-09-24,0,54,174,0.1808,FORECAST
FLIGHT,DJ8632-SUB-QKZ-05048715,PUJ,YEG,DU3168,2026-08-28,2026-03-31,150,17,187,0.5668,TARGET
FLIGHT,SA5182-GOP-FDB-90744479,POP,PUJ,DU3168,2026-08-13,2025-08-28,350,16,108,0.4452,ACTUAL
FLIGHT,EW6684-RBG-VXD-63678175,PUJ,YYZ,DU3168,2026-08-22,2025-09-06,350,23,190,0.2643,FORECAST
FLIGHT,GB7218-VZQ-OVO-16991658,POP,YQX,DU3168,2026-09-17,2026-08-03,45,30,187,0.2136,ACTUAL
FLIGHT,OF3634-YCD-BIR-57867126,PUJ,YYT,DU3168,2026-08-12,2026-08-12,0,0,180,0.3071,TARGET
FLIGHT,DO6350-NZY-JFW-72990438,PUJ,YYZ,QP6400,2026-08-13,2026-04-15,120,110,174,0.2290,FORECAST
FLIGHT,KQ4647-EKN-BJM-78203690,PUJ,YUL,QP6400,2026-09-28,2026-06-30,90,12,160,0.0699,ACTUAL
FLIGHT,SW8962-KRM-TEM-35600625,PUJ,PUJ,QP6400,2026-07-19,2025-04-25,450,46,162,1.0031,TARGET
FLIGHT,VL1517-ZYS-YOW-51937849,POP,YBG,QP6400,2026-07-22,2026-04-23,90,24,174,0.7253,FORECAST
FLIGHT,KG1273-IYI-ZKQ-01976213,POP,PUJ,QP6400,2026-07-27,2026-07-20,7,11,209,0.6493,ACTUAL
FLIGHT,HN831-ZFP-KHI-18399557,POP,YQR,RT780,2026-09-19,2025-05-07,500,0,184,0.5082,FORECAST
FLIGHT,RX022-QAC-OPC-06294502,POP,YHZ,RT780,2026-08-23,2026-08-02,21,16,158,0.2674,TARGET
FLIGHT,RX022-QAC-OPC-06294502,PUJ,YOW,RT780,2026-08-10,2026-04-12,120,9,191,0.1356,ACTUAL
FLIGHT,OP795-UHG-XJE-25393922,PUJ,PUJ,RT780,2026-09-05,2026-08-06,30,89,144,0.2292,TARGET
FLIGHT,OP795-UHG-XJE-25393922,POP,YQX,RT780,2026-07-22,2025-04-28,450,12,187,0.0707,ACTUAL
FLIGHT,OY706-SWX-HVS-28532025,PUJ,YLW,RT780,2026-07-20,2026-02-20,150,82,180,0.8182,FORECAST
FLIGHT,JN167-SJN-XOU-78189863,PUJ,YQM,RT780,2026-07-31,2025-05-07,450,27,70,0.2018,TARGET
FLIGHT,FI227-VUJ-XWS-66529483,PUJ,YXE,RT780,2026-08-10,2026-04-12,120,114,187,0.2880,FORECAST
FLIGHT,OL777-OGI-XZE-65875031,PUJ,YYC,RT780,2026-08-25,2026-08-22,3,15,191,0.1348,FORECAST
FLIGHT,OL777-OGI-XZE-65875031,POP,YYC,RT780,2026-07-12,2026-06-28,14,8,199,0.1700,FORECAST
FLIGHT,PI6669-YPV-IPE-17124356,PUJ,YHM,HH2316,2026-09-01,2026-08-18,14,22,190,0.0000,TARGET
FLIGHT,KX0781-XBV-PFQ-39476461,PUJ,YVR,HH2316,2026-08-04,2026-06-05,60,177,177,0.5635,ACTUAL
FLIGHT,FV6149-WUZ-TGV-63196275,POP,YYT,HH2316,2026-09-08,2025-06-15,450,45,167,0.0984,ACTUAL
FLIGHT,FV6149-WUZ-TGV-63196275,POP,YXS,HH2316,2026-08-11,2026-02-12,180,18,176,0.7441,ACTUAL
FLIGHT,GM2105-VCM-IBO-87048113,POP,YFC,HH2316,2026-08-03,2026-04-05,120,143,162,0.1222,ACTUAL
FLIGHT,GM4653-HHJ-OOI-96337922,POP,YEG,HH2316,2026-07-30,2026-07-09,21,170,205,0.9292,TARGET
FLIGHT,GM4653-HHJ-OOI-96337922,PUJ,EWR,HH2316,2026-08-31,2026-02-12,200,93,203,0.2922,FORECAST
FLIGHT,TC4597-OHN-MAS-85919817,POP,YEG,HH2316,2026-09-10,2026-08-27,14,100,194,0.0000,TARGET
FLIGHT,FK7477-PIH-OUF-12384877,PUJ,YFC,HH2316,2026-08-08,2025-10-12,300,116,173,0.5968,ACTUAL
FLIGHT,BU0059-AKJ-LXD-73658540,PUJ,YEG,XP0727,2026-08-17,2026-08-17,0,65,185,0.0368,TARGET
FLIGHT,YY6533-LZG-WLT-75980962,PUJ,YXE,XP0727,2026-07-30,2026-03-02,150,40,186,0.3934,ACTUAL
FLIGHT,RC9870-QVQ-JAP-55380536,PUJ,YVR,XP0727,2026-07-16,2026-06-25,21,37,185,0.4984,TARGET
FLIGHT,OF1281-KMR-HRO-02785379,PUJ,EWR,XP0727,2026-09-18,2026-06-20,90,0,141,0.1312,FORECAST
FLIGHT,LQ3068-IVQ-GNY-81672386,POP,YQM,XP0727,2026-08-08,2026-06-24,45,157,196,0.1310,ACTUAL
FLIGHT,ZO1733-CYK-YPD-60426144,POP,YYZ,XP0727,2026-07-24,2025-08-08,350,20,171,0.6069,FORECAST
FLIGHT,JX5419-ZDH-XOR-04987620,PUJ,YBG,XP0727,2026-07-21,2026-03-23,120,148,173,0.2546,ACTUAL
FLIGHT,WE613-KBN-ECB-84015799,POP,YQM,JS586,2026-07-24,2025-09-27,300,165,175,0.6599,TARGET
FLIGHT,WE613-KBN-ECB-84015799,POP,YBG,JS586,2026-08-06,2026-06-07,60,175,175,0.7492,TARGET
FLIGHT,PU062-WTQ-CBS-97526866,POP,YXE,JS586,2026-07-12,2026-06-21,21,45,181,0.8936,ACTUAL
FLIGHT,LL5045-RHR-PLB-07709903,PUJ,YQT,IY9170,2026-08-02,2025-03-20,500,54,193,0.7150,TARGET
FLIGHT,LL5045-RHR-PLB-07709903,PUJ,YWG,IY9170,2026-07-03,2026-06-12,21,14,179,0.9730,TARGET
FLIGHT,LT5176-HLF-IDH-02286710,POP,YQM,IY9170,2026-08-12,2025-12-05,250,122,169,0.0914,ACTUAL
FLIGHT,FJ8454-NOG-CVG-71741906,POP,EWR,IY9170,2026-07-02,2026-07-02,0,6,169,0.4056,ACTUAL
FLIGHT,KP9656-IAA-CSC-54260782,POP,YWG,IY9170,2026-09-17,2026-09-17,0,37,182,0.3491,ACTUAL
FLIGHT,KP9656-IAA-CSC-54260782,PUJ,YEG,IY9170,2026-09-16,2025-06-23,450,172,181,0.1240,ACTUAL
FLIGHT,KP9656-IAA-CSC-54260782,PUJ,YYT,IY9170,2026-07-29,2026-04-30,90,16,169,0.1135,TARGET
FLIGHT,KP9656-IAA-CSC-54260782,PUJ,YXE,IY9170,2026-09-08,2026-02-20,200,68,182,0.2022,TARGET
FLIGHT,EI8223-BUN-JEX-11684603,PUJ,YUL,KR0307,2026-08-30,2025-04-17,500,175,178,0.4319,FORECAST
FLIGHT,OS5928-EYF-GHC-25677250,PUJ,YKF,KR0307,2026-08-17,2026-07-27,21,29,169,0.6893,FORECAST
FLIGHT,OT374-DLU-QOC-99425059,POP,YYT,TT391,2026-07-13,2025-07-28,350,56,202,0.9106,FORECAST
FLIGHT,SI841-FGE-XEF-32087385,POP,YEG,TT391,2026-07-22,2026-07-01,21,104,180,0.7226,ACTUAL
FLIGHT,LD931-ORJ-IWT-88380374,POP,YDF,TT391,2026-08-08,2025-08-23,350,26,172,0.8643,ACTUAL
FLIGHT,UO381-DHZ-GOB-49462455,POP,YVR,TT391,2026-09-01,2025-09-16,350,2,181,0.8550,ACTUAL
FLIGHT,AJ5820-PEZ-DMF-47424684,PUJ,YHM,ZD4601,2026-08-25,2026-08-11,14,10,177,0.7844,ACTUAL
FLIGHT,AJ5820-PEZ-DMF-47424684,PUJ,EWR,ZD4601,2026-07-29,2026-03-01,150,52,195,0.2531,ACTUAL
FLIGHT,EA7209-LPR-VTA-35508199,PUJ,YHM,ZD4601,2026-08-20,2026-05-22,90,166,166,0.0254,ACTUAL
FLIGHT,YZ6844-KNK-WOX-81744205,PUJ,YEG,ZD4601,2026-09-24,2025-11-28,300,147,177,0.9083,TARGET
FLIGHT,PM7649-PGO-QBK-34251918,PUJ,YQT,ZD4601,2026-09-17,2026-08-18,30,88,182,0.3614,ACTUAL
FLIGHT,MA3669-RAZ-UFY-76448294,PUJ,YEG,ZD4601,2026-08-26,2026-08-23,3,157,157,0.8911,FORECAST
FLIGHT,MA3669-RAZ-UFY-76448294,POP,YHM,ZD4601,2026-09-29,2026-07-16,75,23,200,0.7846,ACTUAL
FLIGHT,LB1691-LNT-PQB-79823070,PUJ,YKF,ZD4601,2026-09-20,2026-08-06,45,51,196,0.6337,ACTUAL
FLIGHT,MW2969-ZMK-FXJ-15731802,POP,YLW,YW6964,2026-08-19,2025-10-23,300,10,176,0.1172,ACTUAL
FLIGHT,LO8149-MHZ-LKA-19353110,POP,YQR,BR1274,2026-09-18,2026-09-04,14,0,195,0.1516,TARGET
FLIGHT,OL6073-AFD-WWO-37339701,POP,YUL,BR1274,2026-07-19,2026-01-20,180,146,185,0.1416,TARGET
FLIGHT,OL6073-AFD-WWO-37339701,POP,YEG,BR1274,2026-09-26,2026-07-28,60,87,182,0.0000,FORECAST
FLIGHT,OL6073-AFD-WWO-37339701,POP,YQX,BR1274,2026-07-13,2025-07-28,350,124,192,0.5189,ACTUAL
FLIGHT,AD4926-FCZ-RTF-24006138,POP,YOW,BR1274,2026-07-01,2026-07-01,0,58,165,0.4754,FORECAST
FLIGHT,AD4926-FCZ-RTF-24006138,PUJ,EWR,BR1274,2026-07-16,2026-02-16,150,119,181,0.7835,ACTUAL
FLIGHT,RW0045-BCK-XHC-19596027,POP,YXE,BR1274,2026-07-30,2025-05-06,450,1,192,0.7627,ACTUAL
FLIGHT,DH78V-NYF-NQI-97042416,POP,YDF,EE44D,2026-07-09,2025-07-24,350,56,165,0.6845,ACTUAL
FLIGHT,OZ15B-AZP-NAC-75180077,POP,YHM,EE44D,2026-07-01,2026-02-01,150,0,204,0.8950,TARGET
FLIGHT,FO25T-PRH-GNO-40891205,POP,YBG,EE44D,2026-09-28,2025-08-24,400,37,194,0.2652,FORECAST
FLIGHT,FO25T-PRH-GNO-40891205,PUJ,YBG,EE44D,2026-07-06,2025-09-09,300,20,172,0.4382,ACTUAL
FLIGHT,ZE08G-NDX-ARR-02570162,POP,YQB,EE44D,2026-07-05,2025-02-20,500,58,177,0.0621,ACTUAL
FLIGHT,RZ73U-RPD-RGU-41000665,POP,YYZ,EE44D,2026-08-17,2025-07-13,400,25,164,0.7996,TARGET
FLIGHT,WE8515-LBD-GKF-47117887,PUJ,YYZ,ZU1297,2026-07-03,2026-01-04,180,36,181,0.1369,TARGET
FLIGHT,EZ6899-IOH-QOT-30925239,PUJ,YYT,ZU1297,2026-08-16,2026-07-26,21,62,196,0.2632,FORECAST
FLIGHT,BM0563-NZB-OCE-41373949,PUJ,YKF,ZU1297,2026-07-18,2026-01-19,180,56,195,0.4027,TARGET
FLIGHT,BS7019-ZSR-FJO-70751862,POP,YQM,ZU1297,2026-09-04,2025-07-31,400,98,187,0.9221,TARGET
FLIGHT,AO8464-AYD-KOO-46621997,POP,YQR,ZU1297,2026-07-12,2025-06-07,400,114,177,0.9428,ACTUAL
FLIGHT,ST0722-WNP-TIB-60154138,POP,YBG,ZU1297,2026-08-16,2025-08-31,350,29,163,0.3486,ACTUAL
FLIGHT,ST0722-WNP-TIB-60154138,POP,POP,ZU1297,2026-07-21,2026-07-07,14,0,166,0.8888,TARGET
FLIGHT,UI6862-SNN-CBH-56574808,PUJ,YEG,ZU1297,2026-09-18,2025-10-03,350,151,169,1.0132,ACTUAL
FLIGHT,NJ6096-CJT-ZBS-10091665,PUJ,YUL,ZU1297,2026-07-11,2026-05-12,60,9,168,0.4466,TARGET
FLIGHT,VS5454-XHB-BDP-84627420,POP,YLW,ZU1297,2026-09-09,2026-04-12,150,160,209,0.6848,TARGET
FLIGHT,SD0708-VVM-YCD-71340250,POP,YYC,ZU1297,2026-07-28,2025-08-12,350,163,201,0.1544,TARGET
FLIGHT,SD0708-VVM-YCD-71340250,POP,YBG,ZU1297,2026-07-15,2025-12-27,200,92,172,0.8187,FORECAST
FLIGHT,SD0708-VVM-YCD-71340250,POP,YDF,ZU1297,2026-08-21,2026-04-23,120,124,167,0.1488,TARGET
FLIGHT,MI3032-TPO-WIJ-43329457,POP,YYZ,ZU1297,2026-08-05,2026-05-22,75,135,193,0.4468,FORECAST
FLIGHT,DS0671-ABT-SOR-44298299,POP,YXU,ZU1297,2026-08-27,2025-06-03,450,18,187,0.2403,ACTUAL
FLIGHT,CA5579-SSC-LYQ-43456512,POP,YQM,ZU1297,2026-09-19,2026-08-29,21,3,192,0.5006,FORECAST
FLIGHT,UJ3578-XZU-IKT-07312821,POP,YHZ,ZU1297,2026-09-07,2025-04-25,500,136,171,0.2244,ACTUAL
FLIGHT,UJ3578-XZU-IKT-07312821,POP,POP,ZU1297,2026-07-16,2026-06-01,45,73,172,0.9740,ACTUAL
FLIGHT,YO7070-LAO-ATL-06263276,POP,YXE,ZU1297,2026-09-10,2026-04-13,150,18,213,0.2732,TARGET
FLIGHT,FI3265-OEA-YPT-80470789,PUJ,YYT,ZU1297,2026-08-18,2026-03-21,150,26,171,0.8022,FORECAST
FLIGHT,NX1765-UBE-DZA-00278649,POP,PUJ,ZU1297,2026-08-13,2026-08-10,3,121,182,0.0242,FORECAST
FLIGHT,WA5376-TGF-XRO-92746226,POP,YUL,ZU1297,2026-07-30,2026-05-01,90,103,202,0.8885,ACTUAL
FLIGHT,QV9753-CCX-LFV-43872075,PUJ,YYT,ZU1297,2026-07-14,2025-06-09,400,39,161,0.9008,TARGET
FLIGHT,QV9753-CCX-LFV-43872075,POP,YYT,ZU1297,2026-07-10,2026-03-12,120,177,181,0.8295,TARGET
FLIGHT,OT3144-IUT-IZZ-19964596,PUJ,POP,ZU1297,2026-08-07,2026-07-24,14,71,171,0.4764,ACTUAL
FLIGHT,AU7051-REL-CUD-03186720,PUJ,YLW,ZU1297,2026-08-13,2025-08-28,350,119,181,0.2230,TARGET
FLIGHT,DO9779-NVG-DTS-46709960,PUJ,EWR,ZU1297,2026-08-09,2025-12-02,250,34,187,0.1106,TARGET
FLIGHT,XV1156-OYX-QCI-08282464,POP,YUL,ZU1297,2026-07-13,2026-05-29,45,14,179,0.1011,ACTUAL
FLIGHT,EP8911-TVF-NZR-90098606,PUJ,YDF,ZU1297,2026-08-29,2026-08-26,3,12,83,0.6866,TARGET
FLIGHT,BP8286-FLX-LQO-29370625,PUJ,YXE,ZU1297,2026-07-13,2026-07-13,0,164,164,0.0000,ACTUAL
FLIGHT,CA7149-XFG-WMA-36808588,POP,YQR,ZU1297,2026-08-25,2026-06-26,60,103,172,0.2844,FORECAST
FLIGHT,JI4372-YDG-FNZ-77638319,PUJ,YWG,ZU1297,2026-09-10,2026-07-12,60,34,183,0.9464,TARGET
FLIGHT,CV8043-QJW-HBY-97975684,POP,YQM,ZU1297,2026-07-26,2026-05-12,75,21,192,0.7200,TARGET
FLIGHT,FD8180-CZQ-XPI-72913112,POP,YFC,ZU1297,2026-08-09,2025-10-13,300,29,180,0.7215,FORECAST
FLIGHT,FD8180-CZQ-XPI-72913112,PUJ,YYT,ZU1297,2026-07-30,2026-07-30,0,151,184,0.0515,TARGET
FLIGHT,JF3275-QRR-CCR-59206304,POP,YQR,ZU1297,2026-07-19,2025-11-11,250,149,182,0.8189,FORECAST
FLIGHT,WF6251-BJS-IMD-73051513,POP,YYZ,ZU1297,2026-09-08,2026-08-09,30,60,191,0.5845,TARGET
FLIGHT,WF6251-BJS-IMD-73051513,PUJ,YVR,ZU1297,2026-08-14,2026-05-16,90,87,187,0.7659,ACTUAL
FLIGHT,HV2096-OGB-SZE-40741359,POP,PUJ,ZU1297,2026-07-19,2025-12-31,200,49,179,0.4573,TARGET
FLIGHT,UV6653-HSB-HZM-38574339,PUJ,YUL,ZU1297,2026-08-26,2026-06-12,75,38,145,0.7368,TARGET
FLIGHT,DQ1902-GFA-DML-19889060,POP,YHZ,ZU1297,2026-08-07,2026-03-10,150,6,198,0.3566,ACTUAL
FLIGHT,OJ1706-AFF-LFK-53134176,POP,YEG,ZU1297,2026-09-20,2026-08-21,30,16,175,0.1848,ACTUAL
FLIGHT,XN7769-EWW-CSU-10507197,POP,YQR,ZU1297,2026-08-25,2025-04-12,500,0,94,0.2053,FORECAST
FLIGHT,MY5141-VHJ-GAO-68329876,PUJ,YQB,ZU1297,2026-08-17,2025-04-04,500,59,200,0.0912,ACTUAL
FLIGHT,SF6637-UXA-ARU-89438301,POP,YFC,ZU1297,2026-07-18,2025-03-05,500,159,163,0.4233,ACTUAL
FLIGHT,JM2882-NCO-GIW-60873631,POP,YDF,ZU1297,2026-09-28,2025-08-24,400,122,186,0.1227,FORECAST
FLIGHT,PR0194-MPB-CIW-12804471,PUJ,YLW,ZU1297,2026-09-15,2025-05-03,500,54,171,0.5211,TARGET
FLIGHT,LO5557-JQM-GUE-81070560,PUJ,YDF,ZU1297,2026-08-10,2026-05-12,90,104,179,0.7095,ACTUAL
FLIGHT,KK7384-DBS-MAY-06616153,POP,YQR,ZU1297,2026-09-16,2025-05-04,500,53,53,0.2643,TARGET
FLIGHT,EH0636-LOQ-GOW-15104136,PUJ,YHM,ZU1297,2026-07-30,2026-01-11,200,60,188,0.8552,TARGET
FLIGHT,MC6295-BXN-JCA-31841732,POP,EWR,ZU1297,2026-07-03,2026-03-05,120,0,174,0.3122,FORECAST
FLIGHT,UN5234-UNL-WLJ-61203846,POP,POP,ZU1297,2026-07-09,2025-04-15,450,55,170,0.9075,TARGET
FLIGHT,OV2644-VBC-TYQ-92891435,PUJ,YYT,ZU1297,2026-07-04,2025-12-16,200,62,175,0.0184,TARGET
FLIGHT,WK4009-FYX-YGD-95078730,PUJ,YXU,ZU1297,2026-08-25,2026-08-25,0,32,157,0.7630,TARGET
FLIGHT,UU9846-YZU-WXA-74562567,POP,YKF,ZU1297,2026-07-16,2026-03-18,120,112,194,0.1734,TARGET
FLIGHT,KF9007-JCZ-XMM-43086042,POP,YWG,ZU1297,2026-07-29,2026-07-26,3,129,203,0.1953,FORECAST
FLIGHT,AQ4798-XBX-DUD-70564765,PUJ,YOW,ZU1297,2026-08-26,2026-05-28,90,0,183,0.3953,FORECAST
FLIGHT,KI7539-NZJ-ZWC-63825117,PUJ,YXU,ZU1297,2026-08-26,2026-05-28,90,80,184,0.3448,ACTUAL
FLIGHT,FK2577-MRS-SUW-77395166,PUJ,YOW,ZU1297,2026-09-13,2026-06-30,75,157,195,0.0223,TARGET
FLIGHT,BH2370-DIV-XAT-50715199,POP,YYZ,ZU1297,2026-09-24,2026-09-21,3,79,187,0.1480,TARGET
FLIGHT,HZ8416-EYV-SVY-06288156,PUJ,PUJ,ZU1297,2026-08-05,2026-08-05,0,177,185,0.7564,ACTUAL
FLIGHT,NQ0877-TUY-HJP-24416762,PUJ,YDF,ZU1297,2026-09-10,2026-07-12,60,24,178,0.8860,FORECAST
FLIGHT,NQ0877-TUY-HJP-24416762,PUJ,YQX,ZU1297,2026-09-24,2026-05-27,120,45,169,0.5203,ACTUAL
FLIGHT,DZ8743-ATN-JPJ-29326834,PUJ,YKF,ZU1297,2026-07-14,2025-09-17,300,56,181,0.4024,FORECAST
FLIGHT,LE4881-MAV-GLZ-34176546,POP,YDF,ZU1297,2026-07-02,2025-04-08,450,168,168,0.1185,TARGET
FLIGHT,ZK8448-WAV-DEO-71277156,POP,YFC,ZU1297,2026-09-16,2025-05-04,500,146,157,0.6350,TARGET
FLIGHT,WS3764-KEN-UKR-72802386,PUJ,YFC,ZU1297,2026-08-31,2025-11-04,300,167,167,0.1298,FORECAST
FLIGHT,WS3764-KEN-UKR-72802386,PUJ,PUJ,ZU1297,2026-08-10,2026-06-26,45,18,164,0.6116,FORECAST
FLIGHT,KN2600-RAL-SRA-18880030,POP,YYC,ZU1297,2026-08-26,2025-04-13,500,184,204,0.7149,FORECAST
FLIGHT,KN2600-RAL-SRA-18880030,POP,PUJ,ZU1297,2026-08-07,2026-05-24,75,34,188,0.9381,FORECAST
FLIGHT,AK3782-RMQ-XPU-22030710,POP,YQX,ZU1297,2026-07-21,2026-07-18,3,27,199,0.6113,ACTUAL
FLIGHT,RC6922-GWS-OMU-62154151,PUJ,YQX,ZU1297,2026-09-28,2026-08-29,30,100,204,0.5251,FORECAST
FLIGHT,SR0702-OXE-TVF-94286358,POP,YXE,ZU1297,2026-07-28,2026-07-25,3,161,168,0.1551,ACTUAL
FLIGHT,YH4926-GRS-YUR-74955910,PUJ,POP,ZU1297,2026-09-27,2025-07-04,450,41,182,0.8725,FORECAST
FLIGHT,CV9055-RPL-GAW-29614990,POP,POP,ZU1297,2026-08-26,2025-12-19,250,45,186,0.9296,TARGET
FLIGHT,BT5772-JRP-PJO-63083572,POP,YQR,ZU1297,2026-07-13,2025-09-16,300,131,195,0.3270,TARGET
FLIGHT,BT5772-JRP-PJO-63083572,POP,EWR,ZU1297,2026-07-24,2026-07-24,0,148,148,0.8868,TARGET
FLIGHT,QP8264-QPD-HBB-02554645,POP,YEG,ZU1297,2026-09-11,2025-06-18,450,90,185,0.2609,ACTUAL
FLIGHT,HH4798-LES-IUU-84470414,PUJ,YQX,ZU1297,2026-08-27,2026-06-13,75,174,187,0.7967,ACTUAL
FLIGHT,RU7595-KSI-FFS-81332419,PUJ,YWG,ZU1297,2026-09-21,2026-07-08,75,159,186,0.7339,ACTUAL
FLIGHT,VT7711-QAD-WWM-77436048,PUJ,YQR,ZU1297,2026-08-11,2026-07-28,14,134,173,0.4387,FORECAST
FLIGHT,YP6889-GWQ-NCM-18776458,PUJ,POP,ZU1297,2026-07-03,2026-05-19,45,49,180,0.5623,FORECAST
FLIGHT,VB8431-ZTN-UKF-17900531,PUJ,YWG,ZU1297,2026-09-25,2026-09-04,21,69,173,0.2747,FORECAST
FLIGHT,JD2345-SWF-GFZ-58024557,POP,YQT,ZU1297,2026-08-04,2026-07-05,30,146,187,0.3492,FORECAST
FLIGHT,IV6026-GHX-LMI-16298702,PUJ,YYC,ZU1297,2026-09-05,2026-07-22,45,165,165,0.7409,TARGET
FLIGHT,KE1514-VUX-HLD-72368504,PUJ,YDF,ZU1297,2026-09-10,2026-09-10,0,83,173,0.0782,ACTUAL
FLIGHT,OL0175-AKN-VML-58990658,POP,YQT,ZU1297,2026-09-27,2025-07-04,450,35,166,0.0898,FORECAST
FLIGHT,EP3156-PXF-NCP-36292459,PUJ,YHZ,ZU1297,2026-07-03,2025-10-26,250,30,199,0.6118,FORECAST
FLIGHT,AM2709-WJB-XVD-44124522,POP,EWR,ZU1297,2026-09-06,2026-05-09,120,52,185,0.5403,FORECAST
FLIGHT,AM2709-WJB-XVD-44124522,POP,YQM,ZU1297,2026-07-22,2026-06-22,30,42,179,0.5524,FORECAST
FLIGHT,WT3374-DLG-KRZ-33878959,POP,YXE,ZU1297,2026-08-06,2026-07-30,7,58,157,0.3354,TARGET
FLIGHT,WT3374-DLG-KRZ-33878959,POP,YEG,ZU1297,2026-09-27,2025-05-15,500,165,197,0.0985,FORECAST
FLIGHT,YL5624-CEN-VNO-68094059,POP,YLW,ZU1297,2026-09-18,2026-03-02,200,100,160,0.1186,ACTUAL
FLIGHT,CK6830-TXL-HXC-22526497,PUJ,YDF,ZU1297,2026-08-21,2025-04-08,500,94,161,0.6768,ACTUAL
FLIGHT,ZL1414-QHL-CKM-09514277,PUJ,YYZ,ZU1297,2026-09-05,2026-08-22,14,79,178,0.2944,TARGET
FLIGHT,YL9341-BMD-UNK-04725531,POP,YHM,ZU1297,2026-07-30,2025-10-03,300,112,168,0.7365,FORECAST
FLIGHT,UF7386-UTM-NIR-11051292,PUJ,YHM,ZU1297,2026-07-04,2026-03-06,120,45,217,0.4865,TARGET
FLIGHT,WO2430-XNP-PPT-83677810,POP,YHM,ZU1297,2026-07-03,2026-01-04,180,47,165,0.0000,FORECAST
FLIGHT,MP3608-NHZ-GGS-95066676,POP,YOW,ZU1297,2026-09-06,2026-02-18,200,10,165,0.8205,TARGET
FLIGHT,AZ5508-UAU-BKB-90830692,PUJ,YQR,ZU1297,2026-07-24,2026-05-10,75,32,192,0.5595,TARGET
FLIGHT,CM0502-TUY-STB-76191814,PUJ,YQR,ZU1297,2026-07-18,2025-04-24,450,6,180,0.3255,FORECAST
FLIGHT,TR3678-ITA-HEC-77491176,PUJ,YXS,ZU1297,2026-08-15,2025-12-08,250,19,180,0.1533,ACTUAL
FLIGHT,OK5004-GPK-UGX-15752295,POP,YDF,ZU1297,2026-08-26,2026-02-27,180,78,175,0.5244,FORECAST
FLIGHT,OK5004-GPK-UGX-15752295,PUJ,YQT,ZU1297,2026-07-27,2026-07-06,21,11,190,0.0335,FORECAST
FLIGHT,LG5153-IVW-PJG-92708120,POP,YOW,ZU1297,2026-09-02,2026-06-19,75,107,181,0.4877,ACTUAL
FLIGHT,KC2167-MXA-QTN-01066589,PUJ,YEG,ZU1297,2026-08-23,2025-07-19,400,86,189,0.1439,TARGET
FLIGHT,OQ2425-NLR-EYS-38540445,PUJ,YXE,ZU1297,2026-08-28,2026-03-31,150,36,188,0.7339,TARGET
FLIGHT,DJ7425-AOZ-JHQ-20395007,POP,YBG,ZU1297,2026-08-05,2026-05-07,90,22,152,0.5017,ACTUAL
FLIGHT,QN7755-ABY-KGX-57603673,PUJ,PUJ,ZU1297,2026-09-26,2026-05-29,120,161,161,0.9333,FORECAST
FLIGHT,EH4714-LDG-OIV-02826565,PUJ,YWG,ZU1297,2026-07-06,2026-02-06,150,103,204,0.7852,ACTUAL
FLIGHT,HT7595-KHM-VJU-22094705,POP,YYC,ZU1297,2026-08-17,2026-08-03,14,24,185,0.1838,ACTUAL
FLIGHT,BI3885-XEQ-OCL-83443029,POP,YXS,ZU1297,2026-07-08,2025-06-03,400,172,183,0.4077,ACTUAL
FLIGHT,RD9517-CZT-AOA-67769313,PUJ,YKF,ZU1297,2026-07-11,2026-05-12,60,106,177,0.6309,FORECAST
FLIGHT,NU4449-QDA-VMG-26739206,PUJ,YXE,ZU1297,2026-09-19,2026-03-03,200,93,155,0.1563,FORECAST
FLIGHT,BA9601-LGK-GZU-05325624,PUJ,YQB,ZU1297,2026-09-11,2026-09-11,0,12,71,0.1079,FORECAST
FLIGHT,UK7839-WRB-GPA-37731205,POP,YFC,ZU1297,2026-09-09,2025-08-05,400,152,169,0.0952,FORECAST
FLIGHT,XS5140-KBX-CRD-36170004,POP,YWG,ZU1297,2026-09-23,2026-03-27,180,125,200,0.2258,TARGET
FLIGHT,QL4123-VIQ-DAX-94525539,POP,YKF,ZU1297,2026-09-03,2025-04-21,500,104,178,0.1813,ACTUAL
FLIGHT,VE1529-IDP-ZND-11483240,POP,YXU,ZU1297,2026-07-22,2026-02-22,150,188,188,0.1393,ACTUAL
FLIGHT,TM5261-EDM-ZNW-94810011,POP,YKF,ZU1297,2026-09-25,2025-10-10,350,18,184,0.4133,ACTUAL
FLIGHT,HD4562-XLH-BGB-24130011,PUJ,YXE,ZU1297,2026-07-20,2026-02-20,150,49,180,0.0032,FORECAST
FLIGHT,DN1669-VPJ-VJN-97071198,POP,YEG,ZU1297,2026-07-19,2026-06-04,45,28,186,0.0997,FORECAST
FLIGHT,DN1669-VPJ-VJN-97071198,PUJ,YQX,ZU1297,2026-07-11,2026-01-12,180,70,188,0.2159,ACTUAL
FLIGHT,DU2985-MOW-EIB-55525177,PUJ,YDF,ZU1297,2026-09-27,2026-05-30,120,78,194,0.6427,ACTUAL
FLIGHT,AF2041-ANJ-SMB-72652014,POP,YDF,ZU1297,2026-09-10,2026-08-27,14,168,198,0.8123,FORECAST
FLIGHT,SN0586-LHC-IVZ-34220704,POP,YFC,ZU1297,2026-08-26,2026-04-28,120,24,189,0.3745,FORECAST
FLIGHT,LT2729-CMT-JEY-22925384,PUJ,YQT,ZU1297,2026-09-02,2025-09-17,350,108,174,0.3736,TARGET
FLIGHT,NA7983-HVJ-BQG-37836159,POP,YBG,ZU1297,2026-07-13,2026-05-14,60,49,191,0.9096,ACTUAL
FLIGHT,FZ2750-TGW-NVA-47092803,PUJ,YEG,ZU1297,2026-07-03,2025-10-26,250,19,168,0.0349,TARGET
FLIGHT,VP2819-LTQ-DUV-61809809,POP,YLW,ZU1297,2026-08-25,2025-10-29,300,78,179,0.0000,FORECAST
FLIGHT,EK0169-SGY-FSO-45116516,POP,YEG,ZU1297,2026-09-13,2026-08-23,21,113,179,0.1673,ACTUAL
FLIGHT,IM5506-GNS-WVQ-51676559,PUJ,YYZ,ZU1297,2026-09-12,2026-09-05,7,24,190,0.1443,TARGET
FLIGHT,GD7774-WIE-FED-24219738,POP,YWG,ZU1297,2026-09-15,2026-08-25,21,40,179,0.4756,ACTUAL
FLIGHT,YR0284-LOD-VRN-91981625,PUJ,YBG,ZU1297,2026-07-14,2026-06-30,14,123,172,0.2492,ACTUAL
FLIGHT,JT9314-KHX-NKD-33861367,POP,YOW,ZU1297,2026-09-29,2026-07-31,60,7,173,0.7541,TARGET
FLIGHT,JT9314-KHX-NKD-33861367,PUJ,YXU,ZU1297,2026-09-11,2026-06-28,75,25,197,0.3157,TARGET
FLIGHT,OR7586-WIP-IAY-19255317,POP,YUL,ZU1297,2026-08-07,2025-05-14,450,168,184,0.0600,TARGET
FLIGHT,KK0461-NDJ-WHR-40397267,POP,PUJ,ZU1297,2026-08-01,2026-01-13,200,78,169,0.7051,ACTUAL
FLIGHT,PQ3435-RWV-VLT-91977638,PUJ,YQR,ZU1297,2026-08-25,2025-09-09,350,82,184,0.6580,ACTUAL
FLIGHT,PQ3435-RWV-VLT-91977638,POP,YKF,ZU1297,2026-08-10,2026-03-13,150,54,189,0.6798,TARGET
FLIGHT,LQ6922-KWU-WIH-76366287,POP,YKF,ZU1297,2026-09-05,2026-07-07,60,17,183,0.2390,ACTUAL
FLIGHT,DC7165-GUK-TYK-53945069,PUJ,YOW,ZU1297,2026-07-30,2025-05-06,450,182,182,0.8527,FORECAST
FLIGHT,QT5829-IRN-HZZ-09972855,POP,YYC,ZU1297,2026-08-05,2025-08-20,350,3,164,0.0783,TARGET
FLIGHT,WU4179-GWY-TJH-14914215,PUJ,YXE,ZU1297,2026-08-27,2026-08-20,7,93,182,0.5351,ACTUAL
FLIGHT,IJ0967-MEJ-ERL-74040527,PUJ,YXE,ZU1297,2026-07-13,2025-04-19,450,113,162,0.4102,TARGET
FLIGHT,UW7035-ION-MZH-07799751,POP,YQT,ZU1297,2026-09-08,2026-08-25,14,122,165,0.3995,TARGET
FLIGHT,AA2950-CZX-CJO-47299055,PUJ,YOW,ZU1297,2026-09-01,2025-09-16,350,159,191,0.9378,FORECAST
FLIGHT,KE3783-WTA-ITP-57456844,PUJ,YQR,ZU1297,2026-07-26,2026-07-19,7,73,174,0.0064,ACTUAL
FLIGHT,EM3333-YUR-RJX-65190348,PUJ,YHZ,ZU1297,2026-09-08,2026-04-11,150,190,195,0.5418,TARGET
FLIGHT,GZ0824-CGB-DNZ-06449035,PUJ,YQM,ZU1297,2026-08-10,2026-07-11,30,134,196,0.0609,FORECAST
FLIGHT,ZL6441-CTU-VGL-47286399,POP,YOW,ZU1297,2026-07-17,2026-01-18,180,86,172,0.3978,TARGET
FLIGHT,SM6899-WFH-RLR-55201015,PUJ,YQR,ZU1297,2026-08-12,2025-10-16,300,59,210,0.5948,TARGET
FLIGHT,FD7759-TBE-LYI-98391032,PUJ,YKF,ZU1297,2026-07-31,2025-08-15,350,54,170,0.0337,ACTUAL
FLIGHT,AW4103-UPE-QYC-02972957,POP,YYZ,ZU1297,2026-09-29,2026-07-31,60,166,167,0.9234,TARGET
FLIGHT,KL1263-OBU-BPY-96330225,PUJ,YOW,ZU1297,2026-08-17,2025-12-10,250,1,191,0.1314,FORECAST
FLIGHT,DO6668-TTF-DFP-46213345,PUJ,YHZ,ZU1297,2026-09-14,2026-08-31,14,88,189,0.0000,ACTUAL
FLIGHT,SW5829-LML-MFC-92959099,POP,YHM,ZU1297,2026-08-18,2026-06-19,60,94,186,0.2470,TARGET
FLIGHT,JJ1475-GYO-NGY-78256485,PUJ,YYZ,OO5405,2026-08-31,2026-08-24,7,106,178,0.7962,TARGET
FLIGHT,UD9740-AWL-TPL-83445942,POP,YHZ,OO5405,2026-08-17,2026-06-18,60,119,186,0.2501,FORECAST
FLIGHT,DR8111-XHH-ZPT-52331432,PUJ,YLW,OO5405,2026-07-14,2026-06-30,14,0,169,0.1075,FORECAST
FLIGHT,DR8111-XHH-ZPT-52331432,PUJ,YXS,OO5405,2026-09-25,2026-07-12,75,0,161,0.8977,TARGET
FLIGHT,VR2632-CQT-IZY-51088589,PUJ,YOW,OO5405,2026-09-07,2026-07-24,45,34,159,0.0000,FORECAST
FLIGHT,VX7316-GHE-JUH-08724478,POP,YWG,OO5405,2026-08-05,2026-05-22,75,90,90,0.5330,TARGET
FLIGHT,DS8272-IJU-TLF-07699152,POP,YXS,OO5405,2026-09-04,2026-06-21,75,55,191,0.3366,ACTUAL
FLIGHT,IJ0277-MBD-VEH-16257510,POP,YWG,OO5405,2026-07-23,2026-07-20,3,58,174,0.0203,ACTUAL
FLIGHT,ZC6914-LLT-BGM-53542372,POP,YWG,OO5405,2026-09-07,2025-11-11,300,152,185,0.1416,TARGET
FLIGHT,HP1960-WUG-JYZ-89731160,PUJ,YXU,OO5405,2026-07-11,2026-04-27,75,134,172,0.5706,TARGET
FLIGHT,QV9451-DTH-VFZ-46719992,PUJ,YDF,OO5405,2026-07-08,2026-06-17,21,106,210,0.0260,TARGET
FLIGHT,ZD9729-VJC-VBG-67580693,PUJ,YQR,OO5405,2026-07-15,2026-07-01,14,122,205,0.2076,FORECAST
FLIGHT,PJ6010-AMU-TUO-74009701,PUJ,YHZ,OO5405,2026-09-01,2026-03-05,180,75,201,0.6574,ACTUAL
FLIGHT,BD4941-CZZ-YNH-28225196,PUJ,PUJ,OO5405,2026-08-13,2026-04-15,120,5,166,0.8673,TARGET
FLIGHT,BD4941-CZZ-YNH-28225196,POP,YQT,OO5405,2026-07-27,2025-06-22,400,151,209,0.1227,FORECAST
FLIGHT,ZT6550-FWI-XFW-18254805,PUJ,YFC,OO5405,2026-08-03,2026-02-04,180,110,200,0.4232,TARGET
FLIGHT,ZT6550-FWI-XFW-18254805,POP,PUJ,OO5405,2026-09-26,2026-04-29,150,166,170,0.3435,ACTUAL
FLIGHT,HD8676-XZO-IJQ-22878073,POP,YDF,OO5405,2026-08-16,2025-05-23,450,45,90,0.2490,TARGET
FLIGHT,GH7619-CLV-OPA-14111581,PUJ,YYT,OO5405,2026-07-10,2025-09-13,300,44,181,0.8679,ACTUAL
FLIGHT,EO6380-UQF-MGF-67631143,PUJ,YQB,OO5405,2026-09-30,2026-08-31,30,87,157,0.7382,FORECAST
FLIGHT,LW8910-LZI-RYY-25627396,POP,YWG,OO5405,2026-09-19,2026-09-19,0,91,166,0.1952,ACTUAL
FLIGHT,EV7751-KHM-VOZ-20975066,POP,YDF,OO5405,2026-07-04,2026-05-05,60,76,177,0.8567,ACTUAL
FLIGHT,PJ1465-DQG-DMH-32533630,POP,YLW,OO5405,2026-09-04,2026-02-16,200,10,198,0.2684,TARGET
FLIGHT,UV5085-WEN-CBN-89655326,POP,YXS,OO5405,2026-09-29,2025-07-06,450,63,190,0.2492,FORECAST
FLIGHT,DN5018-COX-LON-01808675,PUJ,YXU,OO5405,2026-07-27,2026-07-06,21,138,157,0.3574,TARGET
FLIGHT,WZ7625-KTH-PNV-51182566,PUJ,YKF,OO5405,2026-09-13,2026-05-16,120,89,195,0.1683,ACTUAL
FLIGHT,XG4135-AGG-JMA-74968757,PUJ,YHZ,OO5405,2026-07-07,2026-05-08,60,9,145,0.1652,ACTUAL
FLIGHT,KQ8774-BYL-BGY-15134650,PUJ,YQM,OO5405,2026-07-02,2025-09-05,300,73,199,0.8527,ACTUAL
FLIGHT,KQ8774-BYL-BGY-15134650,PUJ,YHM,OO5405,2026-08-25,2026-04-27,120,15,177,0.6967,TARGET
FLIGHT,KQ8774-BYL-BGY-15134650,POP,YQB,OO5405,2026-09-16,2026-08-26,21,47,191,0.7479,ACTUAL
FLIGHT,BM9239-ZLD-ARU-32786686,POP,YVR,OO5405,2026-07-01,2026-06-28,3,110,182,0.5587,FORECAST
FLIGHT,RV9984-EAA-HFM-50305241,POP,YXE,OO5405,2026-07-05,2025-07-20,350,103,170,0.1504,TARGET
FLIGHT,NR7612-WYS-ONP-62135456,POP,YUL,OO5405,2026-07-06,2025-07-21,350,15,163,0.8380,TARGET
FLIGHT,BB8590-JBY-AFI-17036423,POP,YWG,OO5405,2026-08-20,2025-07-16,400,44,178,0.8802,TARGET
FLIGHT,ZP3313-JUE-JCJ-71897621,PUJ,YXU,OO5405,2026-09-26,2025-07-03,450,57,183,0.5113,FORECAST
FLIGHT,CT6627-CIL-PBN-58686237,POP,YDF,OO5405,2026-09-09,2026-07-26,45,26,188,0.0125,TARGET
FLIGHT,UA0227-SNY-FXI-45278430,PUJ,EWR,OO5405,2026-08-06,2025-05-13,450,191,193,0.3353,TARGET
FLIGHT,WA3987-QUY-BNZ-46594918,POP,YHM,OO5405,2026-08-23,2026-07-09,45,0,161,0.1990,TARGET
FLIGHT,MQ7037-LLX-ZPR-54576530,PUJ,YQR,OO5405,2026-07-02,2026-02-02,150,109,177,0.4684,FORECAST
FLIGHT,MQ7037-LLX-ZPR-54576530,POP,YXS,OO5405,2026-09-11,2026-08-28,14,8,179,0.7533,TARGET
FLIGHT,KQ8641-UOU-SHT-96979339,POP,YHZ,OO5405,2026-07-26,2025-09-29,300,36,196,0.4170,ACTUAL
FLIGHT,KQ8641-UOU-SHT-96979339,POP,YBG,OO5405,2026-09-13,2026-02-25,200,11,187,0.7341,TARGET
FLIGHT,DO3868-DML-FXE-35079937,PUJ,YVR,PU9526,2026-09-01,2025-11-05,300,50,184,0.9072,FORECAST
FLIGHT,IN8993-GBL-GWP-40624261,PUJ,YUL,PU9526,2026-09-01,2026-05-04,120,129,195,0.4454,FORECAST
FLIGHT,WB7799-UOO-EEF-26461533,POP,YEG,PU9526,2026-09-26,2026-09-12,14,87,189,0.6714,ACTUAL
FLIGHT,BA6991-LLQ-LSH-92244556,POP,YLW,PU9526,2026-07-31,2026-04-02,120,74,126,0.9393,ACTUAL
FLIGHT,MR6680-XVK-RBB-05895381,POP,YYZ,PU9526,2026-09-26,2026-09-26,0,55,55,0.9752,ACTUAL
FLIGHT,KP5015-IHV-RWX-57818077,PUJ,YXU,PU9526,2026-08-27,2026-07-13,45,84,193,0.3304,TARGET
FLIGHT,KI1710-ANL-NEM-66885455,PUJ,YHZ,PU9526,2026-09-20,2026-09-17,3,172,186,0.1452,FORECAST
FLIGHT,HZ8162-FMN-IQJ-91861462,POP,YLW,PU9526,2026-09-13,2026-08-23,21,46,196,0.8618,FORECAST
FLIGHT,RQ3635-RBV-LYG-31513135,PUJ,YXU,PU9526,2026-08-11,2026-08-04,7,47,172,0.3961,ACTUAL
FLIGHT,PN8409-CGI-CUP-81090719,POP,YYC,PU9526,2026-09-25,2025-08-21,400,25,188,0.1033,ACTUAL
FLIGHT,PN8409-CGI-CUP-81090719,POP,YWG,PU9526,2026-08-25,2026-08-22,3,52,172,0.4539,ACTUAL
FLIGHT,PN8409-CGI-CUP-81090719,PUJ,YFC,PU9526,2026-07-27,2026-02-27,150,82,178,0.5373,FORECAST
FLIGHT,EU6059-BIO-HLG-52265493,PUJ,YXE,PU9526,2026-07-28,2026-02-28,150,158,173,0.7806,TARGET
FLIGHT,BZ5397-GYJ-LDG-59964260,POP,YYZ,PU9526,2026-08-31,2025-12-24,250,164,174,0.4105,TARGET
FLIGHT,BZ5397-GYJ-LDG-59964260,PUJ,YQT,PU9526,2026-08-12,2026-07-29,14,93,181,0.4555,FORECAST
FLIGHT,UM0098-TWO-FOI-05143164,POP,YHM,PU9526,2026-07-14,2025-09-17,300,24,168,0.5896,ACTUAL
FLIGHT,CZ1991-WGN-LNJ-02542600,POP,YHZ,PU9526,2026-08-12,2026-08-05,7,27,175,0.3517,TARGET
FLIGHT,CZ1991-WGN-LNJ-02542600,POP,YEG,PU9526,2026-08-12,2026-02-13,180,169,195,0.0135,FORECAST
FLIGHT,LZ4690-GGW-MXS-31057197,PUJ,YXS,PU9526,2026-07-20,2025-03-07,500,15,184,0.9117,TARGET
FLIGHT,HF3815-JKK-EOR-76260235,POP,YQM,PU9526,2026-08-08,2025-03-26,500,81,181,0.1457,FORECAST
FLIGHT,NJ0930-TTY-TRN-89195078,PUJ,YLW,PU9526,2026-07-15,2026-04-16,90,29,173,0.9346,FORECAST
FLIGHT,NP9699-TSG-VQD-91948746,POP,EWR,PU9526,2026-08-02,2026-03-05,150,162,182,0.4558,TARGET
FLIGHT,SI5212-LWR-NBN-20981804,POP,YYZ,PU9526,2026-08-19,2026-08-12,7,65,183,0.8590,FORECAST
FLIGHT,KW4392-JKG-TXM-04240817,POP,YHZ,PU9526,2026-08-04,2026-04-06,120,83,177,0.2346,ACTUAL
FLIGHT,FA9790-TNV-HLD-59117533,PUJ,YQB,PU9526,2026-08-11,2026-08-04,7,102,199,0.3400,ACTUAL
FLIGHT,YZ4226-UNG-CLJ-30990349,PUJ,YFC,PU9526,2026-08-29,2025-07-25,400,28,166,0.2872,ACTUAL
FLIGHT,KF2823-EKV-GJQ-52979934,PUJ,YHM,PU9526,2026-08-27,2025-04-14,500,122,177,0.0673,ACTUAL
FLIGHT,KF2823-EKV-GJQ-52979934,PUJ,YQT,PU9526,2026-08-17,2026-02-18,180,46,158,0.9776,FORECAST
FLIGHT,TN5775-RHU-HLF-19706406,POP,YXE,PU9526,2026-08-22,2026-08-01,21,186,186,0.9414,ACTUAL
FLIGHT,GE7034-SDI-DAV-52696364,POP,PUJ,PU9526,2026-09-05,2025-09-20,350,87,87,0.7292,ACTUAL
FLIGHT,FO2126-IVK-JGM-76879674,POP,POP,PU9526,2026-09-18,2026-09-18,0,76,159,0.1420,ACTUAL
FLIGHT,RL1475-NDN-XBZ-38495260,PUJ,YXS,PU9526,2026-08-19,2025-04-06,500,137,161,0.8741,TARGET
FLIGHT,FT3257-QTB-RQK-06903034,PUJ,EWR,PU9526,2026-07-03,2025-12-15,200,61,163,0.9202,ACTUAL
FLIGHT,XX7112-BEP-GAU-23859512,POP,YOW,PU9526,2026-09-22,2026-03-26,180,43,181,0.2725,ACTUAL
FLIGHT,SU2072-EGB-ZGH-58233989,PUJ,PUJ,PU9526,2026-09-19,2025-10-04,350,12,186,0.1009,FORECAST
FLIGHT,SU2072-EGB-ZGH-58233989,PUJ,YYC,PU9526,2026-09-05,2026-08-29,7,129,141,0.4411,ACTUAL
FLIGHT,IV4865-OIG-AME-06814849,PUJ,YBG,PU9526,2026-09-25,2026-09-04,21,15,84,0.5699,TARGET
FLIGHT,SD4198-DYC-WUO-96330507,POP,YXU,PU9526,2026-08-01,2026-01-13,200,86,188,0.5428,FORECAST
FLIGHT,YD6169-GVN-ZFI-08851632,PUJ,YQM,PU9526,2026-07-16,2025-07-31,350,148,190,0.1927,ACTUAL
FLIGHT,ZD6446-NQI-ZPD-32901029,PUJ,YEG,PU9526,2026-09-30,2026-03-14,200,31,172,0.9352,TARGET
FLIGHT,ZC6766-BEO-DMR-92788847,PUJ,YYC,PU9526,2026-07-13,2025-11-05,250,40,193,0.0684,TARGET
FLIGHT,CN0494-DPX-WFG-19017066,POP,EWR,PU9526,2026-09-04,2026-08-28,7,146,200,0.4389,ACTUAL
FLIGHT,IK2770-LBZ-RZP-55056244,POP,YDF,PU9526,2026-07-16,2025-12-28,200,0,186,0.3360,TARGET
FLIGHT,RC8886-OQS-WLA-13919387,POP,YQB,PU9526,2026-07-27,2026-05-13,75,54,179,0.1735,TARGET
FLIGHT,JT6861-POZ-WVG-07909919,POP,YXU,MG5852,2026-07-30,2025-10-03,300,163,192,0.2803,TARGET
FLIGHT,TU8467-NCO-ATS-51103562,PUJ,YBG,MG5852,2026-09-14,2026-07-01,75,165,179,0.3792,FORECAST
FLIGHT,TU8467-NCO-ATS-51103562,PUJ,YQX,MG5852,2026-08-21,2026-02-22,180,176,176,0.2823,TARGET
FLIGHT,CY9242-OSH-IMR-29851652,POP,YQM,MG5852,2026-08-07,2026-04-09,120,20,173,0.0062,FORECAST
FLIGHT,FV8735-DCR-OPQ-63414487,POP,YXE,MG5852,2026-08-30,2026-07-16,45,81,177,0.2115,FORECAST
FLIGHT,PR4622-CMG-IYN-51865153,POP,YXU,MG5852,2026-09-18,2026-03-22,180,25,164,0.4594,FORECAST
FLIGHT,EC4980-BXY-RIO-55577343,PUJ,YYZ,MG5852,2026-09-25,2026-03-29,180,86,173,0.4159,TARGET
FLIGHT,EC4980-BXY-RIO-55577343,POP,YXE,MG5852,2026-07-19,2026-06-19,30,134,194,0.0515,FORECAST
FLIGHT,WV2445-JXP-KUT-71131568,POP,YLW,MG5852,2026-08-24,2026-07-10,45,17,169,0.8696,ACTUAL
FLIGHT,WV2445-JXP-KUT-71131568,POP,YDF,MG5852,2026-08-01,2025-10-05,300,24,169,0.8235,ACTUAL
FLIGHT,HN6497-BMU-TKS-90196433,PUJ,YBG,BT9587,2026-07-02,2026-01-03,180,121,193,0.1896,TARGET
FLIGHT,JN6171-ACJ-PRF-47599117,POP,EWR,BT9587,2026-07-29,2025-03-16,500,32,159,0.9093,TARGET
FLIGHT,KB1541-PPM-LOR-66100005,POP,YVR,BT9587,2026-07-30,2026-07-09,21,84,181,0.7356,ACTUAL
FLIGHT,TC1862-UXI-PTY-39334891,PUJ,YFC,BT9587,2026-09-02,2026-08-19,14,4,183,0.3971,FORECAST
FLIGHT,HF6457-BCP-ZOH-37010653,POP,YFC,BT9587,2026-08-15,2026-06-16,60,153,180,0.6321,TARGET
FLIGHT,NY9990-NWA-JDQ-69609566,POP,YVR,BT9587,2026-08-11,2026-07-21,21,149,172,0.3018,FORECAST
FLIGHT,NY9990-NWA-JDQ-69609566,POP,YQX,BT9587,2026-09-27,2026-03-11,200,161,163,0.0056,FORECAST
FLIGHT,KU6863-IKV-IZS-64220699,PUJ,YOW,BT9587,2026-07-20,2025-04-26,450,158,177,0.6009,ACTUAL
FLIGHT,JB2073-NCP-JKO-41791848,POP,YBG,BT9587,2026-08-05,2026-08-02,3,77,184,0.1511,ACTUAL
FLIGHT,XN8233-YPH-HSH-47412678,PUJ,YHZ,BT9587,2026-08-13,2026-02-14,180,121,165,0.3739,ACTUAL
FLIGHT,DN2672-IAQ-TMF-87013215,POP,YHM,BT9587,2026-07-17,2025-11-09,250,51,181,0.8196,TARGET
FLIGHT,HG5591-NZY-JXT-15663036,PUJ,YOW,ZS2708,2026-07-25,2026-05-26,60,11,94,0.4445,ACTUAL
FLIGHT,LX1840-MGT-ETW-46513271,POP,YDF,ZS2708,2026-07-09,2026-07-02,7,80,167,0.9113,FORECAST
FLIGHT,HY8183-UTF-ILD-67917761,POP,YYT,ZS2708,2026-09-15,2026-06-17,90,155,181,0.0804,ACTUAL
FLIGHT,QF2092-LFU-DAU-94235479,PUJ,YHM,ZS2708,2026-09-01,2025-09-16,350,157,191,0.5666,FORECAST
FLIGHT,JB8077-UBA-HPY-81715068,PUJ,YQX,ZS2708,2026-07-31,2025-10-04,300,0,188,0.1895,ACTUAL
FLIGHT,EU8660-ASS-TWO-49411715,PUJ,YYC,ZS2708,2026-07-30,2026-06-30,30,143,189,0.8850,ACTUAL
FLIGHT,SB3648-XPH-PEW-59012599,PUJ,YDF,ZS2708,2026-07-23,2026-04-24,90,0,180,0.6707,FORECAST
FLIGHT,IA0198-BDD-ANH-82244326,PUJ,YQT,ZS2708,2026-07-03,2026-04-04,90,62,181,0.4523,ACTUAL
FLIGHT,TD5436-SRZ-BUG-45948930,PUJ,YYC,ZS2708,2026-08-23,2026-08-20,3,70,169,0.6594,FORECAST
FLIGHT,SS0640-QDB-MOD-09179651,PUJ,YHM,ZS2708,2026-08-24,2025-05-31,450,129,172,0.2698,ACTUAL
FLIGHT,GC8566-XWK-ISH-47812688,PUJ,YWG,ZS2708,2026-09-29,2026-09-15,14,38,91,0.3717,ACTUAL
FLIGHT,EO1662-GTU-HLF-60177265,PUJ,YEG,ZS2708,2026-07-19,2026-03-21,120,86,150,0.4896,ACTUAL
FLIGHT,MN865-CAG-RTL-37227839,PUJ,YHM,VY447,2026-07-16,2025-04-22,450,0,196,0.8103,ACTUAL
FLIGHT,LO765-JGS-LTF-89146312,POP,YQB,VY447,2026-09-24,2026-09-03,21,14,181,0.9097,ACTUAL
FLIGHT,LO765-JGS-LTF-89146312,POP,YLW,VY447,2026-08-27,2026-06-28,60,51,183,0.9030,ACTUAL
FLIGHT,EM071-HGZ-SCI-38276461,POP,YUL,VY447,2026-07-13,2025-11-05,250,0,169,0.7598,FORECAST
FLIGHT,XG507-HTQ-JRU-55050681,POP,YXS,VY447,2026-08-09,2026-07-26,14,77,188,0.7961,ACTUAL
FLIGHT,UQ481-GCE-BLT-30898930,POP,POP,VY447,2026-08-06,2026-04-08,120,21,118,0.2566,TARGET
FLIGHT,WJ962-LVT-LSA-12135530,POP,YOW,VY447,2026-07-24,2026-06-09,45,169,195,0.2975,ACTUAL
FLIGHT,LL532-DMZ-XXU-85550269,PUJ,YXU,VY447,2026-09-01,2026-09-01,0,140,200,0.6143,FORECAST
FLIGHT,SE8866-QSQ-ADA-65285443,POP,YOW,CQ2943,2026-09-17,2026-09-17,0,53,168,0.2932,ACTUAL
FLIGHT,BK2361-IYD-NZH-70727420,POP,YYC,CQ2943,2026-09-05,2026-07-07,60,105,182,0.4704,ACTUAL
FLIGHT,BK2361-IYD-NZH-70727420,POP,YYC,CQ2943,2026-07-12,2026-04-28,75,13,186,0.4199,FORECAST
FLIGHT,BV5029-JZZ-AOS-93977881,POP,YHZ,CQ2943,2026-07-30,2025-03-17,500,23,178,0.9361,ACTUAL
FLIGHT,GV7164-HMC-UWD-16859524,POP,PUJ,CQ2943,2026-07-21,2026-05-22,60,9,167,0.1875,ACTUAL
FLIGHT,UK4666-TUE-APY-29722318,PUJ,YHM,CQ2943,2026-07-18,2026-04-19,90,173,180,0.2506,FORECAST
FLIGHT,QG626-RWI-TJD-47904475,POP,YQT,MJ076,2026-07-21,2025-03-08,500,156,205,0.7273,ACTUAL
FLIGHT,CL379-FMU-AYN-08238200,PUJ,YVR,MJ076,2026-07-28,2025-06-23,400,138,183,0.2289,FORECAST
FLIGHT,TE222-DEQ-RDM-90358322,PUJ,YHM,MJ076,2026-09-14,2026-05-17,120,10,183,0.0778,ACTUAL
FLIGHT,WV214-LVL-JIO-22700489,POP,YXE,MJ076,2026-09-07,2026-08-08,30,160,190,0.6773,TARGET
FLIGHT,ZL083-ZOI-HEX-00608307,POP,POP,MJ076,2026-09-17,2026-07-04,75,63,195,0.8771,TARGET
FLIGHT,MY192-OXQ-DEX-07962480,PUJ,YQX,MJ076,2026-08-27,2026-02-28,180,81,185,0.3128,TARGET
FLIGHT,SZ952-FIV-EYO-56173720,POP,YQR,MJ076,2026-09-10,2026-03-14,180,39,197,0.2053,ACTUAL
FLIGHT,CP011-OKU-KKW-67747351,PUJ,YLW,MJ076,2026-08-29,2026-08-22,7,106,187,0.8742,FORECAST
FLIGHT,BN744-IWT-ZTZ-89071677,POP,YYT,MJ076,2026-09-04,2026-02-16,200,79,172,0.6979,FORECAST
FLIGHT,YL431-HOX-HDE-95048881,PUJ,YFC,MJ076,2026-07-22,2025-11-14,250,78,184,0.0993,FORECAST
FLIGHT,YG605-HYT-ARC-10007783,POP,POP,MJ076,2026-08-31,2026-03-04,180,173,203,0.3776,FORECAST
FLIGHT,OQ792-JJZ-OVX-71740668,POP,YUL,MJ076,2026-07-02,2026-07-02,0,99,203,0.5208,FORECAST
FLIGHT,MO994-EAV-YMD-37698237,POP,YUL,MJ076,2026-09-02,2026-08-03,30,151,172,0.2740,ACTUAL
FLIGHT,FW5193-GKN-EZY-84437282,PUJ,YVR,EQ9753,2026-07-23,2026-07-20,3,95,197,0.1695,ACTUAL
FLIGHT,FW5193-GKN-EZY-84437282,PUJ,YWG,EQ9753,2026-09-22,2026-08-23,30,10,176,0.6883,TARGET
FLIGHT,NG8066-FMY-PTJ-09907372,POP,YLW,EQ9753,2026-07-24,2026-01-05,200,70,211,0.3817,ACTUAL
FLIGHT,NG8066-FMY-PTJ-09907372,PUJ,YQB,EQ9753,2026-09-02,2026-02-14,200,86,171,0.3213,ACTUAL
FLIGHT,LM5058-IRJ-CUI-92283560,POP,YXU,EQ9753,2026-09-27,2026-03-11,200,31,192,0.6277,FORECAST
FLIGHT,JR5643-FOW-LJC-15652770,PUJ,YDF,EQ9753,2026-09-07,2026-04-10,150,168,168,0.5854,TARGET
FLIGHT,BR5463-DNX-YYI-60664932,POP,YUL,EQ9753,2026-08-09,2025-10-13,300,22,159,0.5044,ACTUAL
FLIGHT,SA0281-ABA-GFX-66617808,PUJ,EWR,EQ9753,2026-09-09,2026-06-11,90,92,189,0.6873,ACTUAL
FLIGHT,XM1624-ETY-ZGG-80107017,POP,YYT,EQ9753,2026-08-16,2026-05-18,90,11,187,0.7377,TARGET
FLIGHT,OY4460-RHJ-RMI-91750783,POP,YYC,EQ9753,2026-09-13,2025-06-20,450,158,158,0.7856,TARGET
FLIGHT,DE3315-VHI-TPM-21741037,POP,YYZ,EQ9753,2026-07-24,2026-03-26,120,0,178,0.0924,TARGET
FLIGHT,OP0048-GWA-VOM-27325538,PUJ,YYZ,FI4111,2026-09-26,2026-09-26,0,148,185,0.8857,ACTUAL
FLIGHT,RK2039-PDB-DWA-44330509,POP,EWR,FI4111,2026-08-08,2025-07-04,400,105,178,1.0102,FORECAST
FLIGHT,YF1660-TLF-GQZ-14987142,PUJ,YYZ,FI4111,2026-07-06,2026-04-07,90,110,189,0.3236,ACTUAL
FLIGHT,YF1660-TLF-GQZ-14987142,POP,YVR,FI4111,2026-08-03,2026-01-15,200,161,179,0.2445,ACTUAL
FLIGHT,XA3577-OTH-DFI-04938636,POP,YYC,FI4111,2026-08-31,2026-08-28,3,129,175,0.8505,TARGET
FLIGHT,XQ7297-ACX-FNQ-31562420,PUJ,YUL,FI4111,2026-07-25,2026-01-06,200,109,198,0.4286,TARGET
FLIGHT,ZG1721-XBU-UIM-31186701,POP,YQX,FI4111,2026-07-26,2025-08-10,350,39,200,0.0219,FORECAST
FLIGHT,SR7835-AVK-JJL-93181312,PUJ,YYT,FI4111,2026-08-07,2025-10-11,300,69,168,0.7252,ACTUAL
FLIGHT,DU8629-IGN-RWD-31453948,POP,YEG,FI4111,2026-08-16,2026-05-18,90,1,146,0.1520,FORECAST
FLIGHT,UA7207-YRI-XLV-84584022,POP,YVR,FI4111,2026-08-03,2025-08-18,350,29,184,0.6301,ACTUAL
FLIGHT,SO2486-QTQ-UUX-32253502,PUJ,YDF,FI4111,2026-07-12,2025-07-27,350,35,175,0.6527,TARGET
FLIGHT,WD3445-XKH-WFT-67737594,PUJ,YLW,FI4111,2026-07-25,2026-07-18,7,179,179,0.4797,TARGET
FLIGHT,WD3445-XKH-WFT-67737594,POP,YWG,FI4111,2026-07-22,2026-07-19,3,94,178,1.0215,TARGET
FLIGHT,VS114-BNL-UIP-65126749,PUJ,YEG,HR631,2026-09-21,2025-08-17,400,90,191,0.8787,TARGET
FLIGHT,NK158-EEW-GBT-47605967,POP,YFC,HR631,2026-07-14,2026-07-11,3,22,194,0.3467,ACTUAL
FLIGHT,QW701-KHX-SRV-74054191,PUJ,YOW,HR631,2026-08-11,2026-06-27,45,25,185,0.5755,ACTUAL
FLIGHT,BY128-ULI-VUS-97263150,PUJ,YKF,HR631,2026-09-07,2026-07-09,60,167,187,0.1999,FORECAST
FLIGHT,IV064-EXU-QFH-59848876,POP,EWR,HR631,2026-08-18,2026-03-21,150,7,176,0.7905,ACTUAL
FLIGHT,IV064-EXU-QFH-59848876,PUJ,YYC,HR631,2026-09-01,2026-06-03,90,28,175,0.2564,FORECAST
FLIGHT,TV186-JYQ-WJC-21234960,POP,YXE,HR631,2026-09-12,2026-09-09,3,12,194,0.9919,FORECAST
FLIGHT,HQ870-WKP-DNF-98475487,PUJ,YUL,HR631,2026-07-27,2026-03-29,120,144,188,0.1736,TARGET
FLIGHT,YK393-BHU-MCT-99326038,PUJ,YFC,HR631,2026-07-07,2026-02-07,150,50,155,0.2502,TARGET
FLIGHT,OC718-NKR-RAO-46120465,POP,YWG,HR631,2026-07-17,2025-03-04,500,39,187,0.1294,FORECAST
FLIGHT,OC718-NKR-RAO-46120465,PUJ,YHM,HR631,2026-08-08,2026-07-09,30,165,195,0.8113,ACTUAL
FLIGHT,UR793-PXB-YCF-33579377,PUJ,YYZ,HR631,2026-09-23,2026-09-20,3,118,179,0.0284,FORECAST
FLIGHT,VE922-HCX-TPX-89589320,PUJ,YQX,HR631,2026-09-22,2025-06-29,450,29,204,0.4925,FORECAST
FLIGHT,CZ089-ZQW-CAP-23227478,PUJ,YVR,HR631,2026-07-09,2025-04-15,450,60,192,0.4386,FORECAST
FLIGHT,EZ0473-AQO-RRO-52632284,PUJ,POP,RY9082,2026-08-22,2026-02-23,180,62,165,0.8316,TARGET
FLIGHT,JD3335-RUB-FVC-03770023,POP,YXE,RY9082,2026-09-18,2026-05-21,120,26,189,0.0727,TARGET
FLIGHT,VK7464-XHG-HBI-03058181,PUJ,YHM,RY9082,2026-08-24,2026-02-25,180,57,197,0.0776,TARGET
FLIGHT,LV8535-ANE-TEL-80994919,POP,YUL,RY9082,2026-07-16,2025-06-11,400,54,174,0.1517,FORECAST
FLIGHT,ER6122-IAU-VBB-25937581,POP,YVR,RY9082,2026-08-10,2025-07-06,400,107,184,0.9252,FORECAST
FLIGHT,HL1802-ZNJ-FDU-49288416,POP,YDF,RY9082,2026-09-04,2025-09-19,350,63,195,0.3522,ACTUAL
FLIGHT,HL1802-ZNJ-FDU-49288416,PUJ,YYZ,RY9082,2026-07-01,2025-04-07,450,59,179,0.3755,ACTUAL
FLIGHT,HL1802-ZNJ-FDU-49288416,PUJ,YDF,RY9082,2026-08-14,2026-06-15,60,67,99,0.1768,FORECAST
FLIGHT,XH4477-USF-PUT-69392055,PUJ,YWG,RY9082,2026-09-25,2026-04-28,150,51,190,0.5629,ACTUAL
FLIGHT,LA8238-EQU-RRD-61371958,PUJ,PUJ,RY9082,2026-09-19,2025-06-26,450,129,168,0.9212,ACTUAL
FLIGHT,GY8720-GFG-QHY-22704943,PUJ,YXS,RY9082,2026-08-29,2025-11-02,300,157,174,0.6666,FORECAST
FLIGHT,PU4909-SIV-IPC-81324062,PUJ,YLW,RY9082,2026-08-26,2026-08-12,14,26,185,0.5791,TARGET
FLIGHT,GJ8141-ULO-OVD-80749223,PUJ,YWG,RY9082,2026-08-03,2025-08-18,350,171,187,0.3220,TARGET
FLIGHT,JY3537-DFD-JMH-07009583,POP,EWR,RY9082,2026-09-25,2026-01-18,250,162,162,0.9064,TARGET
FLIGHT,CG6191-NMO-HFZ-21775941,POP,YHM,RY9082,2026-08-24,2026-08-17,7,113,195,0.0000,ACTUAL
FLIGHT,KZ0094-OTV-IOY-92936166,PUJ,YQB,RY9082,2026-08-28,2025-07-24,400,24,186,0.1934,ACTUAL
FLIGHT,WG8389-BDC-OKE-82079077,PUJ,YXU,RY9082,2026-07-02,2025-07-17,350,15,204,0.0591,ACTUAL
FLIGHT,US8861-QFL-NWC-66402802,POP,YXU,RY9082,2026-07-22,2026-05-08,75,51,179,0.8626,TARGET
FLIGHT,NO9471-QTC-WNN-80731001,PUJ,YDF,YH9730,2026-09-15,2025-08-11,400,169,169,0.4527,FORECAST
FLIGHT,JS0711-HVN-INR-90688785,POP,YOW,YH9730,2026-09-20,2026-09-13,7,145,205,0.0578,ACTUAL
FLIGHT,RA3912-UZO-ZPT-05387518,POP,YFC,YH9730,2026-09-23,2026-08-09,45,68,182,0.0855,ACTUAL
FLIGHT,RA3912-UZO-ZPT-05387518,PUJ,YQX,YH9730,2026-09-07,2026-08-24,14,1,192,0.9274,FORECAST
FLIGHT,WT5342-SOU-BHS-77338004,POP,YVR,YH9730,2026-08-24,2026-02-25,180,169,178,0.8997,TARGET
FLIGHT,MD5667-WRV-KTO-13411292,PUJ,YQT,QM3455,2026-09-10,2026-02-22,200,6,62,0.9243,ACTUAL
FLIGHT,PG0881-KHA-FSH-33677052,POP,YYC,QM3455,2026-09-19,2026-08-29,21,56,212,0.6898,ACTUAL
FLIGHT,EW5888-ZIY-UYW-04162742,PUJ,YOW,QM3455,2026-08-20,2026-04-22,120,29,181,0.1967,FORECAST
FLIGHT,ED2115-JUI-JUQ-50246101,PUJ,YUL,QM3455,2026-08-18,2025-04-05,500,17,187,0.9127,TARGET
FLIGHT,MR1071-HPP-VSX-73095146,PUJ,YQB,QM3455,2026-09-30,2026-07-17,75,138,167,0.7867,TARGET
FLIGHT,LY3139-WPY-QGO-47669377,PUJ,YYZ,QM3455,2026-08-04,2026-03-07,150,5,181,0.6246,ACTUAL
FLIGHT,XP2424-FPQ-JZW-12876128,PUJ,YXE,QM3455,2026-09-14,2026-03-18,180,118,195,0.4936,FORECAST
FLIGHT,QI8106-FIO-CML-69386512,POP,YQX,QM3455,2026-09-29,2025-07-06,450,147,176,0.1570,TARGET
FLIGHT,LT5240-KBB-IKZ-10666058,PUJ,YKF,QM3455,2026-07-26,2026-05-12,75,106,182,0.2319,FORECAST
FLIGHT,LT5240-KBB-IKZ-10666058,POP,YQX,QM3455,2026-08-18,2026-08-11,7,103,153,0.0000,TARGET
FLIGHT,XY1538-HHM-MYU-44934743,POP,YQR,SP0415,2026-07-08,2025-06-03,400,105,183,0.9175,TARGET
FLIGHT,BH4267-RXY-IZK-66115568,POP,YYT,SP0415,2026-07-16,2025-07-31,350,13,171,0.3583,TARGET
FLIGHT,UC6096-JVB-LOQ-76601782,PUJ,YBG,SP0415,2026-09-21,2026-07-23,60,10,174,0.1087,ACTUAL
FLIGHT,AD9969-ZSJ-MLZ-21745658,POP,YQM,SP0415,2026-09-04,2025-09-19,350,154,174,0.1063,FORECAST
FLIGHT,SW8843-ZRN-RJJ-38068414,POP,YYT,SP0415,2026-09-29,2025-07-06,450,43,175,0.1789,ACTUAL
FLIGHT,SW8843-ZRN-RJJ-38068414,PUJ,YKF,SP0415,2026-08-25,2025-10-29,300,47,179,0.2234,FORECAST
FLIGHT,PG1968-FJG-NSQ-12006789,POP,POP,SP0415,2026-09-13,2025-06-20,450,0,183,0.2579,TARGET
FLIGHT,XY4541-ZMI-MAP-15006652,POP,YXS,SP0415,2026-09-06,2026-04-09,150,12,181,0.6648,TARGET
FLIGHT,JJ1756-NMC-TMF-13239295,PUJ,YXU,SP0415,2026-07-28,2026-06-13,45,181,214,0.1425,TARGET
FLIGHT,IR5195-IIF-VHG-44025885,POP,YKF,FK6982,2026-08-02,2025-10-06,300,108,182,0.1541,FORECAST
FLIGHT,ZK1088-TEU-DOD-08748531,PUJ,YWG,FK6982,2026-08-03,2026-05-20,75,12,190,0.1184,ACTUAL
FLIGHT,QY8176-RHL-GEI-78110162,POP,YEG,FK6982,2026-09-09,2026-03-13,180,82,185,0.4821,TARGET
FLIGHT,TD9070-UII-KDT-64923066,POP,YYC,FK6982,2026-08-23,2026-06-24,60,4,196,0.3879,TARGET
FLIGHT,CZ9017-UIZ-QJF-52467193,POP,POP,FK6982,2026-08-30,2026-08-27,3,84,166,0.9414,FORECAST
FLIGHT,JC6322-QKL-NHH-66023521,POP,YEG,FK6982,2026-09-13,2026-08-14,30,29,187,1.0483,FORECAST
FLIGHT,AL8147-USN-VBW-56233094,PUJ,YXS,FK6982,2026-07-31,2025-08-15,350,90,178,0.1398,TARGET
FLIGHT,HN0438-PEJ-HAR-84860641,PUJ,YHM,FK6982,2026-08-06,2026-05-08,90,66,175,0.5179,FORECAST
FLIGHT,JJ2509-VMS-GHY-75790155,POP,YYT,FK6982,2026-08-14,2026-07-31,14,29,173,0.0563,TARGET
FLIGHT,PB4768-BTR-LMR-35051834,PUJ,YQT,FK6982,2026-08-29,2026-08-08,21,64,195,0.1963,ACTUAL
FLIGHT,PB4768-BTR-LMR-35051834,PUJ,YYZ,FK6982,2026-07-24,2026-07-21,3,104,104,0.9982,FORECAST
FLIGHT,PO3904-LKU-JGN-23319312,POP,YLW,FK6982,2026-09-24,2026-08-10,45,28,195,0.6509,FORECAST
FLIGHT,ZQ1968-YOA-WNM-68843316,POP,YQB,FK6982,2026-08-25,2025-09-09,350,1,177,0.4192,FORECAST
FLIGHT,ZP4219-IBV-XJP-89136716,POP,YLW,AA5674,2026-07-25,2026-01-26,180,98,174,0.9319,ACTUAL
FLIGHT,CU6849-VQU-XST-12638279,POP,PUJ,AA5674,2026-07-20,2026-03-22,120,18,155,0.4006,ACTUAL
FLIGHT,CU6849-VQU-XST-12638279,POP,YLW,AA5674,2026-08-23,2026-08-23,0,165,193,0.6854,FORECAST
FLIGHT,ZO286-IEC-YGN-01714722,POP,YXU,PS289,2026-08-21,2025-05-28,450,0,175,0.2258,FORECAST
FLIGHT,WD990-UTO-SRZ-96591311,PUJ,YFC,PS289,2026-09-16,2026-03-20,180,0,191,0.1216,ACTUAL
FLIGHT,RP087-QXC-KOI-91671656,POP,YFC,PS289,2026-09-20,2026-08-30,21,38,158,0.0594,ACTUAL
FLIGHT,UG0545-AZZ-REP-59868581,POP,YXU,TA8733,2026-09-30,2026-09-09,21,121,163,0.3566,FORECAST
FLIGHT,GT7180-CEX-BMG-35759979,PUJ,POP,TA8733,2026-08-30,2025-09-14,350,56,164,0.9278,FORECAST
FLIGHT,GT7180-CEX-BMG-35759979,POP,YYT,TA8733,2026-09-06,2026-08-30,7,44,174,0.5995,FORECAST
FLIGHT,GW2442-DJM-DAA-49835900,POP,YXU,TA8733,2026-07-21,2026-06-21,30,85,200,0.2297,FORECAST
FLIGHT,KC4811-DJN-RPF-61173702,PUJ,YVR,TA8733,2026-09-15,2026-04-18,150,12,180,0.9334,ACTUAL
FLIGHT,DG1243-IWV-MMW-62913621,PUJ,YXU,TA8733,2026-07-22,2025-08-06,350,70,171,0.9300,ACTUAL
FLIGHT,QX3868-XZM-CEG-58790507,POP,YXU,TA8733,2026-08-12,2025-12-05,250,86,182,0.9262,FORECAST
FLIGHT,QX3868-XZM-CEG-58790507,PUJ,YYT,TA8733,2026-09-20,2026-09-06,14,166,179,0.3800,ACTUAL
FLIGHT,ZG0907-ESI-VVQ-56366673,POP,YDF,TA8733,2026-09-09,2026-06-26,75,49,189,0.0000,TARGET
FLIGHT,DG9628-MHG-RSO-54701121,POP,YQT,TA8733,2026-09-21,2026-07-08,75,158,170,0.2900,FORECAST
FLIGHT,DG9628-MHG-RSO-54701121,POP,YYZ,TA8733,2026-07-05,2026-02-05,150,59,184,0.5018,FORECAST
FLIGHT,XT6040-FRV-OJJ-77064813,PUJ,YVR,TA8733,2026-09-16,2026-09-13,3,148,184,0.0371,TARGET
FLIGHT,HK7829-SZE-IXJ-23506884,PUJ,YVR,TA8733,2026-07-01,2025-07-16,350,18,198,0.2514,FORECAST
FLIGHT,TE9478-VVP-ILZ-45603186,POP,YQM,TA8733,2026-07-09,2025-02-24,500,7,179,0.4843,FORECAST
FLIGHT,TE9478-VVP-ILZ-45603186,POP,YFC,TA8733,2026-08-08,2026-05-10,90,0,177,0.0149,TARGET
FLIGHT,OP1959-CUD-TXS-41364477,PUJ,YHZ,TA8733,2026-07-30,2026-01-31,180,81,198,0.0878,FORECAST
FLIGHT,OP1959-CUD-TXS-41364477,PUJ,YXS,TA8733,2026-09-15,2026-07-02,75,32,168,0.2058,FORECAST
FLIGHT,KD8370-JOB-WFG-71250682,PUJ,YYZ,TA8733,2026-07-23,2025-11-15,250,4,182,0.1609,FORECAST
FLIGHT,DX2035-QDY-HYT-79519624,POP,YQR,TA8733,2026-08-24,2025-10-28,300,44,187,0.1511,TARGET
FLIGHT,DX2035-QDY-HYT-79519624,PUJ,YVR,TA8733,2026-09-26,2026-03-30,180,151,195,0.8501,FORECAST
FLIGHT,OF7460-AHJ-CAY-58828703,POP,YQM,TA8733,2026-08-14,2025-12-07,250,160,170,0.3948,TARGET
FLIGHT,LC7199-IVX-WSO-45009706,PUJ,YXU,TA8733,2026-07-14,2026-07-11,3,33,180,0.0508,FORECAST
FLIGHT,TA4389-YGK-HDO-32461552,PUJ,YXS,TA8733,2026-07-12,2026-07-12,0,74,192,0.9831,ACTUAL
FLIGHT,UF7383-XUT-NZQ-85606945,POP,YQX,TA8733,2026-08-04,2026-08-01,3,89,186,0.9057,TARGET
FLIGHT,LC4620-AAR-QRX-87641437,PUJ,YYC,TA8733,2026-08-18,2025-05-25,450,170,170,0.8140,FORECAST
FLIGHT,RC0732-ONW-CSV-90377731,POP,YOW,TA8733,2026-08-16,2026-06-17,60,26,177,0.1309,FORECAST
FLIGHT,DA2537-VKS-HGK-85151494,PUJ,YFC,TS7699,2026-07-02,2025-12-14,200,97,178,0.1060,TARGET
FLIGHT,EX0660-LVY-QAW-85690289,PUJ,YQX,TS7699,2026-09-12,2026-08-13,30,180,207,0.9115,ACTUAL
FLIGHT,OE2696-YMO-HIT-58601500,PUJ,YHZ,TS7699,2026-08-27,2026-08-20,7,107,187,0.4557,FORECAST
FLIGHT,OE2696-YMO-HIT-58601500,PUJ,PUJ,TS7699,2026-09-01,2026-05-04,120,134,168,0.1916,TARGET
FLIGHT,QL8549-CWJ-WML-16792127,PUJ,YXS,TS7699,2026-07-24,2025-06-19,400,36,166,0.0000,FORECAST
FLIGHT,FY6189-VCE-JCK-21219338,POP,YQM,ZS6814,2026-07-21,2026-05-07,75,108,176,0.8095,ACTUAL
FLIGHT,OG0060-ZHU-FZQ-97957377,POP,YQX,ZS6814,2026-09-01,2025-12-25,250,170,190,0.0861,ACTUAL
FLIGHT,IS4133-ASQ-IXK-52255494,POP,YYT,ZS6814,2026-07-31,2025-05-07,450,76,180,0.2377,TARGET
FLIGHT,WW9082-XDG-XLX-22111189,POP,POP,ZS6814,2026-07-25,2026-01-06,200,6,188,0.1828,FORECAST
FLIGHT,IA2235-SNA-MLQ-55229509,POP,EWR,UW3816,2026-07-28,2025-11-20,250,43,169,0.9485,FORECAST
FLIGHT,GC0785-PPQ-WRJ-62054201,PUJ,YXE,UW3816,2026-08-18,2026-04-20,120,42,184,0.8101,FORECAST
FLIGHT,CQ6682-PFM-HXJ-01881497,POP,YYT,UW3816,2026-09-12,2026-04-15,150,186,187,0.0951,FORECAST
FLIGHT,MU8354-PHO-JKO-14727479,PUJ,YUL,UW3816,2026-09-16,2026-09-09,7,164,188,0.1354,FORECAST
FLIGHT,XF139-SUV-EWR-58142735,POP,YVR,XN910,2026-07-24,2026-07-21,3,9,183,0.7384,ACTUAL
FLIGHT,XF139-SUV-EWR-58142735,POP,YFC,XN910,2026-07-02,2025-05-28,400,87,190,0.9205,TARGET
FLIGHT,XF139-SUV-EWR-58142735,POP,YYZ,XN910,2026-08-01,2026-05-03,90,118,118,0.5995,ACTUAL
FLIGHT,AM8688-PRN-DSF-02285404,POP,YXE,OW6432,2026-08-28,2026-07-29,30,20,201,0.1727,TARGET
FLIGHT,IQ1906-AJK-UXT-82781470,POP,POP,OW6432,2026-07-08,2026-07-01,7,38,185,0.8890,TARGET
FLIGHT,KV6497-VDP-ESD-26981533,POP,YXE,OW6432,2026-08-30,2025-04-17,500,39,180,0.0184,ACTUAL
FLIGHT,IL3384-GAT-UEN-97883310,PUJ,EWR,OW6432,2026-07-19,2026-05-20,60,144,194,0.4856,ACTUAL
FLIGHT,SJ4228-HET-USK-87427963,PUJ,YQR,OW6432,2026-08-25,2026-05-27,90,29,178,0.1841,TARGET
FLIGHT,QV1059-YFL-DFD-18946231,PUJ,YOW,OW6432,2026-08-16,2026-07-02,45,87,197,0.8095,FORECAST
FLIGHT,CN6556-HUN-HAB-43359015,POP,PUJ,OW6432,2026-08-25,2026-08-04,21,109,176,0.7053,FORECAST
FLIGHT,XV9625-YPO-IWD-61656657,PUJ,POP,OW6432,2026-07-11,2025-06-06,400,41,182,0.0046,TARGET
FLIGHT,PD9217-HNM-XKN-67390607,POP,YQR,OW6432,2026-07-20,2026-03-22,120,67,189,0.8843,FORECAST
FLIGHT,IR261-JZQ-UCA-99578183,PUJ,YHZ,CE840,2026-09-20,2026-07-22,60,75,75,0.8594,FORECAST
FLIGHT,IR261-JZQ-UCA-99578183,PUJ,YBG,CE840,2026-08-09,2026-07-19,21,76,84,0.1494,ACTUAL
FLIGHT,ZJ416-CMM-UUV-13063548,PUJ,YQR,CE840,2026-08-29,2026-08-22,7,151,154,0.3812,ACTUAL
FLIGHT,IG162-TFG-XKM-21343357,PUJ,YUL,CE840,2026-09-30,2026-01-23,250,36,205,0.2770,FORECAST
FLIGHT,CY205-PJT-ECH-86068289,POP,YUL,CE840,2026-08-30,2025-11-03,300,62,171,0.4473,TARGET
FLIGHT,PA096-BRS-NOJ-43593457,POP,YKF,CE840,2026-07-08,2026-06-17,21,119,184,1.0154,FORECAST
FLIGHT,CN156-GHM-ANV-10132312,PUJ,YQT,CE840,2026-09-18,2025-11-22,300,184,184,0.7401,TARGET
FLIGHT,AG42B-MEQ-XTK-80424851,PUJ,YFC,EE44D,2026-09-07,2026-08-31,7,111,178,0.8199,TARGET
FLIGHT,AG42B-MEQ-XTK-80424851,POP,YQR,EE44D,2026-08-08,2026-03-11,150,16,161,0.3359,TARGET
FLIGHT,FL8249-DJR-ARO-45921893,PUJ,YQM,MG1424,2026-09-07,2025-12-31,250,144,189,0.0750,ACTUAL
FLIGHT,PT9844-WWD-RVL-19968327,PUJ,POP,MG1424,2026-07-04,2026-03-06,120,139,169,0.2221,ACTUAL
FLIGHT,QA4732-PZF-EIG-75811625,POP,YUL,MG1424,2026-07-04,2026-04-05,90,11,178,0.1792,TARGET
FLIGHT,YC5891-QUN-EHT-37840871,POP,YQM,MG1424,2026-07-10,2026-01-11,180,39,206,0.0585,TARGET
FLIGHT,NQ5900-GOA-RNC-46391027,PUJ,YEG,MG1424,2026-09-24,2026-09-24,0,25,190,0.9367,ACTUAL
FLIGHT,XL6292-MMS-FHM-20134214,POP,YXU,MG1424,2026-08-22,2026-08-08,14,196,196,0.1722,FORECAST
FLIGHT,GY2882-UYH-TFW-75413870,POP,YXE,MG1424,2026-08-25,2026-08-04,21,167,167,0.1128,FORECAST
FLIGHT,BZ2499-DIV-DAW-71787896,PUJ,YKF,MG1424,2026-08-12,2026-01-24,200,128,165,0.5412,TARGET
FLIGHT,MS5143-NTF-BBS-12585340,POP,YQB,MG1424,2026-09-20,2026-09-17,3,0,173,0.0652,ACTUAL
FLIGHT,IT0603-KNU-ZFO-06105009,POP,YVR,HR2244,2026-09-23,2026-03-07,200,129,168,0.8785,FORECAST
FLIGHT,DP1953-OER-DOP-40898847,PUJ,YVR,HR2244,2026-07-29,2026-04-30,90,65,79,0.3756,TARGET
FLIGHT,SO5311-LXJ-KXC-64339828,PUJ,YDF,HR2244,2026-08-12,2026-06-13,60,112,164,0.2380,TARGET
FLIGHT,SO5311-LXJ-KXC-64339828,POP,YXU,HR2244,2026-07-26,2025-09-29,300,25,171,0.1869,FORECAST
FLIGHT,RH6700-SOI-DRR-68287571,POP,YQT,HR2244,2026-09-12,2026-08-22,21,65,202,0.0704,TARGET
FLIGHT,SV8872-UYV-GBV-75578616,PUJ,YVR,HR2244,2026-07-30,2026-07-09,21,148,165,0.7276,FORECAST
FLIGHT,PF9836-YCS-UJW-10282963,PUJ,EWR,HR2244,2026-09-18,2025-05-06,500,143,198,0.0839,TARGET
FLIGHT,XY8026-JYT-UXE-80315122,POP,YHM,HR2244,2026-07-20,2026-01-21,180,194,195,0.0626,TARGET
FLIGHT,JF0307-GWX-LHR-68281597,PUJ,YXU,HR2244,2026-08-05,2026-07-29,7,121,176,0.3335,TARGET
FLIGHT,JF0307-GWX-LHR-68281597,POP,YBG,HR2244,2026-07-23,2026-07-02,21,146,180,0.1172,ACTUAL
FLIGHT,RA0786-DNT-ABQ-53475507,POP,YYZ,HR2244,2026-08-02,2025-10-06,300,186,186,0.5974,ACTUAL
FLIGHT,RA0786-DNT-ABQ-53475507,PUJ,YBG,HR2244,2026-08-26,2026-04-28,120,33,215,0.7837,ACTUAL
FLIGHT,LD9813-RHG-IWT-41552992,PUJ,YQT,HR2244,2026-08-30,2026-08-27,3,122,146,0.1739,TARGET
FLIGHT,OO7713-LRT-TUN-16001311,POP,YXS,HR2244,2026-09-16,2026-09-09,7,85,180,0.8892,TARGET
FLIGHT,BY7725-RJB-ZBT-06250946,PUJ,YLW,HR2244,2026-09-09,2026-09-06,3,42,175,0.3609,TARGET
FLIGHT,WM6050-NQS-AZF-55288973,POP,YWG,HR2244,2026-08-30,2026-02-11,200,67,174,0.8786,TARGET
FLIGHT,IS3917-RFN-IBZ-83444340,PUJ,YQB,FS5153,2026-07-08,2025-12-20,200,10,167,0.8091,ACTUAL
FLIGHT,SA3818-NYQ-GFB-07386543,PUJ,EWR,FS5153,2026-08-28,2025-09-12,350,0,171,0.7253,ACTUAL
FLIGHT,NN6565-RIB-JFU-91037497,PUJ,YOW,FS5153,2026-09-04,2026-02-16,200,68,179,0.0543,TARGET
FLIGHT,NN6565-RIB-JFU-91037497,POP,YYT,FS5153,2026-08-22,2026-02-03,200,120,185,0.2075,TARGET
FLIGHT,ON7220-PZC-YUC-35033668,POP,YHM,FS5153,2026-09-11,2026-01-04,250,141,191,0.4574,ACTUAL
FLIGHT,OD9554-SYN-RIP-27604128,PUJ,YVR,FS5153,2026-08-12,2025-03-30,500,56,190,0.8294,TARGET
FLIGHT,VO218-LBR-EEM-16340546,POP,YQT,XK787,2026-09-01,2026-09-01,0,156,198,0.3315,TARGET
FLIGHT,XH260-YVV-GFE-27561758,POP,YBG,XK787,2026-09-05,2026-04-08,150,166,178,0.1235,FORECAST
FLIGHT,IL549-JJI-XJE-97372683,PUJ,YUL,XK787,2026-08-06,2025-07-02,400,62,193,0.7952,TARGET
FLIGHT,IL549-JJI-XJE-97372683,POP,YYT,XK787,2026-07-16,2026-06-16,30,23,179,0.4788,ACTUAL
FLIGHT,TG116-KGD-ENI-56967570,POP,YOW,XK787,2026-09-11,2025-09-26,350,133,189,0.8356,ACTUAL
FLIGHT,LP171-LTU-CUR-33335625,PUJ,YEG,XK787,2026-07-06,2026-06-29,7,190,191,0.8051,FORECAST
FLIGHT,KA135-YRJ-DYY-03411373,PUJ,YVR,XK787,2026-09-24,2025-11-28,300,21,214,0.8904,FORECAST
FLIGHT,UG835-ASH-EOL-32969486,POP,YXU,XK787,2026-07-05,2026-06-28,7,96,202,0.7929,ACTUAL
FLIGHT,GV201-HXY-AMK-33239691,PUJ,YWG,XK787,2026-07-31,2026-05-17,75,151,187,0.7848,ACTUAL
FLIGHT,FF600-QQY-RJV-39134973,POP,YDF,XK787,2026-07-14,2025-06-09,400,81,173,0.8683,FORECAST
FLIGHT,DA538-QQU-VTH-12904428,PUJ,YOW,XK787,2026-07-03,2026-06-12,21,26,165,0.6200,TARGET
FLIGHT,PM2332-YOL-BSV-44483174,PUJ,YYT,RJ1024,2026-08-01,2026-06-17,45,128,196,0.3261,ACTUAL
FLIGHT,JH9889-GWS-AHW-16964668,PUJ,YHZ,RJ1024,2026-07-03,2026-06-26,7,105,105,0.7277,TARGET
FLIGHT,LG2388-JBS-TKL-50627181,POP,YQT,LR9913,2026-09-29,2026-09-15,14,64,186,0.0853,FORECAST
FLIGHT,UG60M-EAG-PNB-20707373,POP,EWR,EE44D,2026-08-19,2025-10-23,300,42,187,0.4410,ACTUAL
FLIGHT,MN80H-CNT-UON-07904660,PUJ,YYC,EE44D,2026-08-05,2026-08-02,3,51,190,0.7468,TARGET
FLIGHT,IA91W-YMC-NSG-13336345,POP,POP,EE44D,2026-08-11,2025-07-07,400,70,188,0.6574,TARGET
FLIGHT,JU07W-SIS-DOU-90608125,PUJ,PUJ,EE44D,2026-09-21,2026-04-24,150,22,169,0.3319,FORECAST
FLIGHT,OB60E-WTQ-XFE-48971470,PUJ,PUJ,EE44D,2026-09-16,2026-09-09,7,53,196,0.2087,TARGET
FLIGHT,OB60E-WTQ-XFE-48971470,POP,YQM,EE44D,2026-07-23,2026-01-24,180,11,182,0.7191,ACTUAL
FLIGHT,JZ70U-JWR-NVA-16561246,POP,YBG,EE44D,2026-08-29,2026-08-29,0,95,162,0.6440,ACTUAL
FLIGHT,JZ70U-JWR-NVA-16561246,PUJ,YQT,EE44D,2026-07-05,2026-01-06,180,38,176,0.8577,TARGET
FLIGHT,EQ47J-MSP-QLD-36819480,PUJ,YQT,EE44D,2026-08-10,2025-10-14,300,105,144,0.9185,FORECAST
FLIGHT,DD21F-TBL-QQX-84193626,POP,PUJ,EE44D,2026-09-11,2026-09-08,3,145,180,0.3783,TARGET
FLIGHT,DD21F-TBL-QQX-84193626,PUJ,YHZ,EE44D,2026-07-10,2026-03-12,120,0,183,0.8319,FORECAST
FLIGHT,ED93R-KFE-FTG-11423115,PUJ,YVR,EE44D,2026-08-25,2026-07-26,30,198,198,0.1709,ACTUAL
FLIGHT,GR7884-GCA-OJS-14876427,PUJ,YLW,MR5145,2026-07-10,2025-06-05,400,163,182,0.0519,FORECAST
FLIGHT,GR7884-GCA-OJS-14876427,POP,YQT,MR5145,2026-08-31,2026-02-12,200,82,174,0.4714,TARGET
FLIGHT,BC1628-ACY-NRZ-07328197,POP,YEG,MR5145,2026-09-13,2026-04-16,150,148,179,0.2316,TARGET
FLIGHT,BC1628-ACY-NRZ-07328197,PUJ,YFC,MR5145,2026-07-25,2026-01-26,180,0,176,0.1818,TARGET
FLIGHT,BA4492-FSI-NZR-97616611,PUJ,YQT,MR5145,2026-08-02,2025-05-09,450,53,181,0.8696,FORECAST
FLIGHT,PT5963-QVJ-KHK-46819662,POP,YQB,MR5145,2026-09-30,2025-12-04,300,51,178,0.9149,FORECAST
FLIGHT,VZ2491-CYN-STH-47877629,PUJ,PUJ,MR5145,2026-07-11,2026-06-27,14,35,193,0.6303,ACTUAL
FLIGHT,PI6793-AWO-EDY-78219279,POP,YQT,MR5145,2026-07-13,2026-04-29,75,19,176,0.8486,TARGET
FLIGHT,PI6793-AWO-EDY-78219279,PUJ,YYT,MR5145,2026-07-27,2026-05-13,75,0,154,0.2649,FORECAST
FLIGHT,ZP9084-RCK-WFP-71152750,POP,PUJ,MR5145,2026-07-14,2026-01-15,180,28,186,0.3029,TARGET
FLIGHT,OD9796-ZTO-QCM-26671416,PUJ,YHZ,MR5145,2026-07-23,2025-08-07,350,137,171,0.9476,TARGET
FLIGHT,YP8125-TQH-GWS-91979368,POP,YXU,MR5145,2026-07-13,2026-06-13,30,173,179,0.9155,FORECAST
FLIGHT,GU6326-FHP-KAK-43226027,POP,YYC,MR5145,2026-08-13,2026-07-30,14,103,194,0.3919,TARGET
FLIGHT,FN6243-IWX-XDO-81480896,PUJ,YOW,MR5145,2026-09-09,2026-03-13,180,76,76,0.4831,TARGET
FLIGHT,OB9319-CXF-WCE-59535324,POP,YLW,MR5145,2026-09-30,2026-08-31,30,6,160,0.1585,FORECAST
FLIGHT,ZJ1111-UEA-CLB-26155427,PUJ,YDF,MR5145,2026-09-26,2025-08-22,400,59,195,0.5153,ACTUAL
FLIGHT,DZ2096-TQY-MBB-77571555,POP,YHZ,MR5145,2026-09-12,2026-09-05,7,35,166,0.8368,TARGET
FLIGHT,XD0315-HAQ-OZB-33024677,POP,YEG,MR5145,2026-08-28,2026-04-30,120,124,189,0.5275,ACTUAL
FLIGHT,ST6722-JYQ-KLD-57034349,PUJ,YYZ,MR5145,2026-07-27,2025-11-19,250,145,180,0.0675,FORECAST
FLIGHT,IU7440-BBK-IVH-12226492,POP,YOW,MR5145,2026-07-12,2026-07-05,7,49,187,0.0000,TARGET
FLIGHT,IU7440-BBK-IVH-12226492,POP,EWR,MR5145,2026-09-27,2026-09-06,21,131,182,0.4369,ACTUAL
FLIGHT,HE7244-YVU-VLB-38934764,POP,YUL,MR5145,2026-09-01,2026-07-03,60,182,183,0.0545,ACTUAL
FLIGHT,FV9077-FNT-ELF-32099662,POP,YQX,MR5145,2026-08-20,2026-07-30,21,181,197,0.1230,FORECAST
FLIGHT,EP2485-STH-CPQ-58787340,POP,YXU,MR5145,2026-07-16,2025-11-08,250,40,207,0.4756,TARGET
FLIGHT,YG6303-WTE-QLQ-67436048,PUJ,YYZ,MR5145,2026-08-07,2026-01-19,200,72,206,0.8944,ACTUAL
FLIGHT,SN7307-IMZ-ZRX-63864610,PUJ,YQM,MR5145,2026-07-14,2025-09-17,300,37,181,0.9270,FORECAST
FLIGHT,XO8127-OTI-TDP-65589882,PUJ,YUL,MR5145,2026-08-30,2026-08-09,21,62,143,0.8550,TARGET
FLIGHT,UB8392-VEN-HZX-03078371,POP,YFC,MR5145,2026-08-04,2026-06-20,45,25,160,0.3522,ACTUAL
FLIGHT,XD5308-ZAZ-JBF-76177812,POP,YQT,MR5145,2026-07-18,2026-07-15,3,130,182,0.4251,FORECAST
FLIGHT,GK0214-FCA-MUD-14106455,POP,YQR,MR5145,2026-07-22,2026-07-01,21,158,190,0.2700,ACTUAL
FLIGHT,YD6188-AJY-YCD-21261090,POP,YKF,MR5145,2026-09-10,2026-07-27,45,78,175,0.1054,ACTUAL
FLIGHT,CV8973-XGW-UFJ-71525899,PUJ,YXU,MR5145,2026-07-03,2026-06-03,30,82,144,0.1414,FORECAST
FLIGHT,TW6739-BGD-YMS-72818858,POP,YFC,MR5145,2026-08-16,2026-06-02,75,171,361,0.7199,FORECAST
FLIGHT,WO5897-BCK-WWX-42270955,POP,YHZ,MR5145,2026-08-26,2025-09-10,350,76,164,0.8107,FORECAST
FLIGHT,HU0912-WPX-BZO-36620627,POP,YYT,MR5145,2026-08-06,2025-11-29,250,157,184,0.4987,TARGET
FLIGHT,KV5530-XVI-APZ-43938727,PUJ,YYC,MR5145,2026-09-21,2026-06-23,90,151,180,0.4593,ACTUAL
FLIGHT,YB5887-ZAI-TXC-93187323,POP,YUL,MR5145,2026-07-05,2026-07-05,0,143,165,0.3177,TARGET
FLIGHT,NP4642-FOG-BBN-36470487,POP,YYZ,MR5145,2026-09-12,2026-08-29,14,32,211,0.5745,TARGET
FLIGHT,PY9938-AIY-OZB-13037604,POP,YHZ,MR5145,2026-08-28,2026-02-09,200,139,200,0.2222,TARGET
FLIGHT,SD9179-SOA-ZKO-97310802,POP,PUJ,MR5145,2026-07-27,2026-06-27,30,45,182,0.7763,ACTUAL
FLIGHT,PX1362-FKL-PQJ-19032221,POP,YVR,MR5145,2026-07-08,2025-09-11,300,25,181,0.8221,FORECAST
FLIGHT,ZH4565-CHS-VAP-26745339,POP,YQR,MR5145,2026-08-06,2026-06-22,45,181,181,0.8959,ACTUAL
FLIGHT,DZ7810-YLE-JUK-03578354,PUJ,YDF,MR5145,2026-07-20,2025-09-23,300,34,181,0.9353,TARGET
FLIGHT,TR4315-FFP-WTC-10746550,PUJ,YBG,MR5145,2026-07-08,2026-07-01,7,163,199,0.0422,FORECAST
FLIGHT,ML3020-ANR-XMZ-52320420,PUJ,YHZ,MR5145,2026-07-10,2026-02-10,150,91,190,0.2674,ACTUAL
FLIGHT,UJ2247-AIF-QJQ-50136724,POP,YQB,MR5145,2026-09-18,2026-08-28,21,86,179,0.2179,FORECAST
FLIGHT,MK9544-BRR-RQK-03721930,PUJ,YFC,MR5145,2026-07-02,2026-06-18,14,47,191,0.3275,FORECAST
FLIGHT,JH2215-YMH-ZJG-97682523,POP,YDF,MR5145,2026-08-26,2026-08-19,7,168,199,0.1199,TARGET
FLIGHT,JH2215-YMH-ZJG-97682523,PUJ,YQR,MR5145,2026-08-12,2026-05-29,75,18,182,0.1679,FORECAST
FLIGHT,HL0654-CGZ-SAP-44329792,POP,YHZ,MR5145,2026-07-28,2026-07-25,3,0,174,0.8365,TARGET
FLIGHT,WY0222-DYE-HVX-70322888,PUJ,YQB,MR5145,2026-08-14,2026-07-24,21,141,172,0.9522,TARGET
FLIGHT,TX7026-ABU-LEB-61084106,POP,YBG,MR5145,2026-08-13,2026-07-30,14,150,190,0.0583,ACTUAL
FLIGHT,LH9563-SIV-RPJ-22434909,PUJ,YOW,MR5145,2026-09-26,2026-09-23,3,5,162,0.9729,FORECAST
FLIGHT,PS6675-QCW-GJH-44776236,POP,YXE,MR5145,2026-07-23,2025-09-26,300,92,184,0.4811,FORECAST
FLIGHT,BI9506-ZUT-FLC-91155652,POP,YXS,MR5145,2026-07-06,2025-10-29,250,58,181,0.7577,FORECAST
FLIGHT,HS5027-RMV-FVM-31413503,POP,YLW,MR5145,2026-07-19,2025-06-14,400,160,193,0.8362,ACTUAL
FLIGHT,WT7851-JCF-ACC-90677368,POP,YKF,MR5145,2026-08-24,2026-06-10,75,86,153,0.1620,ACTUAL
FLIGHT,KF3747-NDD-KKR-49738400,PUJ,YFC,MR5145,2026-09-01,2025-06-08,450,42,197,0.5584,FORECAST
FLIGHT,QD1052-CFI-AVP-66786198,PUJ,YYT,MR5145,2026-07-23,2025-03-10,500,61,191,0.6667,FORECAST
FLIGHT,CB7773-ULH-HSN-41441275,POP,YEG,MR5145,2026-09-06,2026-09-06,0,62,196,0.4973,ACTUAL
FLIGHT,PS8802-OYE-BTT-35251209,POP,YWG,MR5145,2026-09-02,2026-05-05,120,160,160,0.0203,ACTUAL
FLIGHT,ME8419-IIO-JMT-05792321,PUJ,PUJ,MR5145,2026-08-16,2025-12-09,250,66,188,0.8782,TARGET
FLIGHT,VI0197-GDC-CYF-02722163,POP,YBG,MR5145,2026-09-25,2026-06-27,90,45,119,0.3010,FORECAST
FLIGHT,CP4199-HRS-EVO-33409586,POP,YUL,MR5145,2026-07-05,2026-02-05,150,186,193,0.3637,TARGET
FLIGHT,GW2650-TAD-FQC-84893645,PUJ,YBG,MR5145,2026-09-07,2026-06-24,75,82,205,0.3906,TARGET
FLIGHT,KA0987-FMI-NEO-16752059,PUJ,YHM,MR5145,2026-09-03,2026-08-04,30,172,185,0.2297,FORECAST
FLIGHT,EN3528-REQ-AVV-82314302,PUJ,YHM,MR5145,2026-08-28,2026-06-29,60,63,190,0.4230,FORECAST
FLIGHT,PD6946-XOY-LNR-92924768,PUJ,YQB,MR5145,2026-08-28,2026-03-01,180,42,187,0.4593,FORECAST
FLIGHT,PD6946-XOY-LNR-92924768,PUJ,YWG,MR5145,2026-09-05,2025-08-01,400,8,175,0.1356,TARGET
FLIGHT,OW9180-LKZ-IPB-06887302,PUJ,YQR,MR5145,2026-08-07,2026-07-31,7,4,173,0.7971,ACTUAL
FLIGHT,OP4881-NQE-AIG-28127731,PUJ,YXE,MR5145,2026-08-02,2026-07-26,7,30,174,0.1530,ACTUAL
FLIGHT,EU6511-RKW-QBF-02315218,POP,YFC,MR5145,2026-09-28,2025-08-24,400,177,177,0.4074,FORECAST
FLIGHT,OW7296-EES-FHX-46718446,POP,YBG,MR5145,2026-08-23,2026-05-25,90,15,178,0.7517,ACTUAL
FLIGHT,OZ6699-XLG-LSM-07124084,PUJ,YXU,MR5145,2026-09-26,2025-08-22,400,18,192,0.0485,TARGET
FLIGHT,OZ6699-XLG-LSM-07124084,PUJ,YYZ,MR5145,2026-08-01,2026-05-03,90,165,191,0.4107,FORECAST
FLIGHT,KB7975-YEF-COQ-06677481,PUJ,YOW,MR5145,2026-08-10,2026-08-07,3,160,187,0.1679,TARGET
FLIGHT,JO9227-VZB-CSE-46759579,POP,PUJ,MR5145,2026-09-12,2026-09-05,7,131,188,0.1333,TARGET
FLIGHT,UM3371-WCT-GKD-70871650,POP,YQB,MR5145,2026-07-24,2026-07-17,7,28,179,0.8206,FORECAST
FLIGHT,RN5066-ADC-MLK-86511503,POP,YXU,MR5145,2026-07-18,2026-05-19,60,0,137,0.8523,FORECAST
FLIGHT,GG4335-VYO-QJH-70118033,POP,YFC,MR5145,2026-07-04,2025-09-07,300,59,159,0.9370,TARGET
FLIGHT,UB4295-MAG-AYE-93095872,PUJ,YQR,MR5145,2026-08-18,2026-08-15,3,70,165,0.5412,FORECAST
FLIGHT,WF3143-QPJ-JHP-30535962,PUJ,YHZ,MR5145,2026-08-03,2026-01-15,200,177,192,0.8334,ACTUAL
FLIGHT,PN3009-PMY-HYU-25273976,POP,EWR,MR5145,2026-09-06,2026-06-23,75,0,199,0.2862,FORECAST
FLIGHT,PY4881-HSD-IEA-37569414,PUJ,YUL,MR5145,2026-07-02,2026-07-02,0,157,223,0.9608,FORECAST
FLIGHT,HC4013-SQR-PWR-42953371,POP,YEG,MR5145,2026-08-18,2025-12-11,250,119,183,0.7004,ACTUAL
FLIGHT,VL9402-XZC-NSR-06813563,PUJ,YYC,MR5145,2026-07-09,2026-01-10,180,167,206,0.0605,FORECAST
FLIGHT,FC5825-IYK-XYV-14343825,PUJ,YQX,MR5145,2026-07-16,2026-05-02,75,107,198,0.3732,TARGET
FLIGHT,YZ9971-PQN-XFL-61563688,POP,YBG,MR5145,2026-07-22,2025-06-17,400,12,167,0.1106,FORECAST
FLIGHT,DC2706-XZJ-KJP-83990497,POP,YWG,MR5145,2026-08-29,2026-05-01,120,165,165,0.0468,ACTUAL
FLIGHT,SX2600-LJE-RNG-57408851,POP,YFC,MR5145,2026-07-24,2026-07-10,14,138,191,0.9430,FORECAST
FLIGHT,AM3105-TUX-YLA-76140486,PUJ,YXE,MR5145,2026-07-16,2026-01-17,180,146,175,0.0509,ACTUAL
FLIGHT,DI9892-DVM-RLA-98947939,POP,YOW,MR5145,2026-08-01,2026-02-02,180,0,188,0.1192,ACTUAL
FLIGHT,DI9892-DVM-RLA-98947939,PUJ,YQX,MR5145,2026-08-14,2026-08-11,3,97,177,0.3549,ACTUAL
FLIGHT,QU3646-TAU-NUD-09603382,PUJ,YQR,MR5145,2026-07-17,2026-06-17,30,31,191,0.1507,FORECAST
FLIGHT,WX7500-GQC-ZXJ-04388015,POP,YQX,MR5145,2026-07-10,2025-06-05,400,142,175,0.4725,ACTUAL
FLIGHT,HB1527-PGO-JWR-11844878,PUJ,POP,MR5145,2026-07-22,2026-05-23,60,21,181,0.1002,ACTUAL
FLIGHT,KO3130-FFZ-AHO-35405334,POP,YLW,MR5145,2026-07-07,2026-06-23,14,172,202,0.9358,TARGET
FLIGHT,KT1748-USB-TFG-93604470,POP,YDF,MR5145,2026-07-03,2025-07-18,350,112,186,0.7910,ACTUAL
FLIGHT,LC6961-GPA-HIA-84978531,PUJ,YLW,MR5145,2026-07-27,2025-06-22,400,167,205,0.2175,ACTUAL
FLIGHT,RA6209-VKZ-EXY-79586072,PUJ,YUL,MR5145,2026-08-12,2025-05-19,450,59,197,0.2357,TARGET
FLIGHT,BU9886-ZNM-CVD-87007498,POP,YUL,MR5145,2026-09-20,2026-07-22,60,151,179,0.5768,TARGET
FLIGHT,AP1846-NAT-AHW-51490333,POP,YXS,MR5145,2026-07-25,2026-06-25,30,79,157,0.3132,ACTUAL
FLIGHT,DH9360-ZLW-PEX-07311567,PUJ,YHM,MR5145,2026-07-08,2026-05-09,60,154,171,0.2039,TARGET
FLIGHT,DH9360-ZLW-PEX-07311567,POP,PUJ,MR5145,2026-09-17,2026-09-17,0,69,213,0.6559,ACTUAL
FLIGHT,QO9426-GVJ-AXL-47551569,PUJ,YXU,MR5145,2026-09-25,2026-05-28,120,37,197,0.8834,FORECAST
FLIGHT,WA1982-POU-ZDO-95678587,POP,YBG,MR5145,2026-08-27,2026-08-06,21,10,173,0.2659,FORECAST
FLIGHT,TL1139-CVZ-FEE-76158425,POP,POP,MR5145,2026-07-17,2026-04-18,90,32,198,0.6432,FORECAST
FLIGHT,WC1874-FFH-DRK-83132975,POP,YUL,MR5145,2026-09-19,2025-08-15,400,14,149,0.5650,ACTUAL
FLIGHT,HZ8384-MBO-JSC-69815556,PUJ,YEG,MR5145,2026-07-31,2026-01-12,200,167,167,0.3898,TARGET
FLIGHT,HZ8384-MBO-JSC-69815556,PUJ,YQM,MR5145,2026-09-17,2026-07-19,60,147,161,1.0060,FORECAST
FLIGHT,DG9604-PUK-YDU-04242584,PUJ,YQR,MR5145,2026-08-11,2026-06-12,60,120,178,0.0556,FORECAST
FLIGHT,GO0193-MHT-YXT-86514364,PUJ,POP,MR5145,2026-07-07,2026-07-07,0,51,183,0.4753,TARGET
FLIGHT,GO0193-MHT-YXT-86514364,POP,YHZ,MR5145,2026-07-21,2026-02-21,150,25,177,0.4842,ACTUAL
FLIGHT,XP9740-UPZ-NQL-64492559,POP,YQT,MR5145,2026-07-09,2026-06-09,30,20,184,0.2380,FORECAST
FLIGHT,HH4886-SKJ-NRB-02209764,POP,YYZ,MR5145,2026-07-10,2025-06-05,400,153,174,0.8498,TARGET
FLIGHT,RW3437-AHO-KFM-96857539,PUJ,YXS,MR5145,2026-08-28,2025-11-01,300,49,177,0.3325,ACTUAL
FLIGHT,CM9139-IMR-ZTH-32766163,PUJ,YHZ,MR5145,2026-08-24,2025-10-28,300,47,198,0.9368,FORECAST
FLIGHT,ZG2460-UMH-TQD-80855420,PUJ,YQT,MR5145,2026-09-27,2026-03-31,180,78,179,0.9564,TARGET
FLIGHT,BB5723-SLG-FOS-18233167,PUJ,YHM,MR5145,2026-07-29,2026-07-26,3,41,155,0.7239,FORECAST
FLIGHT,HL2156-BEG-VUF-47468792,PUJ,POP,MR5145,2026-09-13,2025-09-28,350,87,173,0.9155,ACTUAL
FLIGHT,UC3893-HCG-QNG-49235249,POP,YVR,MR5145,2026-09-02,2025-06-09,450,14,158,0.0635,TARGET
FLIGHT,QS1148-ECT-SZD-20624418,POP,YYC,MR5145,2026-07-18,2026-06-18,30,162,162,0.9646,FORECAST
FLIGHT,AM6446-LCK-ODP-92300288,PUJ,PUJ,MR5145,2026-09-01,2026-07-03,60,78,147,0.4852,ACTUAL
FLIGHT,PS7934-QKT-NGL-72231526,PUJ,YDF,MR5145,2026-08-14,2026-06-15,60,55,181,0.2953,FORECAST
FLIGHT,BL7948-CKO-KQD-00154475,PUJ,YQT,MR5145,2026-07-18,2025-04-24,450,96,184,0.5552,ACTUAL
FLIGHT,CF4573-PVS-WRI-80020328,POP,YQR,MR5145,2026-09-01,2026-08-18,14,54,168,0.0712,FORECAST
FLIGHT,PU0789-MWC-PQX-32250915,POP,YYC,MR5145,2026-08-21,2026-03-24,150,78,171,0.8802,TARGET
FLIGHT,XW8832-BTS-UCE-42348390,PUJ,YXS,MR5145,2026-08-06,2026-08-03,3,66,160,0.0798,TARGET
FLIGHT,XN1845-MWW-PEO-85730239,PUJ,YQM,MR5145,2026-09-09,2026-06-26,75,146,154,0.9282,TARGET
FLIGHT,JD5176-YHQ-NCR-90854030,PUJ,YQT,MR5145,2026-08-25,2026-08-11,14,75,187,0.7761,ACTUAL
FLIGHT,MW0793-SCA-LDL-07108165,PUJ,YFC,MR5145,2026-08-06,2026-08-03,3,10,194,0.1110,ACTUAL
FLIGHT,GY8999-NQA-DFW-66993005,POP,YFC,MR5145,2026-09-28,2026-08-29,30,48,168,0.2587,FORECAST
FLIGHT,AE9133-EEP-NAG-92191658,POP,YQB,MR5145,2026-09-11,2026-09-11,0,100,201,0.0536,TARGET
FLIGHT,YB6438-LZK-XCE-99866318,POP,YYC,MR5145,2026-09-25,2025-07-02,450,4,171,0.9086,ACTUAL
FLIGHT,VA5830-TOM-SAZ-46350773,POP,YBG,MR5145,2026-07-28,2026-03-30,120,174,174,0.8812,ACTUAL
FLIGHT,XD8859-HOO-LHG-59409533,PUJ,YEG,MR5145,2026-07-20,2025-04-26,450,107,198,0.9738,ACTUAL
FLIGHT,XD8859-HOO-LHG-59409533,PUJ,PUJ,MR5145,2026-07-22,2026-05-08,75,149,207,0.4251,ACTUAL
FLIGHT,KI7127-RAZ-MMI-48567868,POP,YQB,MR5145,2026-09-03,2025-09-18,350,112,185,0.1736,FORECAST
FLIGHT,ZX7055-JLN-WKD-54142386,POP,YQM,MR5145,2026-09-01,2026-08-25,7,0,192,0.3494,FORECAST
FLIGHT,FB2976-HOO-KLL-79431936,POP,YBG,MR5145,2026-08-19,2026-06-05,75,155,160,0.2783,ACTUAL
FLIGHT,FB2976-HOO-KLL-79431936,POP,YDF,MR5145,2026-07-09,2026-07-09,0,48,192,0.8788,ACTUAL
FLIGHT,XM2071-GQS-IPV-78540794,PUJ,YYT,MR5145,2026-08-04,2026-03-07,150,14,201,0.8858,TARGET
FLIGHT,AA8044-GLX-RHK-10067076,PUJ,YOW,MR5145,2026-08-10,2026-07-11,30,90,194,0.2168,TARGET
FLIGHT,LZ5220-KGZ-RJQ-03025157,PUJ,YLW,MR5145,2026-09-11,2026-09-11,0,40,195,0.6267,FORECAST
FLIGHT,DW9761-PIG-EZN-41722551,POP,YYZ,MR5145,2026-09-06,2026-02-18,200,138,177,0.2741,TARGET
FLIGHT,BN0771-ROF-ZTP-03450588,PUJ,PUJ,MR5145,2026-09-08,2025-08-04,400,127,186,0.5066,ACTUAL
FLIGHT,XF0244-MVY-SJU-39742257,POP,POP,MR5145,2026-08-03,2026-07-04,30,45,177,0.9053,FORECAST
FLIGHT,CS3868-YFE-MOF-35611943,PUJ,YYZ,MR5145,2026-08-14,2026-08-11,3,18,202,0.8427,TARGET
FLIGHT,ND4756-ESO-RRE-35531844,PUJ,YXU,MR5145,2026-09-13,2025-06-20,450,15,178,0.3549,TARGET
FLIGHT,PO1086-TML-IBM-50023564,PUJ,YYT,MR5145,2026-08-08,2026-05-10,90,102,177,0.8688,ACTUAL
FLIGHT,KA3509-AUP-RYM-11407670,POP,YEG,MR5145,2026-08-05,2026-05-22,75,77,174,0.9379,FORECAST
FLIGHT,IO6219-RSX-HXR-35930168,POP,YEG,MR5145,2026-08-15,2026-07-01,45,3,187,0.7379,FORECAST
FLIGHT,GJ2875-UMO-GWD-10176602,POP,YUL,MR5145,2026-09-24,2026-08-25,30,106,166,0.3574,ACTUAL
FLIGHT,DG1158-FKB-RJZ-34211218,POP,YFC,MR5145,2026-09-05,2026-08-29,7,126,187,0.2350,TARGET
FLIGHT,SW5432-WIJ-WGX-92207810,PUJ,YQM,MR5145,2026-07-04,2026-07-01,3,183,196,0.3417,TARGET
FLIGHT,DW5130-AMG-JBS-61299262,POP,POP,MR5145,2026-09-01,2026-07-18,45,162,175,0.6165,TARGET
FLIGHT,VZ3618-YDL-OSO-76423788,PUJ,YFC,MR5145,2026-08-08,2026-05-10,90,146,165,0.8567,FORECAST
FLIGHT,VZ3618-YDL-OSO-76423788,POP,YLW,MR5145,2026-07-21,2026-07-18,3,144,172,0.0865,TARGET
FLIGHT,FS0011-WFZ-ITH-41582212,POP,YHZ,MR5145,2026-09-27,2026-08-13,45,60,169,0.5332,TARGET
FLIGHT,KM1400-RXD-JVL-28606892,PUJ,YKF,MR5145,2026-07-27,2026-02-27,150,85,203,0.3101,TARGET
FLIGHT,AK6605-WSS-SXX-32197465,POP,YYC,MR5145,2026-07-22,2026-07-19,3,35,193,0.5635,FORECAST
FLIGHT,AK6605-WSS-SXX-32197465,PUJ,YHM,MR5145,2026-07-09,2026-02-09,150,26,155,0.2004,FORECAST
FLIGHT,MG8256-TBF-YQO-61976813,PUJ,YXE,MR5145,2026-09-24,2026-08-10,45,72,162,0.2938,ACTUAL
FLIGHT,BV9727-HFU-QLL-77974840,PUJ,YFC,MR5145,2026-09-30,2026-07-02,90,23,194,0.1476,ACTUAL
FLIGHT,NP1917-JFL-CQV-69756671,POP,EWR,MR5145,2026-08-13,2026-08-06,7,139,192,0.3808,TARGET
FLIGHT,DQ2606-WBY-MQF-17976467,PUJ,YYC,MR5145,2026-08-11,2025-07-07,400,81,163,0.8278,ACTUAL
FLIGHT,FH2663-WIL-MJK-04079425,PUJ,YDF,MR5145,2026-08-19,2025-10-23,300,70,171,0.2949,TARGET
FLIGHT,VK6826-RYC-YIV-15501457,POP,YEG,MR5145,2026-09-24,2025-11-28,300,161,189,0.2936,TARGET
FLIGHT,FL3525-HOA-TJE-06599954,POP,YYZ,MR5145,2026-08-19,2026-07-20,30,136,170,0.2770,TARGET
FLIGHT,KK4538-RFE-HUX-40917089,POP,YXS,MR5145,2026-08-04,2025-11-27,250,0,172,0.1761,FORECAST
FLIGHT,KP4382-NPQ-ERF-75987680,PUJ,YQR,MR5145,2026-09-01,2026-06-03,90,24,181,0.0006,TARGET
FLIGHT,OX2701-RSD-GQR-72172836,POP,YHM,MW9338,2026-07-17,2025-04-23,450,141,166,0.4016,FORECAST
FLIGHT,NY1399-SZF-GEG-98744512,POP,YXE,MW9338,2026-07-26,2025-03-13,500,159,179,0.7561,ACTUAL
FLIGHT,EO6078-NNA-OWM-44207077,POP,POP,MW9338,2026-08-02,2026-08-02,0,17,179,0.0000,ACTUAL
FLIGHT,DH5992-XHH-CFR-99851186,PUJ,YQT,MW9338,2026-07-02,2025-09-05,300,41,212,0.8253,FORECAST
FLIGHT,MW7465-KAL-OKV-19434254,PUJ,YVR,MW9338,2026-07-19,2025-11-11,250,101,181,0.8784,ACTUAL
FLIGHT,CR9857-TDV-OFC-48688238,POP,YQT,MW9338,2026-08-29,2026-08-29,0,20,191,0.4242,FORECAST
FLIGHT,CR9857-TDV-OFC-48688238,PUJ,YXU,MW9338,2026-08-17,2025-12-10,250,111,168,0.6267,ACTUAL
FLIGHT,QT3725-SLN-DMX-89837501,PUJ,YQB,MW9338,2026-07-30,2025-05-06,450,146,175,0.0791,ACTUAL
FLIGHT,PF3754-GKJ-PPR-01526074,POP,YHM,MW9338,2026-07-03,2026-01-04,180,43,189,0.2059,FORECAST
FLIGHT,RM9935-QQG-SPX-84791665,PUJ,YHM,MW9338,2026-09-05,2026-03-09,180,30,205,0.2563,ACTUAL
FLIGHT,OJ8986-EEA-NRN-73643894,POP,YDF,MW9338,2026-09-12,2026-03-16,180,21,175,0.0156,ACTUAL
FLIGHT,LC7477-YYF-HVJ-36664798,POP,YQR,MW9338,2026-08-28,2025-09-12,350,150,150,0.3468,FORECAST
FLIGHT,QX2476-TAU-FSA-27699904,POP,PUJ,MW9338,2026-07-30,2026-07-09,21,147,192,0.3478,TARGET
FLIGHT,FR2103-RQP-QDK-14178926,PUJ,YQT,MW9338,2026-07-15,2026-05-01,75,175,209,0.6982,ACTUAL
FLIGHT,PK4496-GFI-EJM-60472948,POP,YKF,MW9338,2026-07-21,2026-03-23,120,3,185,0.1079,TARGET
FLIGHT,WP6841-QYD-NEX-82613624,PUJ,YDF,MW9338,2026-08-27,2026-08-13,14,40,184,0.0000,FORECAST
FLIGHT,HU4191-OVU-GWY-95932954,PUJ,PUJ,MW9338,2026-09-05,2025-09-20,350,9,194,0.8608,TARGET
FLIGHT,IX0554-YUM-HVE-18270062,PUJ,YDF,MW9338,2026-09-25,2025-08-21,400,159,182,0.0170,ACTUAL
FLIGHT,MV2867-JGH-GWT-89852588,PUJ,YXS,MW9338,2026-09-06,2026-05-09,120,69,181,0.6505,ACTUAL
FLIGHT,MV2867-JGH-GWT-89852588,PUJ,YYC,MW9338,2026-08-19,2026-08-16,3,4,180,0.2342,TARGET
FLIGHT,FU6219-OYW-HDJ-57265425,POP,YHZ,MW9338,2026-07-13,2025-02-28,500,94,179,0.4444,TARGET
FLIGHT,UY8030-MVD-LJP-10578703,POP,YXS,MW9338,2026-07-09,2026-06-09,30,176,176,0.8910,FORECAST
FLIGHT,AN3287-TQR-CYL-94560695,POP,YVR,MW9338,2026-07-08,2026-06-17,21,38,193,0.1712,FORECAST
FLIGHT,SP0124-VIE-WGM-02567322,POP,YKF,MW9338,2026-09-09,2026-01-02,250,29,165,0.2949,FORECAST
FLIGHT,HA4714-FPE-XZA-51395414,POP,YVR,MW9338,2026-08-13,2025-03-31,500,0,191,0.2071,TARGET
FLIGHT,XR6251-GOP-EPM-90555908,POP,YHM,MW9338,2026-07-10,2025-06-05,400,180,210,0.8811,FORECAST
FLIGHT,TP6812-OQQ-QWT-01226995,POP,YEG,MW9338,2026-08-11,2026-08-04,7,0,187,0.6230,FORECAST
FLIGHT,TP6812-OQQ-QWT-01226995,POP,YOW,MW9338,2026-09-20,2026-01-13,250,155,187,0.2409,FORECAST
FLIGHT,ZU9590-PAB-TOJ-07339735,POP,YFC,MW9338,2026-07-29,2025-10-02,300,57,171,1.0161,TARGET
FLIGHT,DY0909-GVG-CQN-83985914,PUJ,YQM,MW9338,2026-07-03,2025-04-09,450,38,200,0.0526,ACTUAL
FLIGHT,DY0909-GVG-CQN-83985914,PUJ,YDF,MW9338,2026-09-15,2026-04-18,150,149,184,0.2287,TARGET
FLIGHT,PH2189-YUL-DIU-19734860,PUJ,YQM,MW9338,2026-08-27,2026-08-27,0,106,169,0.1536,FORECAST
FLIGHT,PW9001-ZUG-RZW-85978719,POP,YQT,MW9338,2026-09-11,2026-04-14,150,137,172,0.0907,FORECAST
FLIGHT,OV9389-EMT-IQC-33529540,PUJ,EWR,MW9338,2026-07-08,2026-03-10,120,127,192,0.7369,ACTUAL
FLIGHT,YZ9367-IBQ-UNL-60022957,PUJ,YEG,KM3143,2026-07-05,2026-07-05,0,150,187,0.8316,FORECAST
FLIGHT,SC4394-EYB-OIQ-01559720,POP,PUJ,KM3143,2026-08-21,2025-09-05,350,3,181,0.0729,FORECAST
FLIGHT,LM5227-CTE-XNU-80750096,PUJ,EWR,KM3143,2026-09-11,2026-02-23,200,15,186,0.7835,ACTUAL
FLIGHT,VT9172-GKF-RXR-15136992,POP,YQT,KM3143,2026-08-03,2026-07-31,3,99,179,0.8255,TARGET
FLIGHT,CN3888-YHF-QTT-71057549,PUJ,YYC,KM3143,2026-08-11,2025-07-07,400,63,182,0.6927,TARGET
FLIGHT,RZ1118-ATR-CNN-08989112,PUJ,YYC,KM3143,2026-08-12,2026-05-29,75,85,156,0.2653,ACTUAL
FLIGHT,QD4714-HRV-JBD-15403359,PUJ,YOW,KM3143,2026-09-21,2026-09-21,0,138,187,0.3345,ACTUAL
FLIGHT,RZ4723-QOZ-JQJ-89369802,PUJ,YLW,OO0143,2026-09-14,2026-09-07,7,184,206,0.8953,TARGET
FLIGHT,RZ4723-QOZ-JQJ-89369802,POP,YHM,OO0143,2026-08-20,2026-04-22,120,164,198,0.9360,TARGET
FLIGHT,ZV3011-HEM-HHT-88684966,PUJ,YYC,OO0143,2026-08-30,2025-06-06,450,59,182,0.1290,FORECAST
FLIGHT,QJ0144-XUT-PSB-57358054,POP,YDF,OO0143,2026-09-17,2026-01-10,250,0,181,0.0591,ACTUAL
FLIGHT,QJ0144-XUT-PSB-57358054,POP,EWR,OO0143,2026-07-23,2026-02-23,150,138,179,0.1811,ACTUAL
FLIGHT,DN3189-WFO-LBY-06921539,PUJ,YKF,OO0143,2026-09-15,2026-07-02,75,0,182,0.8313,FORECAST
FLIGHT,UA0506-WPW-WJY-81798903,PUJ,YQX,OO0143,2026-08-22,2026-08-19,3,40,176,0.1577,ACTUAL
FLIGHT,AT9449-KOC-RCG-41029061,POP,YFC,OO0143,2026-08-29,2026-07-15,45,149,162,0.6615,FORECAST
FLIGHT,KV4960-VMN-BOW-66471243,POP,YQM,OO0143,2026-09-29,2026-07-01,90,81,179,0.2687,FORECAST
FLIGHT,TK9278-HWX-HFR-59683451,POP,YQX,OO0143,2026-09-26,2026-07-13,75,156,182,0.1147,ACTUAL
FLIGHT,CN1065-CKU-DGQ-22262936,POP,YKF,OO0143,2026-07-13,2025-07-28,350,27,186,0.0528,FORECAST
FLIGHT,VA0128-BRL-YXK-17294889,PUJ,YXU,OO0143,2026-08-08,2025-10-12,300,152,183,0.4926,FORECAST
FLIGHT,VA0128-BRL-YXK-17294889,POP,PUJ,OO0143,2026-07-30,2026-07-27,3,171,171,0.8740,TARGET
FLIGHT,VF7506-WHV-NFE-98225053,PUJ,YFC,OO0143,2026-08-30,2026-08-27,3,153,171,0.5247,TARGET
FLIGHT,QM5312-GKR-IQW-42094184,PUJ,YHZ,OO0143,2026-07-28,2025-08-12,350,25,192,0.2211,ACTUAL
FLIGHT,FW1180-QYY-UYF-93807438,PUJ,EWR,OO0143,2026-08-02,2026-08-02,0,0,182,0.6543,ACTUAL
FLIGHT,MC0727-OVX-RWW-76597324,PUJ,YQR,OO0143,2026-07-09,2025-09-12,300,59,174,0.2597,ACTUAL
FLIGHT,RJ0004-LGJ-JIM-22792817,POP,YXU,OO0143,2026-08-21,2025-04-08,500,78,204,0.1269,ACTUAL
FLIGHT,RP6941-HAA-QZY-71062359,POP,YEG,OO0143,2026-07-12,2026-02-12,150,154,193,0.4412,TARGET
FLIGHT,RP6941-HAA-QZY-71062359,POP,YWG,OO0143,2026-09-16,2026-09-13,3,87,87,0.2360,ACTUAL
FLIGHT,KC5624-TTH-XPE-99520430,POP,YKF,OO0143,2026-08-07,2026-07-24,14,48,186,0.5026,TARGET
FLIGHT,SV1881-TIB-LIQ-46529189,POP,PUJ,TI7269,2026-07-14,2026-04-30,75,99,160,0.9045,ACTUAL
FLIGHT,SV1881-TIB-LIQ-46529189,POP,YHZ,TI7269,2026-09-24,2026-08-10,45,73,168,1.0454,ACTUAL
FLIGHT,GL8058-GBO-MRE-05426024,POP,YLW,TI7269,2026-07-12,2026-07-12,0,116,361,0.4141,FORECAST
FLIGHT,BO0134-EZF-HKX-50440571,POP,YQX,TI7269,2026-09-06,2026-02-18,200,30,202,0.8162,FORECAST
FLIGHT,BV6208-UBE-ADU-10412588,POP,PUJ,TI7269,2026-09-11,2026-01-04,250,89,183,0.1388,TARGET
FLIGHT,BV6208-UBE-ADU-10412588,POP,YXU,TI7269,2026-08-07,2026-05-24,75,89,169,0.3017,ACTUAL
FLIGHT,BV6208-UBE-ADU-10412588,POP,YBG,TI7269,2026-09-30,2026-05-03,150,169,212,0.2599,TARGET
FLIGHT,NW0496-AEU-FKB-92011988,PUJ,YDF,TI7269,2026-08-21,2025-07-17,400,58,209,0.5224,FORECAST
FLIGHT,KK2617-EQY-WEP-02612592,POP,YLW,TI7269,2026-09-07,2026-07-09,60,105,197,0.1349,ACTUAL
FLIGHT,YO9760-IBF-ODR-30100849,PUJ,YHM,TI7269,2026-09-06,2026-04-09,150,115,200,0.8523,FORECAST
FLIGHT,YO9760-IBF-ODR-30100849,PUJ,YBG,TI7269,2026-07-23,2026-07-23,0,170,194,0.7528,ACTUAL
FLIGHT,KF4054-ZDN-RGY-31421472,PUJ,YOW,TI7269,2026-07-04,2026-06-13,21,47,184,0.4642,ACTUAL
FLIGHT,EA5892-AXX-PTA-42661367,POP,YYT,TI7269,2026-07-11,2025-06-06,400,170,179,0.4103,FORECAST
FLIGHT,EA5892-AXX-PTA-42661367,POP,YWG,TI7269,2026-09-02,2026-04-05,150,77,166,0.4144,ACTUAL
FLIGHT,NG4852-RKV-ETK-80312013,PUJ,YHZ,TI7269,2026-09-07,2025-06-14,450,140,164,0.1342,TARGET
FLIGHT,XF7968-KLY-SZM-52117780,POP,YWG,TI7269,2026-07-07,2026-05-08,60,162,162,0.6795,FORECAST
FLIGHT,XF7968-KLY-SZM-52117780,POP,YUL,TI7269,2026-07-31,2026-07-31,0,13,166,1.0511,TARGET
FLIGHT,HL3941-VUD-QYP-27429331,PUJ,YOW,TI7269,2026-09-27,2026-08-28,30,65,177,0.1903,FORECAST
FLIGHT,BR8557-MHI-DXW-62531640,POP,YFC,TI7269,2026-08-13,2025-03-31,500,9,174,0.0344,ACTUAL
FLIGHT,BR8557-MHI-DXW-62531640,PUJ,YVR,TI7269,2026-07-27,2026-07-13,14,0,170,0.5559,TARGET
FLIGHT,UF3739-GBX-ILW-74129860,POP,YBG,TI7269,2026-08-06,2026-05-23,75,84,179,0.7107,ACTUAL
FLIGHT,GL4836-NFK-HTM-71832395,PUJ,YLW,TI7269,2026-09-12,2025-04-30,500,35,158,0.1624,ACTUAL
FLIGHT,OE807-THW-JJZ-69690910,PUJ,YDF,VF588,2026-07-20,2025-08-04,350,15,178,0.3599,FORECAST
FLIGHT,FG193-OSX-UXX-80446007,PUJ,YDF,VF588,2026-07-19,2026-04-20,90,121,175,0.4425,TARGET
FLIGHT,SH016-DFP-TEJ-26281150,POP,POP,VF588,2026-09-04,2026-08-21,14,65,207,0.2209,FORECAST
FLIGHT,VS182-IYI-AIE-83242009,POP,YXU,VF588,2026-08-17,2026-07-03,45,154,173,0.1244,FORECAST
FLIGHT,KI108-ZJE-ZTO-96764263,POP,YQB,VF588,2026-07-27,2026-01-28,180,43,192,0.9521,ACTUAL
FLIGHT,XH313-FLN-FCF-74140551,PUJ,YQR,VF588,2026-08-13,2025-03-31,500,136,200,0.2777,TARGET
FLIGHT,AI648-VGV-OCK-30376317,POP,POP,VF588,2026-07-24,2026-06-24,30,89,174,0.9424,TARGET
FLIGHT,UE868-PWS-VPG-25989609,POP,YXU,VF588,2026-08-07,2026-04-09,120,119,169,0.6087,ACTUAL
FLIGHT,SZ394-PLR-LTQ-93443280,PUJ,YQB,VF588,2026-08-16,2026-06-17,60,142,164,0.6502,FORECAST
FLIGHT,YD940-TJL-COO-90171548,POP,YQM,VF588,2026-08-18,2026-08-04,14,98,188,0.4284,ACTUAL
FLIGHT,TK665-INJ-GTQ-99793070,POP,YYT,VF588,2026-09-07,2026-03-11,180,16,167,0.3545,FORECAST
FLIGHT,UK9053-OLZ-YUV-49904951,POP,YVR,EW7257,2026-08-18,2026-07-19,30,20,157,0.0418,TARGET
FLIGHT,YC4101-ART-XRO-26905947,POP,EWR,EW7257,2026-09-23,2026-08-24,30,29,171,0.8083,FORECAST
FLIGHT,ZV7274-BMJ-PZB-88704491,PUJ,YKF,EW7257,2026-08-09,2026-07-26,14,65,186,0.1620,TARGET
FLIGHT,BA0943-MKT-NXA-75454223,POP,YHM,EW7257,2026-08-22,2026-07-23,30,56,173,0.4079,ACTUAL
FLIGHT,KR4094-GBQ-SJH-66647054,PUJ,YFC,EW7257,2026-08-22,2025-07-18,400,129,174,0.2639,ACTUAL
FLIGHT,VP1996-DHY-WVV-06957071,POP,YQX,EW7257,2026-07-11,2025-06-06,400,56,197,0.7822,FORECAST
FLIGHT,LW1717-DDR-QEE-13172361,POP,POP,EW7257,2026-07-02,2026-05-03,60,14,195,0.0452,TARGET
FLIGHT,GE8000-YDT-KTJ-08749503,PUJ,YVR,EW7257,2026-09-14,2025-05-02,500,81,206,0.3309,FORECAST
FLIGHT,NR7041-ZDL-DNW-69553921,PUJ,YUL,EW7257,2026-07-31,2026-07-10,21,138,179,0.2546,TARGET
FLIGHT,RD1246-IVQ-VRB-78899070,POP,YFC,EW7257,2026-07-20,2025-03-07,500,99,99,0.0275,TARGET
FLIGHT,RD1246-IVQ-VRB-78899070,PUJ,YUL,EW7257,2026-09-12,2025-11-16,300,18,151,1.0088,FORECAST
FLIGHT,ZO7309-RHT-FFF-82102152,POP,YFC,EW7257,2026-09-04,2025-07-31,400,176,192,0.8788,ACTUAL
FLIGHT,ZO7309-RHT-FFF-82102152,PUJ,YXU,EW7257,2026-07-24,2026-04-25,90,119,178,0.7908,FORECAST
FLIGHT,BZ005-AYN-ODL-66368568,PUJ,YQM,CZ101,2026-09-05,2025-08-01,400,52,164,0.0385,ACTUAL
FLIGHT,QV010-SUT-TPY-34829045,POP,EWR,CZ101,2026-08-21,2025-07-17,400,66,167,0.0421,TARGET
FLIGHT,GP091-IJF-VUR-84583160,POP,YQT,CZ101,2026-07-28,2026-07-28,0,71,165,0.2030,FORECAST
FLIGHT,JT609-DGG-APO-26292875,PUJ,POP,CZ101,2026-07-30,2026-03-02,150,105,192,0.1879,TARGET
FLIGHT,WR589-GTP-ELD-08966417,POP,YFC,CZ101,2026-07-13,2026-07-10,3,67,186,1.0533,TARGET
FLIGHT,WR589-GTP-ELD-08966417,PUJ,YQR,CZ101,2026-08-15,2026-04-17,120,62,180,0.0967,FORECAST
FLIGHT,DT565-WIL-WYN-03566197,POP,YQM,CZ101,2026-07-21,2026-06-06,45,2,79,0.0000,ACTUAL
FLIGHT,DT565-WIL-WYN-03566197,PUJ,YOW,CZ101,2026-09-08,2026-04-11,150,68,179,0.0649,ACTUAL
FLIGHT,DF003-ELQ-UMM-37021698,PUJ,YYC,CZ101,2026-07-20,2025-08-04,350,153,188,0.9583,TARGET
FLIGHT,PD302-UPC-VLC-33269018,PUJ,YYC,CZ101,2026-07-19,2026-07-16,3,116,177,0.0192,FORECAST
FLIGHT,PD302-UPC-VLC-33269018,PUJ,YLW,CZ101,2026-09-01,2025-11-05,300,22,181,0.6034,FORECAST
FLIGHT,QK034-CGK-TBP-06715152,POP,EWR,CZ101,2026-09-15,2026-02-27,200,46,85,0.0325,TARGET
FLIGHT,LZ862-DPB-AQP-81329911,POP,YVR,CZ101,2026-07-10,2026-07-07,3,29,109,0.6970,FORECAST
FLIGHT,QM598-SRX-XXS-20858245,POP,YQT,CZ101,2026-07-28,2026-05-29,60,115,182,0.3439,FORECAST
FLIGHT,SN382-LZM-TOD-69917554,PUJ,YQT,CZ101,2026-08-25,2026-02-06,200,31,171,0.0748,ACTUAL
FLIGHT,GL466-GSA-OGQ-75656191,POP,POP,CZ101,2026-09-26,2026-09-05,21,19,170,0.7624,FORECAST
FLIGHT,GL466-GSA-OGQ-75656191,PUJ,YHM,CZ101,2026-07-14,2026-01-15,180,92,172,0.1122,TARGET
FLIGHT,CZ294-UUW-SAJ-01272419,PUJ,YWG,CZ101,2026-07-07,2026-04-23,75,21,177,0.4057,TARGET
FLIGHT,EH248-UII-IIB-51374887,PUJ,YQX,CZ101,2026-07-13,2026-05-29,45,152,194,0.3740,ACTUAL
FLIGHT,CA9093-GUX-YFA-76257316,POP,EWR,YJ2090,2026-07-06,2026-02-06,150,16,185,0.4375,FORECAST
FLIGHT,NJ8872-BMP-TOV-23842818,POP,EWR,YJ2090,2026-08-19,2026-01-31,200,144,165,0.0960,ACTUAL
FLIGHT,UJ6330-FSO-HSZ-95992740,POP,YXS,YJ2090,2026-07-07,2026-03-09,120,1,204,0.0679,ACTUAL
FLIGHT,PG3299-TMB-IHF-06112170,PUJ,EWR,YJ2090,2026-07-29,2025-05-05,450,188,192,0.3601,FORECAST
FLIGHT,PG3299-TMB-IHF-06112170,POP,YOW,YJ2090,2026-07-27,2025-06-22,400,41,193,0.8623,ACTUAL
FLIGHT,IY3796-YLA-RJG-37241749,POP,YWG,YJ2090,2026-09-25,2026-08-26,30,70,166,0.0861,TARGET
FLIGHT,HP4790-WRQ-PXW-68838491,POP,YWG,YJ2090,2026-08-18,2026-08-04,14,149,183,1.0360,ACTUAL
FLIGHT,AM7992-VQJ-MGS-55564226,PUJ,YHM,YJ2090,2026-08-05,2026-08-02,3,87,185,0.7123,ACTUAL
FLIGHT,XJ9051-LQJ-QQQ-25812027,PUJ,YHZ,YJ2090,2026-07-06,2026-01-07,180,16,172,0.2184,FORECAST
FLIGHT,FK8114-DNQ-SKB-65731328,POP,YYT,YJ2090,2026-09-26,2026-09-19,7,52,184,0.1006,FORECAST
FLIGHT,KC5529-OIU-EQM-67719023,PUJ,YKF,YJ2090,2026-08-08,2025-03-26,500,13,189,0.0851,ACTUAL
FLIGHT,GW6828-ZWO-QXZ-08970794,POP,YDF,YJ2090,2026-09-05,2025-08-01,400,171,171,0.7679,TARGET
FLIGHT,JU3236-FUT-QUF-59955114,POP,YHZ,QB7299,2026-08-06,2026-02-07,180,28,186,0.8624,FORECAST
FLIGHT,NC2199-SPW-LFL-47078835,PUJ,YXU,QB7299,2026-07-22,2026-04-23,90,67,188,0.6477,FORECAST
FLIGHT,BA3816-BMA-GEN-12443374,POP,YHM,QB7299,2026-07-18,2026-06-27,21,142,201,0.0690,TARGET
FLIGHT,IY0539-IOO-EUG-13336143,PUJ,YQR,QB7299,2026-09-26,2025-08-22,400,20,170,0.7230,FORECAST
FLIGHT,IY0539-IOO-EUG-13336143,POP,YOW,QB7299,2026-07-15,2026-07-12,3,45,159,0.1086,ACTUAL
FLIGHT,GG9309-BNU-LQU-22830094,POP,YDF,KJ6652,2026-07-22,2026-05-08,75,91,196,0.2507,FORECAST
FLIGHT,MH4818-NSL-KSU-61689149,POP,YDF,KJ6652,2026-08-13,2026-02-14,180,3,163,0.1171,FORECAST
FLIGHT,UJ4656-OBD-WNY-29988584,PUJ,YDF,KJ6652,2026-09-25,2026-03-09,200,26,166,0.0996,FORECAST
FLIGHT,HU4998-YKA-GBQ-38924490,POP,PUJ,KJ6652,2026-08-28,2026-03-31,150,9,186,0.3731,TARGET
FLIGHT,AT1542-FCR-ZJG-23074874,POP,YDF,KJ6652,2026-07-08,2026-07-01,7,178,182,0.0669,TARGET
FLIGHT,WX7108-MMS-YIO-93802839,PUJ,YQT,BX8549,2026-08-22,2025-04-09,500,0,211,0.1573,TARGET
FLIGHT,QV1107-GLL-FPQ-45127105,POP,YQB,BX8549,2026-08-28,2026-06-29,60,175,193,0.3374,ACTUAL
FLIGHT,TM8878-TTP-ZFZ-43724367,PUJ,POP,BX8549,2026-08-11,2026-06-12,60,30,166,0.1589,TARGET
FLIGHT,KE3563-ODA-VUW-89733561,POP,YHZ,BX8549,2026-09-12,2026-08-22,21,97,173,0.4157,TARGET
FLIGHT,KE3563-ODA-VUW-89733561,POP,YVR,BX8549,2026-08-22,2026-08-19,3,141,194,0.5305,FORECAST
FLIGHT,ZG0852-JPC-SLH-53077218,POP,YQX,BX8549,2026-09-04,2026-07-06,60,157,203,0.2944,ACTUAL
FLIGHT,OD6345-UZP-QIQ-39974135,PUJ,YQT,BX8549,2026-08-15,2026-04-17,120,161,172,0.1682,TARGET
FLIGHT,GR3645-VJW-REO-39548166,POP,YYC,BX8549,2026-07-06,2026-03-08,120,78,173,0.2197,TARGET
FLIGHT,UQ2124-BEG-QDI-04909873,PUJ,YBG,BX8549,2026-07-11,2025-11-03,250,75,150,0.9083,FORECAST
FLIGHT,VM8352-WJZ-DUK-07652335,PUJ,YYC,BX8549,2026-09-01,2026-02-13,200,143,179,0.9698,ACTUAL
FLIGHT,VM8352-WJZ-DUK-07652335,POP,YVR,BX8549,2026-07-21,2026-05-22,60,14,185,0.3724,TARGET
FLIGHT,ZE3792-QCI-WQB-22983587,POP,YQT,BX8549,2026-07-09,2026-06-25,14,0,164,0.7822,TARGET
FLIGHT,UC9010-OUN-EHP-85567123,PUJ,YOW,BX8549,2026-09-22,2026-01-15,250,17,71,0.1020,TARGET
FLIGHT,XF3388-ICY-BVC-79580495,PUJ,YKF,BX8549,2026-08-05,2026-05-22,75,145,197,0.3784,FORECAST
FLIGHT,NE321-OSD-IWV-01864357,POP,YXS,BK044,2026-09-20,2026-03-24,180,66,169,0.2056,ACTUAL
FLIGHT,CN170-ETP-YFP-20294554,POP,PUJ,BK044,2026-07-23,2025-09-26,300,49,200,0.3887,TARGET
FLIGHT,NS726-CIE-IJQ-39417572,POP,YXS,BK044,2026-07-18,2026-02-18,150,166,183,0.6668,TARGET
FLIGHT,TT319-ZFM-WJT-92898217,POP,YHM,BK044,2026-07-20,2025-08-04,350,97,189,0.6338,ACTUAL
FLIGHT,IY494-LTU-QMP-39211219,PUJ,YBG,BK044,2026-07-26,2026-05-12,75,181,193,0.5629,TARGET
FLIGHT,IY494-LTU-QMP-39211219,PUJ,YDF,BK044,2026-08-11,2025-08-26,350,48,157,0.6428,ACTUAL
FLIGHT,MC872-XAB-CAE-92718229,POP,YXE,BK044,2026-09-12,2026-05-15,120,134,178,0.7048,TARGET
FLIGHT,ZL496-SWI-IOD-07923595,PUJ,YVR,BK044,2026-07-07,2026-06-30,7,37,207,0.0298,TARGET
FLIGHT,DU084-ZND-OLS-26599387,POP,YQR,BK044,2026-08-06,2026-03-09,150,18,176,0.7139,TARGET
FLIGHT,ZE718-KZA-VQW-14635808,POP,YEG,BK044,2026-09-20,2026-04-23,150,92,92,0.2910,ACTUAL
FLIGHT,WP994-LBL-ZIW-95222498,POP,YQM,BK044,2026-08-12,2026-02-13,180,92,154,0.5723,TARGET
FLIGHT,SD370-KPU-DDY-32723566,PUJ,YDF,BK044,2026-07-03,2026-07-03,0,166,166,0.0833,TARGET
FLIGHT,FU578-GFX-CYX-68445655,PUJ,YXS,BK044,2026-08-27,2025-12-20,250,27,190,0.6839,ACTUAL
FLIGHT,EA124-QJJ-DOC-54439618,PUJ,YQM,BK044,2026-07-19,2025-06-14,400,90,90,0.0610,ACTUAL
FLIGHT,EA124-QJJ-DOC-54439618,PUJ,YQM,BK044,2026-07-18,2026-07-15,3,0,168,0.2364,TARGET
FLIGHT,EA124-QJJ-DOC-54439618,POP,YKF,BK044,2026-08-17,2026-07-03,45,98,183,0.0665,FORECAST
FLIGHT,FY764-EGV-GNS-39091472,PUJ,YLW,BK044,2026-08-29,2025-11-02,300,41,176,0.0822,ACTUAL
FLIGHT,AA809-CEL-OHP-82105673,PUJ,PUJ,WH968,2026-09-20,2026-08-21,30,81,176,0.4520,ACTUAL
FLIGHT,XH905-GFD-LWY-96360402,PUJ,YKF,WH968,2026-07-27,2026-07-13,14,94,185,0.8823,FORECAST
FLIGHT,OQ426-KSO-TQZ-43620171,POP,YXS,WH968,2026-08-07,2026-04-09,120,167,167,0.0195,TARGET
FLIGHT,JN979-LUK-THW-66545521,POP,YQM,WH968,2026-07-20,2026-04-21,90,23,190,0.5421,FORECAST
FLIGHT,QV085-SKJ-IQN-34871832,PUJ,YLW,WH968,2026-09-20,2025-08-16,400,52,195,0.8138,ACTUAL
FLIGHT,XW880-FIE-PIG-41842435,POP,YLW,WH968,2026-07-18,2026-04-19,90,154,179,0.7105,ACTUAL
FLIGHT,XA481-YZY-ZJR-53968318,PUJ,YQM,WH968,2026-09-14,2026-04-17,150,165,186,0.5202,ACTUAL
FLIGHT,OF625-UYP-NEE-97824891,POP,YXS,WH968,2026-08-04,2026-08-01,3,0,183,0.0960,FORECAST
FLIGHT,RE455-HWY-OFI-20092996,PUJ,YYT,WH968,2026-08-08,2026-08-08,0,110,179,0.8426,TARGET
FLIGHT,UU952-RAP-BPX-71881585,POP,YBG,WH968,2026-08-20,2025-12-13,250,139,208,0.9072,ACTUAL
FLIGHT,RW227-SWG-LME-55916543,POP,YEG,WH968,2026-07-12,2025-02-27,500,29,192,0.0000,FORECAST
FLIGHT,AD801-HVQ-UUB-52063572,POP,YQM,WH968,2026-08-19,2026-01-31,200,171,176,0.2642,ACTUAL
FLIGHT,JP227-NUI-HSC-17228375,PUJ,YQX,WH968,2026-07-17,2026-07-17,0,35,180,0.1162,TARGET
FLIGHT,RP261-TZN-SPX-16877541,POP,EWR,WH968,2026-09-09,2026-01-02,250,141,168,0.2375,TARGET
FLIGHT,WC935-GQK-QYE-40685889,PUJ,YYZ,WH968,2026-08-20,2026-07-21,30,85,206,0.5899,TARGET
FLIGHT,UG813-KYE-ZYI-62470217,PUJ,YLW,WH968,2026-09-17,2026-08-18,30,98,196,0.9409,TARGET
FLIGHT,ZO025-GRZ-WHV-69779109,POP,YQT,WH968,2026-08-16,2026-01-28,200,30,361,0.1324,ACTUAL
FLIGHT,ZO025-GRZ-WHV-69779109,PUJ,YYZ,WH968,2026-08-07,2026-05-09,90,16,195,0.7203,TARGET
FLIGHT,TF208-TMS-LQZ-25174914,PUJ,YBG,WH968,2026-08-17,2025-12-10,250,124,188,0.8509,FORECAST
FLIGHT,TF208-TMS-LQZ-25174914,PUJ,POP,WH968,2026-09-28,2026-09-28,0,110,110,0.0353,FORECAST
FLIGHT,VJ063-XQU-HJX-66117495,POP,YKF,WH968,2026-09-10,2026-09-10,0,58,195,0.1295,FORECAST
FLIGHT,OB532-NYQ-YMN-79016861,PUJ,YYT,RN010,2026-07-26,2026-01-07,200,83,179,0.8572,TARGET
FLIGHT,AC848-ILN-JUQ-03567611,PUJ,POP,RN010,2026-07-02,2026-06-18,14,55,186,0.5585,FORECAST
FLIGHT,OY314-HBT-YBX-20681836,PUJ,YQT,RN010,2026-09-28,2026-05-31,120,110,173,0.1847,ACTUAL
FLIGHT,YA273-XKR-XCB-79024756,PUJ,YQX,RN010,2026-09-27,2026-08-28,30,9,164,0.5098,ACTUAL
FLIGHT,YA273-XKR-XCB-79024756,PUJ,YUL,RN010,2026-07-13,2025-06-08,400,89,199,0.8280,ACTUAL
FLIGHT,GZ479-SHD-RIK-75431706,POP,YWG,RN010,2026-08-15,2026-03-18,150,158,158,0.1488,ACTUAL
FLIGHT,GZ479-SHD-RIK-75431706,PUJ,YEG,RN010,2026-09-06,2025-06-13,450,114,147,0.2869,FORECAST
FLIGHT,WA404-SEF-FIB-66606406,PUJ,YQX,RN010,2026-09-01,2026-05-04,120,2,184,0.0926,FORECAST
FLIGHT,WA404-SEF-FIB-66606406,PUJ,YUL,RN010,2026-08-20,2026-08-13,7,91,172,0.4038,FORECAST
FLIGHT,LQ780-OOM-OOV-58313129,POP,YXU,RN010,2026-09-19,2026-07-21,60,109,185,0.0000,TARGET
FLIGHT,DT244-DRT-FHI-82224715,POP,YQB,RN010,2026-09-02,2026-08-12,21,163,172,0.2067,FORECAST
FLIGHT,TN902-DHQ-NRM-11839497,POP,YXE,RN010,2026-09-28,2026-04-01,180,85,204,0.0870,TARGET
FLIGHT,NC654-HQJ-IDU-26326237,PUJ,YQR,RN010,2026-07-03,2025-12-15,200,78,180,0.7954,FORECAST
FLIGHT,JS517-NJF-JYS-32738488,PUJ,YBG,RN010,2026-09-06,2026-08-16,21,40,200,0.9358,TARGET
FLIGHT,ZP610-BVK-TIR-27069087,PUJ,YHM,RN010,2026-08-28,2026-08-07,21,30,187,0.5768,FORECAST
FLIGHT,KG7074-VPD-GCI-39692619,POP,YXU,DK2293,2026-07-13,2026-05-29,45,156,191,0.1094,TARGET
FLIGHT,XX8139-WUY-XKD-90477186,PUJ,YXE,DK2293,2026-09-20,2026-04-23,150,53,201,0.7966,ACTUAL
FLIGHT,KS4830-PIC-GSS-14542289,PUJ,PUJ,DK2293,2026-08-02,2026-04-04,120,30,207,0.8925,TARGET
FLIGHT,KS4830-PIC-GSS-14542289,POP,YYZ,DK2293,2026-07-06,2026-05-07,60,17,203,0.1993,FORECAST
FLIGHT,QS2166-XEW-ZXE-41656738,POP,YXS,DK2293,2026-07-06,2026-07-06,0,0,202,0.3395,ACTUAL
FLIGHT,VV6805-NCA-MFD-75626923,PUJ,YHZ,DK2293,2026-08-24,2026-08-21,3,130,173,0.5948,ACTUAL
FLIGHT,AZ0843-QIR-LDL-96981322,POP,YHM,DK2293,2026-09-19,2026-08-05,45,23,166,0.6240,FORECAST
FLIGHT,IH8051-KQS-KYV-27783404,POP,YKF,DK2293,2026-07-21,2025-11-13,250,6,201,0.4617,ACTUAL
FLIGHT,MR0226-HIP-DIV-11363177,POP,EWR,DK2293,2026-07-17,2026-01-18,180,109,188,0.2715,TARGET
FLIGHT,OA0018-ZQS-IOW-57862180,POP,YVR,DK2293,2026-09-16,2026-02-28,200,51,176,0.7167,FORECAST
FLIGHT,OA0018-ZQS-IOW-57862180,PUJ,YDF,DK2293,2026-07-03,2026-01-04,180,23,198,0.0000,FORECAST
FLIGHT,BJ3788-ZCZ-VZK-81410882,PUJ,YQX,DK2293,2026-07-16,2025-03-03,500,144,182,0.1468,ACTUAL
FLIGHT,BJ3788-ZCZ-VZK-81410882,PUJ,YKF,DK2293,2026-07-05,2025-04-11,450,164,179,0.2764,TARGET
FLIGHT,MT325-XPF-MBJ-49092522,POP,YQX,LL083,2026-07-18,2026-06-03,45,14,182,0.8586,ACTUAL
FLIGHT,WV957-MPM-AFY-44011432,PUJ,YOW,LL083,2026-08-16,2025-12-09,250,16,131,0.2997,FORECAST
FLIGHT,EU7806-UEX-XAT-22751589,POP,YXU,GX0086,2026-08-15,2026-08-15,0,101,184,0.0549,TARGET
FLIGHT,DB9996-IZC-FIS-56881911,PUJ,PUJ,GX0086,2026-08-01,2025-03-19,500,119,191,0.3948,FORECAST
FLIGHT,JB4963-XNK-ZXA-88290311,POP,PUJ,GX0086,2026-08-16,2025-10-20,300,91,104,0.1419,ACTUAL
FLIGHT,RN0909-UDM-MMN-50856245,POP,YQB,GX0086,2026-09-08,2026-02-20,200,114,182,0.2299,ACTUAL
FLIGHT,QP8917-MGT-AET-64082184,PUJ,YXS,QS2044,2026-08-04,2025-05-11,450,105,177,0.1016,TARGET
FLIGHT,DL8849-BYE-QSD-04110979,POP,YHM,QS2044,2026-07-24,2026-01-05,200,144,163,0.1898,ACTUAL
FLIGHT,VZ2936-FKR-JZB-40933732,POP,YQT,QS2044,2026-07-25,2026-04-26,90,56,192,0.3273,TARGET
FLIGHT,VQ6202-WVM-GYY-69580004,POP,YHZ,QS2044,2026-07-15,2026-06-15,30,0,177,0.3279,ACTUAL
FLIGHT,VQ6202-WVM-GYY-69580004,POP,YOW,QS2044,2026-09-14,2025-06-21,450,64,177,0.0509,ACTUAL
FLIGHT,PJ1451-QPG-MLD-58543459,POP,YYZ,QS2044,2026-09-30,2026-06-02,120,177,186,0.7528,TARGET
FLIGHT,RU7353-UTI-DDO-37178458,POP,YOW,QS2044,2026-07-13,2025-07-28,350,78,176,0.1777,ACTUAL
FLIGHT,JY7726-OSL-BGK-58890533,PUJ,YQX,QS2044,2026-08-27,2026-06-28,60,163,163,0.6412,FORECAST
FLIGHT,VE5264-AKC-PTK-89219175,PUJ,YLW,QS2044,2026-07-18,2025-06-13,400,49,166,0.8740,ACTUAL
FLIGHT,BO2032-WYE-KZY-85728285,PUJ,POP,QS2044,2026-09-04,2025-07-31,400,125,184,0.4076,FORECAST
FLIGHT,BO2032-WYE-KZY-85728285,PUJ,YXE,QS2044,2026-08-04,2026-05-06,90,24,192,0.5379,ACTUAL
FLIGHT,OY5094-EWD-MWS-21776797,POP,YVR,QS2044,2026-07-22,2026-07-19,3,150,187,0.1499,ACTUAL
FLIGHT,JW1439-QIA-DAJ-88074488,POP,YBG,QS2044,2026-07-26,2026-02-26,150,165,165,0.8960,ACTUAL
FLIGHT,JW1439-QIA-DAJ-88074488,POP,YUL,QS2044,2026-09-29,2026-01-22,250,49,181,0.7817,TARGET
FLIGHT,GQ8698-JOK-SKC-86561403,POP,YQT,QS2044,2026-09-21,2026-07-08,75,0,171,0.1438,FORECAST
FLIGHT,YK4406-AAK-GFL-89748697,PUJ,YKF,QS2044,2026-09-07,2025-11-11,300,87,187,0.2199,TARGET
FLIGHT,YK4406-AAK-GFL-89748697,PUJ,YXS,QS2044,2026-09-03,2026-08-31,3,12,175,0.3347,FORECAST
FLIGHT,UO0834-LPG-AOD-10252965,PUJ,YYT,QS2044,2026-09-27,2026-04-30,150,161,180,0.7876,ACTUAL
FLIGHT,UO0834-LPG-AOD-10252965,PUJ,YHZ,QS2044,2026-08-08,2026-01-20,200,39,194,0.4383,TARGET
FLIGHT,OV3873-VGJ-CZO-20504657,POP,YQX,QS2044,2026-08-01,2025-06-27,400,46,191,0.4499,TARGET
FLIGHT,VB8779-RBR-PJK-63473728,PUJ,YYZ,QS2044,2026-08-30,2026-08-30,0,71,150,0.9322,TARGET
FLIGHT,HB0930-NGH-RMU-16022274,PUJ,YOW,QS2044,2026-09-16,2026-02-28,200,80,188,0.8659,FORECAST
FLIGHT,CE1383-BQH-HTG-34622642,POP,YHM,QS2044,2026-07-15,2025-12-27,200,65,178,0.9657,TARGET
